Entity,Code,Year,yield_t_ha,fertilizer_kg_ha,rainfall_mm,temperature_c
Afghanistan,AFG,1961,1.1151,0.14379086,375.6163,11.336086
Afghanistan,AFG,1962,1.079,0.14285715,297.9375,11.144688
Afghanistan,AFG,1963,0.9858,0.14193548,340.40457,12.411133
Afghanistan,AFG,1964,1.0828001,0.14102565,381.36438,10.428821
Afghanistan,AFG,1965,1.0989001,0.14102565,387.3357,11.212724
Afghanistan,AFG,1966,1.0123,0.19144863,298.59158,11.646304
Afghanistan,AFG,1967,1.2245001,1.2748598,417.88486,11.044696
Afghanistan,AFG,1968,1.2875,1.9122896,407.7379,11.058574
Afghanistan,AFG,1969,1.3104001,2.16285,407.81015,11.587025
Afghanistan,AFG,1970,1.1051,2.4650571,284.71423,12.460427
Afghanistan,AFG,1971,0.97620004,2.5949366,245.17657,12.698944
Afghanistan,AFG,1972,1.0069001,3.6801517,493.60233,10.15066
Afghanistan,AFG,1973,1.2796,3.1099873,327.9221,12.019848
Afghanistan,AFG,1974,1.3019,4.285714,364.12756,10.949349
Afghanistan,AFG,1975,1.3164,4.599747,346.62283,11.035695
Afghanistan,AFG,1976,1.3624,5.592415,423.05795,11.653174
Afghanistan,AFG,1977,1.2240001,6.855373,375.40482,12.703983
Afghanistan,AFG,1978,1.2919,6.784956,336.64066,12.202035
Afghanistan,AFG,1979,1.3237001,6.2881165,395.56918,11.81714
Afghanistan,AFG,1980,1.3490001,6.463464,414.62546,12.470295
Afghanistan,AFG,1981,1.3383001,5.7788873,404.09573,12.202553
Afghanistan,AFG,1982,1.3302,6.6729455,499.8618,10.811931
Afghanistan,AFG,1983,1.3556,7.152971,370.81726,11.749176
Afghanistan,AFG,1984,1.3341,9.178255,335.5672,11.643619
Afghanistan,AFG,1985,1.3317,9.22402,314.26273,12.231387
Afghanistan,AFG,1986,1.314,8.505689,389.3832,11.304653
Afghanistan,AFG,1987,1.3598001,9.989886,342.63748,12.629348
Afghanistan,AFG,1988,1.2857,7.045512,374.90253,12.914689
Afghanistan,AFG,1989,1.2376001,7.029077,371.33423,10.890334
Afghanistan,AFG,1990,1.2006,5.62579,389.80063,12.22292
Afghanistan,AFG,1991,1.1604,6.144121,522.0118,11.212434
Afghanistan,AFG,1992,1.0978001,5.790139,483.13354,10.987166
Afghanistan,AFG,1993,1.1329001,5.1124744,352.79886,11.510678
Afghanistan,AFG,1996,1.2044001,0.6538512,365.34705,11.492627
Afghanistan,AFG,1997,1.3488001,0.6506181,418.02246,11.607928
Afghanistan,AFG,1998,1.388,0.90241075,404.2699,12.647053
Afghanistan,AFG,1999,1.2857,0.65333855,347.33704,12.565125
Afghanistan,AFG,2000,0.80630004,0.6507875,219.97485,12.586174
Afghanistan,AFG,2001,1.0067,2.394898,203.18445,13.413867
Afghanistan,AFG,2002,1.6698002,3.1944516,304.83194,13.051083
Afghanistan,AFG,2003,1.4580001,3.4785125,350.294,12.485457
Afghanistan,AFG,2004,1.3348001,4.243859,315.41003,13.23336
Afghanistan,AFG,2005,1.7904001,3.8148623,374.57898,11.971966
Afghanistan,AFG,2006,1.5517,3.1907878,346.97827,13.432529
Afghanistan,AFG,2007,1.9153001,2.1012318,339.21094,12.556858
Afghanistan,AFG,2008,1.4554001,1.8516808,278.27866,12.709591
Afghanistan,AFG,2009,2.0407,1.887848,420.6156,12.346299
Afghanistan,AFG,2010,2.0111,1.7778776,332.74048,13.415829
Afghanistan,AFG,2011,1.6599001,3.8271081,350.08728,13.00089
Afghanistan,AFG,2012,2.0942001,2.3777921,385.41104,11.628624
Afghanistan,AFG,2013,2.1277,4.8827233,332.73666,12.842954
Afghanistan,AFG,2014,2.0966003,10.16613,348.42123,12.295892
Afghanistan,AFG,2015,2.2064,13.324533,396.69043,12.97697
Afghanistan,AFG,2016,2.0433002,13.680165,313.22546,13.773046
Afghanistan,AFG,2017,2.0914,20.452526,324.95364,13.534129
Afghanistan,AFG,2018,2.2532,17.352194,280.10526,13.735833
Afghanistan,AFG,2019,2.1847,10.972522,434.83054,12.955677
Afghanistan,AFG,2020,2.0508,8.714523,406.7682,12.358947
Afghanistan,AFG,2021,2.0991,5.20258,211.1876,13.982914
Afghanistan,AFG,2022,2.1934,5.0674777,319.8052,13.753086
Afghanistan,AFG,2023,2.3030002,6.595335,270.92355,13.836377
Albania,ALB,1961,0.84520006,14.587963,983.6811,12.647876
Albania,ALB,1962,0.94180006,11.926605,1594.8137,12.306057
Albania,ALB,1963,0.98230004,12.045455,1750.4216,11.973962
Albania,ALB,1964,1.0233,14.446953,1422.1813,11.615933
Albania,ALB,1965,1.0373001,17.391304,1247.9419,11.119006
Albania,ALB,1966,1.3186,20.0,1697.6583,11.951024
Albania,ALB,1967,1.4641,31.762295,1151.4725,11.972978
Albania,ALB,1968,1.5537,74.0,1360.6042,12.222341
Albania,ALB,1969,1.6398001,70.588234,1521.3212,12.267203
Albania,ALB,1970,1.6461,84.64491,1625.3536,12.188407
Albania,ALB,1971,1.7536,101.50944,1368.3113,11.904019
Albania,ALB,1972,1.7687,102.96296,1560.9259,12.033193
Albania,ALB,1973,1.843,106.0219,1394.3987,11.845074
Albania,ALB,1974,1.9345001,114.721725,1467.9492,11.938218
Albania,ALB,1975,2.0289001,111.012436,1009.7537,11.928964
Albania,ALB,1976,2.4451003,125.21739,1436.3872,11.423152
Albania,ALB,1977,2.5501003,135.68965,1143.9727,12.56789
Albania,ALB,1978,2.6202002,171.35506,1482.7367,11.489174
Albania,ALB,1979,2.6348002,168.26758,1640.7605,12.102287
Albania,ALB,1980,2.364,160.17094,1536.8488,11.521825
Albania,ALB,1981,2.5006,138.43538,1477.3358,11.727882
Albania,ALB,1982,2.7152002,179.96605,1025.5452,12.425376
Albania,ALB,1983,3.0460002,174.36333,1044.4484,11.814499
Albania,ALB,1984,2.9663002,159.59253,1111.153,12.055123
Albania,ALB,1985,2.9006002,159.76231,1287.6998,12.462451
Albania,ALB,1986,2.9903002,163.49745,1236.4349,12.328958
Albania,ALB,1987,2.9656003,161.01695,1268.4072,12.30799
Albania,ALB,1988,2.8750002,163.55933,1081.6217,12.276585
Albania,ALB,1989,2.9617002,182.98969,1093.4076,11.991474
Albania,ALB,1990,2.7944,176.1658,966.8653,12.653614
Albania,ALB,1991,2.0719,54.15225,1166.1395,11.368241
Albania,ALB,1992,2.1586,40.65744,1007.95886,11.993946
Albania,ALB,1993,2.6850002,31.0052,1104.6389,12.115226
Albania,ALB,1994,2.4609,25.59792,940.75476,13.19838
Albania,ALB,1995,2.8415,19.064125,1412.1289,11.818269
Albania,ALB,1996,2.4509,11.265164,1528.0774,11.933024
Albania,ALB,1997,2.8333,8.99654,979.5695,12.129421
Albania,ALB,1998,2.8721004,43.327557,1272.2245,12.435416
Albania,ALB,1999,2.7981002,18.370884,1320.0922,12.771172
Albania,ALB,2000,3.1751003,32.35294,994.6188,12.5781145
Albania,ALB,2001,3.0308,32.35294,1179.969,12.525435
Albania,ALB,2002,3.2919002,97.58478,1286.1083,12.593183
Albania,ALB,2003,3.1857002,99.31834,1195.5265,12.695193
Albania,ALB,2004,3.4663002,101.30796,1518.797,12.2023
Albania,ALB,2005,3.4621003,112.375465,1505.5068,11.55911
Albania,ALB,2006,3.6026003,85.803085,1110.4503,11.814824
Albania,ALB,2007,3.7284,88.42042,1092.2379,12.910346
Albania,ALB,2008,4.0812,77.31148,1126.1652,12.76408
Albania,ALB,2009,4.3153,90.37931,1534.6018,12.829194
Albania,ALB,2010,4.7618,85.02236,1938.1714,12.7521715
Albania,ALB,2011,4.7507005,97.43408,871.21857,12.611566
Albania,ALB,2012,4.8838,93.0609,1391.6102,13.040414
Albania,ALB,2013,4.9498,88.17047,1419.0454,13.172871
Albania,ALB,2014,4.8926005,88.38694,1417.2703,13.130963
Albania,ALB,2015,4.8738,107.831245,1184.5548,13.215996
Albania,ALB,2016,4.7164,126.13896,1565.3773,13.173314
Albania,ALB,2017,4.813,99.80882,1175.3209,13.11184
Albania,ALB,2018,4.8405004,66.58423,1559.2733,13.702385
Albania,ALB,2019,5.0382004,94.44099,1282.0195,13.521309
Albania,ALB,2020,5.2092004,101.42928,1159.1439,13.342274
Albania,ALB,2021,5.1447005,81.47358,1582.394,13.125356
Albania,ALB,2022,5.2007003,38.40662,1240.5981,13.501842
Albania,ALB,2023,5.1699,66.084305,1461.8156,13.822665
Algeria,DZA,1961,0.34620002,7.5710754,42.23946,22.372713
Algeria,DZA,1962,0.814,8.730159,67.89266,22.09408
Algeria,DZA,1963,0.80380005,8.548388,69.612625,22.226593
Algeria,DZA,1964,0.53020006,8.561644,72.322365,22.000338
Algeria,DZA,1965,0.6063,6.2959857,110.74222,22.230894
Algeria,DZA,1966,0.40390003,8.246263,59.566162,22.744843
Algeria,DZA,1967,0.63140005,8.178067,84.24785,22.355042
Algeria,DZA,1968,0.7052,10.8921995,65.43985,22.71137
Algeria,DZA,1969,0.61490005,11.230547,115.89997,23.057253
Algeria,DZA,1970,0.63750005,17.765684,55.556103,22.931742
Algeria,DZA,1971,0.5878,28.056427,100.06208,22.211716
Algeria,DZA,1972,0.67170006,33.026115,131.33797,22.16963
Algeria,DZA,1973,0.49370003,28.86978,85.82263,22.368063
Algeria,DZA,1974,0.4979,26.130806,72.26362,21.77468
Algeria,DZA,1975,0.84520006,17.96932,79.93574,22.042109
Algeria,DZA,1976,0.6905,23.406656,111.07078,21.634401
Algeria,DZA,1977,0.41090003,20.425406,65.276245,22.893005
Algeria,DZA,1978,0.5861,25.842571,58.536934,22.609262
Algeria,DZA,1979,0.5615,24.8104,88.61603,22.687853
Algeria,DZA,1980,0.76040006,34.283638,90.29178,22.695986
Algeria,DZA,1981,0.64620006,24.124908,52.109463,22.96631
Algeria,DZA,1982,0.59330004,19.087196,88.22629,22.440058
Algeria,DZA,1983,0.5795,23.49818,35.039722,23.086906
Algeria,DZA,1984,0.54740006,29.491684,62.85148,22.33085
Algeria,DZA,1985,0.9125,40.612446,75.44889,22.95783
Algeria,DZA,1986,0.83720005,38.992393,81.62082,22.64824
Algeria,DZA,1987,0.75990003,34.120808,59.1415,23.794449
Algeria,DZA,1988,0.5741,20.630898,72.70337,23.379896
Algeria,DZA,1989,0.76040006,16.411839,57.851498,23.278997
Algeria,DZA,1990,0.68770003,17.93532,82.725784,23.453072
Algeria,DZA,1991,1.1146001,12.603306,78.73807,22.424795
Algeria,DZA,1992,0.9433,12.800846,68.25461,22.167818
Algeria,DZA,1993,0.74170005,17.376875,56.390423,22.982628
Algeria,DZA,1994,0.7494001,15.955597,79.09136,23.131502
Algeria,DZA,1995,0.8295,6.1710334,66.04173,23.264818
Algeria,DZA,1996,1.3378001,5.05252,87.57355,23.266672
Algeria,DZA,1997,0.7798,12.679739,67.35085,23.345877
Algeria,DZA,1998,0.8463,14.097376,53.86391,23.445509
Algeria,DZA,1999,1.0699,12.120422,74.240456,23.767609
Algeria,DZA,2000,0.8833,12.046463,40.60009,23.328407
Algeria,DZA,2001,1.1069001,13.886325,44.693207,24.137934
Algeria,DZA,2002,1.0586001,9.64158,56.14827,23.850561
Algeria,DZA,2003,1.4703001,6.0011725,86.49304,23.816801
Algeria,DZA,2004,1.3441,25.095156,86.66942,23.477203
Algeria,DZA,2005,1.5008001,7.429903,66.49743,23.86366
Algeria,DZA,2006,1.5037,13.2626505,82.4783,23.813568
Algeria,DZA,2007,1.2535001,14.961575,64.32391,23.710405
Algeria,DZA,2008,1.034,8.576713,77.30029,23.608078
Algeria,DZA,2009,1.6539001,14.279995,87.21048,23.754852
Algeria,DZA,2010,1.4743001,15.795788,64.77627,24.952438
Algeria,DZA,2011,1.6433002,15.769128,82.46701,23.750956
Algeria,DZA,2012,1.6776,21.328182,73.921036,23.678339
Algeria,DZA,2013,1.8131001,22.451376,67.78823,23.793
Algeria,DZA,2014,1.3692,25.504057,73.53466,24.271675
Algeria,DZA,2015,1.4002,23.53225,70.86002,23.89274
Algeria,DZA,2016,1.0204,21.028605,62.84064,24.712011
Algeria,DZA,2017,0.99030006,20.841122,57.701984,24.147736
Algeria,DZA,2018,1.9520001,20.758053,89.59452,24.166595
Algeria,DZA,2019,1.7674001,20.674545,71.09156,24.00945
Algeria,DZA,2020,1.5204,20.674545,50.637352,24.726196
Algeria,DZA,2021,1.4337,20.674545,47.64252,25.220116
Algeria,DZA,2022,1.5056001,20.674545,42.709076,24.677261
Algeria,DZA,2023,1.3515,20.674545,41.43739,24.873968
Angola,AGO,1961,0.82800007,0.37453184,1374.2025,21.180752
Angola,AGO,1962,0.83030003,0.37037036,1198.4623,21.250765
Angola,AGO,1963,0.79840004,0.5147059,1257.6635,21.045305
Angola,AGO,1964,0.8758,0.76363635,1085.1896,21.231592
Angola,AGO,1965,0.93200004,1.4440433,1208.9196,21.204908
Angola,AGO,1966,0.82430005,1.8571428,1195.1332,21.740526
Angola,AGO,1967,0.8146,2.3674912,1325.4652,21.094454
Angola,AGO,1968,0.80570006,2.6573427,1148.676,21.197092
Angola,AGO,1969,0.8989001,3.6206896,1335.7281,21.39887
Angola,AGO,1970,0.9113,3.8965516,1138.7148,21.591036
Angola,AGO,1971,0.80570006,8.620689,1065.7479,21.262651
Angola,AGO,1972,0.7803,7.6896553,1124.3585,21.236076
Angola,AGO,1973,0.76400006,7.37931,1014.4578,21.781279
Angola,AGO,1974,0.7126,5.206897,1127.18,20.847834
Angola,AGO,1975,0.77390003,1.4137931,1086.1262,21.126343
Angola,AGO,1976,0.77550006,0.7241379,1295.4318,20.786596
Angola,AGO,1977,0.6031,10.896552,1128.4703,21.586943
Angola,AGO,1978,0.6671,8.103448,1044.6251,21.343878
Angola,AGO,1979,0.50920004,4.724138,1169.9357,21.568464
Angola,AGO,1980,0.6179001,5.793103,888.47595,21.959356
Angola,AGO,1981,0.45110002,4.172414,974.2924,21.760378
Angola,AGO,1982,0.45060003,1.7241379,1105.6456,21.541449
Angola,AGO,1983,0.48460004,2.9655173,1083.6991,22.046165
Angola,AGO,1984,0.46600002,2.4106896,1177.4454,21.725924
Angola,AGO,1985,0.44910002,7.0148277,967.00507,21.607697
Angola,AGO,1986,0.3798,4.137931,1205.6466,21.50899
Angola,AGO,1987,0.38120002,3.5517242,1099.932,22.259748
Angola,AGO,1988,0.33240002,5.4858623,1266.3539,21.911718
Angola,AGO,1989,0.27740002,8.138276,1041.7375,21.830477
Angola,AGO,1990,0.32090002,3.275862,1219.2151,22.027857
Angola,AGO,1991,0.41750002,2.338983,1130.2396,21.858255
Angola,AGO,1992,0.39710003,3.0333333,1095.7433,21.80407
Angola,AGO,1993,0.268,2.6666667,1216.9558,21.810202
Angola,AGO,1994,0.2984,3.3333333,1082.4252,21.887772
Angola,AGO,1995,0.40150002,2.6666667,1115.6083,22.27558
Angola,AGO,1996,0.6531,2.0,1019.3723,22.170174
Angola,AGO,1997,0.56740004,0.6666667,1127.5267,22.04104
Angola,AGO,1998,0.7016,1.1333333,1176.1207,22.63529
Angola,AGO,1999,0.6204001,1.1333333,1231.7241,21.8217
Angola,AGO,2000,0.5644001,0.46666667,1062.7955,21.854975
Angola,AGO,2002,0.62720007,1.6590322,1238.1097,22.064163
Angola,AGO,2003,0.6461,1.7887878,1139.8488,22.212118
Angola,AGO,2004,0.49170002,4.5015154,1152.788,21.872385
Angola,AGO,2005,0.5834001,2.260606,1132.4496,22.432493
Angola,AGO,2006,0.44590002,3.66,1222.4216,21.708687
Angola,AGO,2007,0.4643,3.305,1101.8629,22.083471
Angola,AGO,2008,0.65270007,8.258823,1147.1776,21.978361
Angola,AGO,2009,0.57140005,5.47225,1145.4615,22.249067
Angola,AGO,2010,0.6293,8.229285,1204.3663,22.347769
Angola,AGO,2011,0.66240007,11.9838295,1232.9161,21.864393
Angola,AGO,2012,0.5526,8.87617,1059.0887,22.160536
Angola,AGO,2013,0.81450003,9.3692465,1077.3447,22.388876
Angola,AGO,2014,0.8886,9.0560875,1103.3508,22.41337
Angola,AGO,2015,0.98230004,7.6948295,1091.4387,22.814638
Angola,AGO,2016,0.85230005,6.6358705,1179.3586,22.886465
Angola,AGO,2017,0.80920005,9.785968,1058.1339,22.671326
Angola,AGO,2018,0.9483,7.1222157,1127.7213,22.760984
Angola,AGO,2019,0.96110004,6.6785846,1062.6794,23.264063
Angola,AGO,2020,0.9829001,7.8904495,1213.8004,22.629385
Angola,AGO,2021,0.99300003,5.633134,972.6797,22.568861
Angola,AGO,2022,1.0313001,13.228784,1055.8431,22.300142
Angola,AGO,2023,1.0707,5.9996285,1187.2617,22.796457
Antigua and Barbuda,ATG,2002,1.5625001,13.0,749.26184,26.220467
Antigua and Barbuda,ATG,2003,1.5714,27.25,898.901,26.290068
Antigua and Barbuda,ATG,2004,1.5789001,7.5,1451.1862,26.112627
Antigua and Barbuda,ATG,2005,1.5974001,6.0,1297.6675,26.579659
Antigua and Barbuda,ATG,2006,1.6250001,4.5,1051.3325,26.335634
Antigua and Barbuda,ATG,2007,1.6014001,0.5,955.98126,26.325903
Antigua and Barbuda,ATG,2008,1.6190001,3.5,968.1244,25.884949
Antigua and Barbuda,ATG,2009,1.5902001,13.25,892.93384,26.102188
Antigua and Barbuda,ATG,2010,1.5859001,3.0,1300.6764,26.771605
Antigua and Barbuda,ATG,2011,1.5974001,3.25,1365.6368,26.225286
Antigua and Barbuda,ATG,2012,1.5953001,9.75,1063.036,26.259832
Antigua and Barbuda,ATG,2013,1.5931001,12.25,979.3053,26.134352
Antigua and Barbuda,ATG,2014,1.5830001,8.25,914.90936,26.079597
Antigua and Barbuda,ATG,2015,1.5796001,5.5,697.52313,26.287565
Antigua and Barbuda,ATG,2016,1.8432001,18.25,1043.8137,26.410585
Antigua and Barbuda,ATG,2017,2.0307,5.5,1044.4508,26.290895
Antigua and Barbuda,ATG,2018,2.2339,3.25,765.3036,26.011284
Antigua and Barbuda,ATG,2019,1.9888002,10.25,756.0749,26.305876
Antigua and Barbuda,ATG,2020,1.8811,8.75,929.3432,26.460611
Antigua and Barbuda,ATG,2021,2.0009,8.5,626.03186,26.280718
Antigua and Barbuda,ATG,2022,1.9522,7.25,857.7557,26.170677
Antigua and Barbuda,ATG,2023,1.9405001,0.0,966.12164,26.694235
Argentina,ARG,1961,1.4107,0.8733129,773.921,14.464839
Argentina,ARG,1962,1.6049001,0.6627216,632.20087,14.280749
Argentina,ARG,1963,1.5112001,1.0755103,867.52936,14.222747
Argentina,ARG,1964,1.6954001,1.475,684.3423,13.919244
Argentina,ARG,1965,1.4032,1.9793754,699.2885,14.322663
Argentina,ARG,1966,1.557,2.4328027,756.89764,14.107662
Argentina,ARG,1967,1.6064001,3.0643213,926.60474,14.411485
Argentina,ARG,1968,1.3133001,2.83703,840.5514,14.682166
Argentina,ARG,1969,1.5547,3.3179297,837.70917,14.712117
Argentina,ARG,1970,1.7753001,3.6110027,771.4383,14.599533
Argentina,ARG,1971,1.7835001,3.182137,736.53467,14.118108
Argentina,ARG,1972,1.6095,3.5393143,889.0125,14.2020645
Argentina,ARG,1973,2.0414002,3.4003105,905.5565,14.037815
Argentina,ARG,1974,2.0462,3.0519772,790.78094,14.017509
Argentina,ARG,1975,1.9559001,2.4380383,831.61096,14.218833
Argentina,ARG,1976,1.9072001,3.1469085,809.02814,13.652226
Argentina,ARG,1977,2.1349,2.9739845,825.66394,14.73122
Argentina,ARG,1978,2.4243002,4.2640676,832.4155,14.6529045
Argentina,ARG,1979,2.2522001,5.154416,861.7682,14.436295
Argentina,ARG,1980,1.8741001,4.5565586,848.9574,14.647994
Argentina,ARG,1981,2.4250002,3.784966,840.73517,14.57793
Argentina,ARG,1982,2.4428003,4.165528,869.18634,14.601874
Argentina,ARG,1983,2.3301003,4.603551,832.0623,14.275761
Argentina,ARG,1984,2.5815,6.127498,1028.6696,13.669974
Argentina,ARG,1985,2.4395,6.2555304,955.4524,14.612827
Argentina,ARG,1986,2.5822,5.786745,903.6062,14.6336355
Argentina,ARG,1987,2.3826003,6.397409,858.0703,14.432655
Argentina,ARG,1988,2.5279,6.163007,694.78125,14.245677
Argentina,ARG,1989,2.1294,5.7839065,728.85986,14.888011
Argentina,ARG,1990,2.2508001,6.227658,900.7256,14.515321
Argentina,ARG,1991,2.6720002,6.2706146,956.6408,14.240517
Argentina,ARG,1992,3.0286002,9.26638,955.08905,13.771958
Argentina,ARG,1993,2.8502002,10.929713,840.84906,14.249767
Argentina,ARG,1994,2.8086002,17.11238,823.37427,14.876725
Argentina,ARG,1995,2.8028002,19.358051,687.02277,14.531972
Argentina,ARG,1996,2.7594001,31.42731,827.4467,14.54187
Argentina,ARG,1997,3.3049002,29.633968,915.9222,14.858323
Argentina,ARG,1998,3.6965,28.277119,850.0312,14.614741
Argentina,ARG,1999,3.3774002,29.91065,849.5214,14.326524
Argentina,ARG,2000,3.4475002,31.22225,955.05334,13.845887
Argentina,ARG,2001,3.2107,31.067217,936.0044,14.548152
Argentina,ARG,2002,3.2370002,30.233938,946.4391,14.346806
Argentina,ARG,2003,3.6614,40.24078,749.5623,14.864838
Argentina,ARG,2004,3.6787002,43.856403,734.1446,14.817494
Argentina,ARG,2005,4.1995,35.439133,742.75085,14.473485
Argentina,ARG,2006,3.6997,40.563423,756.07477,15.045753
Argentina,ARG,2007,4.3824,48.521694,778.8111,14.090085
Argentina,ARG,2008,3.9383001,34.844105,683.702,14.989705
Argentina,ARG,2009,3.8171003,22.852364,675.8896,15.08176
Argentina,ARG,2010,4.9807005,39.158016,701.8448,14.485295
Argentina,ARG,2011,4.4898,41.884277,678.87366,14.761898
Argentina,ARG,2012,4.1378,34.640675,767.5073,15.185525
Argentina,ARG,2013,4.7205,36.252346,621.6102,15.062551
Argentina,ARG,2014,4.6173,35.396347,858.9137,14.981773
Argentina,ARG,2015,4.9831004,26.497208,817.439,15.12271
Argentina,ARG,2016,5.105,40.273342,804.3933,14.622075
Argentina,ARG,2017,5.3171005,41.07579,822.9798,15.129823
Argentina,ARG,2018,4.6629,47.059082,735.38544,14.9439745
Argentina,ARG,2019,5.2615004,50.81841,693.6649,15.001052
Argentina,ARG,2020,5.1398,55.262985,578.3959,15.251496
Argentina,ARG,2021,5.4104004,62.149376,606.77686,15.234355
Argentina,ARG,2022,4.8217006,63.30372,538.72076,14.760689
Argentina,ARG,2023,3.9929001,50.188522,618.6116,15.652064
Armenia,ARM,1992,1.8428001,59.101654,865.78406,4.0759115
Armenia,ARM,1993,1.6889001,34.642033,880.93286,4.616782
Armenia,ARM,1994,1.4399,16.091953,927.36945,5.7708325
Armenia,ARM,1995,1.8590001,16.091953,788.5807,6.125824
Armenia,ARM,1996,1.8772,17.777779,788.5557,6.410003
Armenia,ARM,1997,1.3658001,17.582418,840.4066,5.7288647
Armenia,ARM,1998,1.7684001,21.142857,772.7795,7.1075006
Armenia,ARM,1999,1.7765001,13.684444,883.42786,7.0280385
Armenia,ARM,2000,1.383,15.555555,702.6141,6.3945117
Armenia,ARM,2001,1.8787,10.989011,800.16656,7.1181684
Armenia,ARM,2002,2.2047,34.523075,998.8818,6.2729945
Armenia,ARM,2003,1.5671,22.997803,957.2944,5.886046
Armenia,ARM,2004,2.2808,31.650549,862.88885,6.1469765
Armenia,ARM,2005,1.9387001,22.692308,943.5899,6.3956532
Armenia,ARM,2006,1.3239001,127.845,834.9867,6.774544
Armenia,ARM,2007,2.5926,59.32316,980.0577,6.048205
Armenia,ARM,2008,2.4050002,54.151867,812.7363,6.524538
Armenia,ARM,2009,2.2503002,87.99956,1011.41504,6.312895
Armenia,ARM,2010,2.0682,66.05351,933.978,8.514806
Armenia,ARM,2011,2.789,80.95948,953.70953,5.7656827
Armenia,ARM,2012,2.6505,129.40901,883.94934,6.8461895
Armenia,ARM,2013,3.0725002,132.06604,859.045,6.575848
Armenia,ARM,2014,3.1816003,118.68827,848.19006,7.3057237
Armenia,ARM,2015,3.1321003,145.60107,931.4436,7.269284
Armenia,ARM,2016,3.0761003,330.4906,1031.2413,6.4220347
Armenia,ARM,2017,1.9751,202.55382,735.6834,6.6435046
Armenia,ARM,2018,2.6236002,70.536354,931.0014,8.187664
Armenia,ARM,2019,1.6906,60.301258,745.9784,7.3121476
Armenia,ARM,2020,2.0558002,64.84234,831.5177,7.1032505
Armenia,ARM,2021,1.2872,46.310497,761.6481,7.675718
Armenia,ARM,2022,2.1858,42.461544,706.5359,7.408724
Armenia,ARM,2023,2.3692,40.201538,897.96436,8.116077
Australia,AUS,1961,1.0839001,46.64923,317.6044,22.323862
Australia,AUS,1962,1.2173,42.017704,437.7521,22.038721
Australia,AUS,1963,1.2852,48.675148,498.4477,21.786531
Australia,AUS,1964,1.3237001,59.59731,429.28564,21.823069
Australia,AUS,1965,0.98350006,62.68801,385.32327,22.261217
Australia,AUS,1966,1.4416001,60.072723,373.58005,21.557257
Australia,AUS,1967,0.83080006,56.610416,418.95374,21.73857
Australia,AUS,1968,1.3387,53.307613,512.1829,21.38202
Australia,AUS,1969,1.1149001,53.378014,348.6652,21.933594
Australia,AUS,1970,1.2176,52.516006,309.45087,21.896845
Australia,AUS,1971,1.2696,63.349884,426.6612,21.555687
Australia,AUS,1972,0.93310004,76.72365,351.35437,21.98227
Australia,AUS,1973,1.3185,102.76032,572.6378,22.037512
Australia,AUS,1974,1.3936,58.65645,713.66156,20.584202
Australia,AUS,1975,1.414,55.320267,570.2322,21.228804
Australia,AUS,1976,1.3455001,72.51161,499.17566,20.955015
Australia,AUS,1977,0.9875001,72.075325,453.03998,21.645136
Australia,AUS,1978,1.6802,72.82104,504.70853,21.344397
Australia,AUS,1979,1.5102,74.79073,443.9052,22.050299
Australia,AUS,1980,1.0523001,69.50259,411.9969,22.476896
Australia,AUS,1981,1.4015001,66.76824,524.84894,21.975897
Australia,AUS,1982,0.87560004,59.327522,400.80215,21.816086
Australia,AUS,1983,1.6462001,62.02577,505.4971,22.079447
Australia,AUS,1984,1.6093001,57.75882,554.8835,21.377413
Australia,AUS,1985,1.4531001,55.37161,412.62817,21.955
Australia,AUS,1986,1.5219,58.064613,400.56122,21.988586
Australia,AUS,1987,1.4360001,70.89939,469.4546,21.95006
Australia,AUS,1988,1.6294001,77.358734,456.87595,22.466513
Australia,AUS,1989,1.6764001,79.87899,457.7424,21.693398
Australia,AUS,1990,1.7161001,68.917076,417.55386,22.241304
Australia,AUS,1991,1.5909001,74.98326,454.97507,22.329748
Australia,AUS,1992,1.8918002,87.789474,443.111,21.666819
Australia,AUS,1993,1.9823002,88.71276,481.63162,21.976034
Australia,AUS,1994,1.2756001,97.138596,324.84503,22.02974
Australia,AUS,1995,1.8601,111.39164,509.56027,21.740072
Australia,AUS,1996,2.0863001,105.46423,437.56897,22.21434
Australia,AUS,1997,1.9440001,104.92011,510.7246,21.92826
Australia,AUS,1998,1.96,105.79499,538.7993,22.45062
Australia,AUS,1999,2.1045,102.71641,524.8562,21.750826
Australia,AUS,2000,1.9610001,97.31606,656.68506,21.287556
Australia,AUS,2001,2.2199,102.18884,500.8003,21.458199
Australia,AUS,2002,1.1170001,95.46829,296.48978,22.310005
Australia,AUS,2003,2.0685,93.53498,437.69666,22.224907
Australia,AUS,2004,1.7106,94.48305,447.54428,22.07805
Australia,AUS,2005,2.0796,83.932205,354.92398,22.727583
Australia,AUS,2006,1.0885,85.59819,432.42755,22.045454
Australia,AUS,2007,1.2182,89.32765,470.31915,22.272028
Australia,AUS,2008,1.6882,78.095116,429.25052,22.009054
Australia,AUS,2009,1.6865001,60.927948,417.44504,22.494513
Australia,AUS,2010,2.0601,77.038536,624.7383,21.751925
Australia,AUS,2011,2.2076,68.11522,653.0705,21.347992
Australia,AUS,2012,1.9218001,69.42182,433.5665,21.739702
Australia,AUS,2013,2.1943002,72.83574,391.96265,22.897362
Australia,AUS,2014,1.9991001,79.61052,446.68314,22.5949
Australia,AUS,2015,2.098,79.46785,412.42825,22.5064
Australia,AUS,2016,2.6704001,89.0868,484.45767,22.401682
Australia,AUS,2017,2.0435002,89.32499,442.16797,22.474947
Australia,AUS,2018,1.8182,85.87012,367.29327,22.603178
Australia,AUS,2019,1.6658001,84.489975,242.66423,23.126204
Australia,AUS,2020,2.5159001,102.938194,468.10968,22.580719
Australia,AUS,2021,2.8170002,120.12522,476.0161,21.964605
Australia,AUS,2022,3.2778003,106.56955,554.0686,21.874098
Australia,AUS,2023,2.6909,102.688614,435.06738,22.426826
Austria,AUT,1961,2.5208,148.90883,1113.1025,6.376211
Austria,AUT,1962,2.5684,172.62642,1155.6215,4.6157103
Austria,AUT,1963,2.5099,196.86232,1110.2081,4.9961467
Austria,AUT,1964,2.6217,209.09596,1251.7299,5.5017743
Austria,AUT,1965,2.3301003,218.84337,1409.4724,4.7726927
Austria,AUT,1966,2.9406002,134.22215,1452.1564,6.0886807
Austria,AUT,1967,3.2510002,260.3475,1201.5846,5.9314647
Austria,AUT,1968,3.3431003,227.04123,1142.6223,5.5189514
Austria,AUT,1969,3.5557,265.89526,1127.7809,5.318599
Austria,AUT,1970,3.1923,257.1362,1337.0881,5.2069726
Austria,AUT,1971,3.6564,277.21738,998.5829,5.748921
Austria,AUT,1972,3.4026003,260.70654,1235.3896,5.372047
Austria,AUT,1973,3.8555002,273.57266,1186.3953,5.3514996
Austria,AUT,1974,4.0709,223.52444,1279.5306,5.9914546
Austria,AUT,1975,3.7527,207.1231,1200.9767,5.961498
Austria,AUT,1976,4.1739,244.42697,1126.3234,5.5226502
Austria,AUT,1977,4.0962005,246.22302,1108.7925,5.966315
Austria,AUT,1978,4.3942003,253.6018,1103.405,4.9705415
Austria,AUT,1979,3.7292001,264.54367,1334.4637,5.3497596
Austria,AUT,1980,4.5156,265.16928,1280.2411,4.7563777
Austria,AUT,1981,4.1471004,254.87733,1274.2933,5.633701
Austria,AUT,1982,4.7788,231.76677,1158.5198,6.0352597
Austria,AUT,1983,4.7555003,266.67825,1101.7253,6.2916336
Austria,AUT,1984,5.0914,270.10382,1088.957,5.180712
Austria,AUT,1985,5.2694,268.28867,1220.7078,5.0469413
Austria,AUT,1986,4.8249,217.0952,1120.5308,5.448668
Austria,AUT,1987,4.9629,207.6442,1305.063,5.3652077
Austria,AUT,1988,5.5460005,216.18655,1243.342,6.132424
Austria,AUT,1989,5.2897005,187.93695,1144.2079,6.252628
Austria,AUT,1990,5.5773,212.69284,1157.0663,6.192781
Austria,AUT,1991,5.4565,199.79239,1200.351,5.1596613
Austria,AUT,1992,5.1527004,185.93315,1132.3234,6.53676
Austria,AUT,1993,5.0888,184.63707,1148.168,5.987602
Austria,AUT,1994,5.3917003,175.68517,1123.3898,7.50762
Austria,AUT,1995,5.5020003,167.60962,1290.2373,6.161476
Austria,AUT,1996,5.3910003,168.32341,1309.531,5.123708
Austria,AUT,1997,5.9009004,187.31224,1231.8765,6.306686
Austria,AUT,1998,5.6753,175.45442,1267.0883,6.383215
Austria,AUT,1999,5.9269004,165.98502,1341.7551,6.363407
Austria,AUT,2000,5.4039,161.13867,1271.3025,7.1758103
Austria,AUT,2001,5.8562007,157.32805,1231.8984,6.35796
Austria,AUT,2002,5.8310003,162.32635,1339.831,7.3352604
Austria,AUT,2003,5.2554,137.41875,964.65704,6.8506303
Austria,AUT,2004,6.4955,137.51758,1228.8599,6.3492646
Austria,AUT,2005,6.1331005,131.70276,1282.2631,6.035261
Austria,AUT,2006,5.7218,130.27084,1150.1456,6.706274
Austria,AUT,2007,5.8441005,136.03706,1279.4971,7.4369545
Austria,AUT,2008,6.8073,167.18262,1244.941,7.278479
Austria,AUT,2009,6.1495004,86.58057,1363.3025,6.94712
Austria,AUT,2010,5.9031005,99.80643,1306.4232,6.0558295
Austria,AUT,2011,7.0567007,132.73315,1024.2241,7.3066096
Austria,AUT,2012,6.0029,115.41362,1292.8046,7.0876007
Austria,AUT,2013,5.8468,130.9085,1323.1521,6.893419
Austria,AUT,2014,7.0467005,130.87593,1373.5446,8.039076
Austria,AUT,2015,6.1981006,148.72075,1077.1112,7.93127
Austria,AUT,2016,7.2464004,137.795,1339.6599,7.441757
Austria,AUT,2017,6.2606006,141.0312,1245.3923,7.255056
Austria,AUT,2018,6.1458,133.14998,1193.3326,8.131919
Austria,AUT,2019,6.9543,118.50882,1281.8682,8.03531
Austria,AUT,2020,7.3864,137.97128,1297.2804,7.7169356
Austria,AUT,2021,7.1124,128.25932,1247.4596,6.8732657
Austria,AUT,2022,6.8955,97.41836,1197.0205,8.097889
Austria,AUT,2023,7.051,106.41622,1442.5465,8.280238
Azerbaijan,AZE,1992,2.1139,44.001175,669.1452,10.325693
Azerbaijan,AZE,1993,1.6179001,31.4722,665.6708,10.148684
Azerbaijan,AZE,1994,1.6227,22.62706,713.60077,10.993469
Azerbaijan,AZE,1995,1.5070001,22.591671,551.8773,12.246648
Azerbaijan,AZE,1996,1.6084001,9.300762,520.6678,11.926097
Azerbaijan,AZE,1997,1.6694001,13.157895,670.9536,11.621422
Azerbaijan,AZE,1998,1.5811001,8.730729,543.8616,12.589474
Azerbaijan,AZE,1999,2.0800002,7.562058,565.242,12.461189
Azerbaijan,AZE,2000,2.3352,2.245837,601.65314,12.147247
Azerbaijan,AZE,2001,2.6007001,6.4825406,579.71173,12.536789
Azerbaijan,AZE,2002,2.6232002,10.433788,671.1995,11.935387
Azerbaijan,AZE,2003,2.6041002,7.6420994,685.8859,11.38448
Azerbaijan,AZE,2004,2.5888002,11.9747925,644.62537,12.145457
Azerbaijan,AZE,2005,2.5931003,13.36046,581.5598,12.436088
Azerbaijan,AZE,2006,2.5993001,13.338945,563.2766,12.377705
Azerbaijan,AZE,2007,2.6674001,10.637541,617.5636,12.116795
Azerbaijan,AZE,2008,2.7415001,20.937534,606.5375,12.071588
Azerbaijan,AZE,2009,2.6067002,13.41142,670.2466,12.2873335
Azerbaijan,AZE,2010,2.0206,9.9548855,636.52563,13.715838
Azerbaijan,AZE,2011,2.4844,15.574588,726.7818,11.441569
Azerbaijan,AZE,2012,2.6597002,19.07634,625.0131,12.756447
Azerbaijan,AZE,2013,2.6923,19.962603,621.8566,12.436982
Azerbaijan,AZE,2014,2.3436003,31.751883,505.58636,12.886693
Azerbaijan,AZE,2015,3.0836003,50.966095,622.1535,12.7433195
Azerbaijan,AZE,2016,3.0051003,44.214607,733.25146,12.125596
Azerbaijan,AZE,2017,2.9422002,36.673668,515.213,12.433514
Azerbaijan,AZE,2018,3.0137,60.679726,588.89124,13.292149
Azerbaijan,AZE,2019,3.239,73.120705,521.47156,12.930016
Azerbaijan,AZE,2020,3.2273002,73.3095,541.14136,12.6495905
Azerbaijan,AZE,2021,3.2974,22.392532,461.43893,13.154204
Azerbaijan,AZE,2022,3.1629,24.70816,472.89117,13.039872
Azerbaijan,AZE,2023,3.3682,43.844242,596.3102,13.668575
Bahamas,BHS,1966,0.91490006,85.71429,1302.8309,24.786348
Bahamas,BHS,1967,0.93750006,114.28571,717.7985,24.899572
Bahamas,BHS,1968,0.94000006,142.85715,1123.6448,24.6146
Bahamas,BHS,1969,0.98,142.85715,1172.8375,24.851713
Bahamas,BHS,1970,0.98080003,171.42857,753.9642,24.798721
Bahamas,BHS,1971,0.99070007,178.57143,774.56604,24.993248
Bahamas,BHS,1972,0.99100006,207.14285,1043.2737,25.346422
Bahamas,BHS,1973,1.0,242.57143,1059.2368,25.063951
Bahamas,BHS,1974,1.0,195.0,747.8263,24.974417
Bahamas,BHS,1975,1.0099001,163.0,747.3696,25.353643
Bahamas,BHS,1976,1.0212001,222.57143,1026.21,24.840683
Bahamas,BHS,1977,1.0306001,257.14285,1012.862,25.024454
Bahamas,BHS,1978,1.1587,171.42857,1020.909,25.139578
Bahamas,BHS,1979,1.1429001,171.42857,1033.663,25.115265
Bahamas,BHS,1980,1.1413001,171.42857,985.7655,25.16393
Bahamas,BHS,1981,1.1429001,171.42857,795.06647,24.804901
Bahamas,BHS,1982,1.1654,157.14285,764.16583,25.403143
Bahamas,BHS,1983,1.25,171.42857,1212.2975,25.177595
Bahamas,BHS,1984,1.3333001,157.14285,888.2018,24.864824
Bahamas,BHS,1985,1.3443002,71.42857,900.3286,24.958368
Bahamas,BHS,1986,1.3443002,71.42857,763.5574,25.211073
Bahamas,BHS,1987,1.3636,71.42857,1088.6399,25.15139
Bahamas,BHS,1988,1.4000001,71.42857,1050.2626,25.09838
Bahamas,BHS,1989,1.4000001,71.42857,719.29236,25.29944
Bahamas,BHS,1990,1.5000001,14.285714,830.979,25.578249
Bahamas,BHS,1991,1.6667,42.857143,922.53253,25.510437
Bahamas,BHS,1992,1.6667,42.857143,864.8684,25.106262
Bahamas,BHS,1993,1.6,28.571428,920.9031,25.331863
Bahamas,BHS,1994,1.7931001,33.333332,1107.0745,25.649132
Bahamas,BHS,1995,1.7931001,33.333332,974.32495,25.378633
Bahamas,BHS,1996,1.7931001,66.666664,980.3263,24.879293
Bahamas,BHS,1997,1.7400001,50.0,970.23926,25.589102
Bahamas,BHS,1998,1.9842,50.0,764.3457,25.740713
Bahamas,BHS,1999,2.1657,50.0,955.45435,25.19844
Bahamas,BHS,2000,2.4762,42.857143,681.2759,25.062096
Bahamas,BHS,2001,3.0000002,114.28571,911.073,25.278154
Bahamas,BHS,2012,7.3404,155.125,1132.6597,25.29099
Bahamas,BHS,2013,7.4132004,134.5,877.1801,25.55541
Bahamas,BHS,2014,7.5162005,152.375,843.3641,25.791246
Bahamas,BHS,2015,8.3423,188.375,848.0866,26.066778
Bahamas,BHS,2016,7.7095003,272.875,881.17694,25.864195
Bahamas,BHS,2017,7.8207006,328.25,989.24023,25.753222
Bahamas,BHS,2018,7.8628,348.5,936.10516,25.711817
Bahamas,BHS,2019,7.4158,170.625,997.27264,26.142889
Bahamas,BHS,2020,7.2066007,102.375,1097.4209,26.11435
Bahamas,BHS,2021,7.84,102.375,623.9219,25.907099
Bangladesh,BGD,1961,1.6811,2.614759,2000.9572,24.900782
Bangladesh,BGD,1962,1.514,3.1406305,2023.4094,24.912771
Bangladesh,BGD,1963,1.7494001,5.6943636,2597.1282,25.03401
Bangladesh,BGD,1964,1.6918001,5.2083335,2445.4873,25.26078
Bangladesh,BGD,1965,1.6700001,6.1752305,2688.7869,24.764801
Bangladesh,BGD,1966,1.5708001,8.615595,2317.2976,24.991346
Bangladesh,BGD,1967,1.6815001,10.856045,2358.903,24.701424
Bangladesh,BGD,1968,1.7279001,12.232416,2489.1338,24.743958
Bangladesh,BGD,1969,1.7247,14.721907,2080.581,25.040108
Bangladesh,BGD,1970,1.6662,16.204594,2365.5073,24.99748
Bangladesh,BGD,1971,1.5831001,12.922937,2723.7732,24.381323
Bangladesh,BGD,1972,1.5545001,19.93934,1849.4502,25.25871
Bangladesh,BGD,1973,1.7852,19.933523,2660.1257,25.110266
Bangladesh,BGD,1974,1.7084001,14.1398535,2604.2854,24.64588
Bangladesh,BGD,1975,1.8316001,23.557415,2126.0427,24.862074
Bangladesh,BGD,1976,1.769,26.630882,2223.4944,25.083662
Bangladesh,BGD,1977,1.9237001,37.337532,2113.0957,24.788954
Bangladesh,BGD,1978,1.9269001,39.036713,1908.7262,24.752747
Bangladesh,BGD,1979,1.8709002,44.675915,1893.039,25.678001
Bangladesh,BGD,1980,2.0058002,45.684464,1986.829,25.12134
Bangladesh,BGD,1981,1.9375001,43.915688,1906.6934,24.733406
Bangladesh,BGD,1982,1.9979001,50.66773,1640.8961,25.001549
Bangladesh,BGD,1983,2.2056003,59.789635,2644.5444,24.82332
Bangladesh,BGD,1984,2.1346002,63.33707,2247.1401,24.82422
Bangladesh,BGD,1985,2.1485002,59.078014,1862.4915,25.16867
Bangladesh,BGD,1986,2.1466002,67.30226,2254.3965,25.104067
Bangladesh,BGD,1987,2.2021003,76.42523,1934.8162,25.420012
Bangladesh,BGD,1988,2.2358003,81.41638,2452.2444,25.346804
Bangladesh,BGD,1989,2.5003002,94.93939,2092.2842,24.9672
Bangladesh,BGD,1990,2.4906,98.73329,2546.9536,24.942368
Bangladesh,BGD,1991,2.5558002,107.02184,2612.5474,24.995018
Bangladesh,BGD,1992,2.6596003,116.01371,1846.5449,25.037863
Bangladesh,BGD,1993,2.6531003,111.16659,2941.3948,24.82988
Bangladesh,BGD,1994,2.5410001,124.80578,2005.1782,25.192703
Bangladesh,BGD,1995,2.5304,142.1942,2353.1636,25.353018
Bangladesh,BGD,1996,2.6871002,147.24483,2336.5667,25.306486
Bangladesh,BGD,1997,2.6288002,132.205,2300.5947,24.746325
Bangladesh,BGD,1998,2.7079,138.45517,2504.117,25.320002
Bangladesh,BGD,1999,3.1049001,161.88953,2145.7375,25.522598
Bangladesh,BGD,2000,3.3022,158.10754,2380.9724,24.98021
Bangladesh,BGD,2001,3.3526003,174.59027,2287.9595,25.19161
Bangladesh,BGD,2002,3.374,188.63916,2529.2979,25.196161
Bangladesh,BGD,2003,3.4798002,160.26689,2140.1438,25.181135
Bangladesh,BGD,2004,3.4394,170.67137,2598.2327,25.293274
Bangladesh,BGD,2005,3.6636002,192.87263,2131.0464,25.62187
Bangladesh,BGD,2006,3.7105002,188.40817,1868.7489,25.79373
Bangladesh,BGD,2007,3.7831004,179.81,2728.0747,25.265358
Bangladesh,BGD,2008,4.1543,195.06435,2192.1677,25.42491
Bangladesh,BGD,2009,4.1264,184.29053,2037.7048,25.95372
Bangladesh,BGD,2010,4.2626004,208.02432,2197.0115,26.001495
Bangladesh,BGD,2011,4.3671002,249.74692,2231.319,25.243994
Bangladesh,BGD,2012,4.3965,254.30936,1927.4873,25.32653
Bangladesh,BGD,2013,4.4921002,253.28064,1971.6608,25.3004
Bangladesh,BGD,2014,4.5588,278.13223,1704.6545,25.451963
Bangladesh,BGD,2015,4.5882006,297.81094,2464.1143,25.454306
Bangladesh,BGD,2016,4.624,288.28836,2254.4224,25.913836
Bangladesh,BGD,2017,4.6845,302.54272,2636.0166,25.570898
Bangladesh,BGD,2018,4.7785,318.46686,1886.6483,25.34007
Bangladesh,BGD,2019,4.8554,320.44547,1995.7064,25.765463
Bangladesh,BGD,2020,4.8859,325.38657,2204.7134,25.394577
Bangladesh,BGD,2021,4.9644003,395.72015,1985.977,25.842773
Bangladesh,BGD,2022,5.0897,388.94122,1725.2819,25.79856
Bangladesh,BGD,2023,5.3209,391.8881,1943.0603,26.107529
Belarus,BLR,1992,2.7411003,229.28995,695.8556,7.0296955
Belarus,BLR,1993,2.7911003,123.19791,780.37256,5.9741883
Belarus,BLR,1994,2.2683,86.74699,752.8871,6.720157
Belarus,BLR,1995,2.0632,83.92169,702.1808,7.031979
Belarus,BLR,1996,2.1910002,124.7191,662.6812,5.6340795
Belarus,BLR,1997,2.4057,138.46153,775.9332,6.340318
Belarus,BLR,1998,1.8899001,149.50703,927.9997,6.498444
Belarus,BLR,1999,1.5015001,127.95212,646.2925,7.760975
Belarus,BLR,2000,1.9497,131.25714,725.6164,7.9091263
Belarus,BLR,2001,2.0007,131.92154,718.6662,7.116371
Belarus,BLR,2002,2.4778001,135.98647,619.9499,7.712394
Belarus,BLR,2003,2.433,135.62578,682.7491,6.639831
Belarus,BLR,2004,2.9861002,146.9178,758.1847,6.773668
Belarus,BLR,2005,2.8485003,167.70119,699.53326,6.8226624
Belarus,BLR,2006,2.5505002,231.96751,701.3311,6.8744583
Belarus,BLR,2007,2.8809001,218.35477,706.0826,7.8499126
Belarus,BLR,2008,3.5497,237.41843,767.2809,8.069812
Belarus,BLR,2009,3.3679001,281.11472,835.1867,7.151399
Belarus,BLR,2010,2.8083003,270.4607,793.60126,7.0222116
Belarus,BLR,2011,3.2414,303.88858,635.0477,7.547722
Belarus,BLR,2012,3.4791002,271.38608,844.74457,6.8531985
Belarus,BLR,2013,3.0078,256.34296,720.1529,7.587446
Belarus,BLR,2014,3.7205002,215.22456,624.3643,7.806679
Belarus,BLR,2015,3.6902,194.1866,590.8025,8.641
Belarus,BLR,2016,3.2073002,146.61864,790.4143,7.767491
Belarus,BLR,2017,3.3587,142.4463,848.14386,7.6680837
Belarus,BLR,2018,2.7239,156.18575,639.9425,7.9285846
Belarus,BLR,2019,3.0956001,153.88028,643.57544,8.870999
Belarus,BLR,2020,3.5399,180.72827,720.51117,9.10681
Belarus,BLR,2021,3.0028002,169.36024,792.92004,7.307895
Belarus,BLR,2022,3.3682,195.41063,823.5183,7.840279
Belarus,BLR,2023,3.4371002,198.94214,789.9386,8.788589
Belgium,BEL,2002,8.500901,326.22235,1025.932,10.708412
Belgium,BEL,2003,8.530701,339.42157,722.1305,10.517262
Belgium,BEL,2004,9.184901,337.28094,847.9148,10.037159
Belgium,BEL,2005,8.649501,332.3974,788.71344,10.361414
Belgium,BEL,2006,8.373301,325.86935,911.3866,10.701591
Belgium,BEL,2007,8.637701,335.0882,985.3129,10.784698
Belgium,BEL,2008,8.8858,224.48816,939.2252,10.133363
Belgium,BEL,2009,9.71,282.01428,865.90283,10.230494
Belgium,BEL,2010,9.3481,324.94604,912.57733,8.980031
Belgium,BEL,2011,9.009001,317.80606,788.48303,10.911809
Belgium,BEL,2012,8.6663,328.55167,984.51306,9.988657
Belgium,BEL,2013,9.212501,321.3615,862.8831,9.478972
Belgium,BEL,2014,9.435401,304.0306,929.98395,11.247929
Belgium,BEL,2015,9.8422,305.478,829.93854,10.621623
Belgium,BEL,2016,6.9848003,275.05417,929.81903,10.349034
Belgium,BEL,2017,9.0507,269.73566,862.7577,10.717254
Belgium,BEL,2018,7.9831004,266.76117,772.61945,11.18607
Belgium,BEL,2019,8.988501,265.88327,910.44916,10.921481
Belgium,BEL,2020,8.4306,257.64368,855.52954,11.546822
Belgium,BEL,2021,7.9062004,252.75403,1102.3695,10.08679
Belgium,BEL,2022,8.6035,198.2734,857.6764,11.51192
Belgium,BEL,2023,8.485701,191.6623,1098.5778,11.4812155
Belize,BLZ,1961,0.5964001,10.0,1925.2295,24.414728
Belize,BLZ,1962,0.5988,25.5,1697.8853,24.39158
Belize,BLZ,1963,0.6948,28.621622,1405.4017,24.75416
Belize,BLZ,1964,0.6973,7.5135136,1454.5343,25.144339
Belize,BLZ,1965,0.74200004,26.621622,1581.4504,24.61647
Belize,BLZ,1966,0.55090004,31.447369,1736.2764,24.357018
Belize,BLZ,1967,1.0279001,44.736843,1432.2977,24.736038
Belize,BLZ,1968,1.1763,56.05263,1773.8066,24.336462
Belize,BLZ,1969,1.2727,64.92308,1911.583,24.881279
Belize,BLZ,1970,1.6287,84.61539,1580.9493,24.540285
Belize,BLZ,1971,1.5291001,26.375,1578.2844,24.779848
Belize,BLZ,1972,1.4149001,40.35,1760.5386,24.92256
Belize,BLZ,1973,1.8607,63.634148,1628.731,24.87921
Belize,BLZ,1974,1.3132,51.219513,1678.7148,24.451187
Belize,BLZ,1975,1.0547,50.0,1583.9144,24.766373
Belize,BLZ,1976,1.4504001,21.428572,1838.8286,24.161718
Belize,BLZ,1977,1.5922,14.116279,1518.7677,24.587805
Belize,BLZ,1978,1.8519001,37.488373,1782.6306,24.727568
Belize,BLZ,1979,1.7112,36.09302,2008.5636,24.83828
Belize,BLZ,1980,1.9886,42.11111,1805.1133,24.860254
Belize,BLZ,1981,2.0715,31.5,1875.18,24.650497
Belize,BLZ,1982,2.0305002,25.695652,1843.9365,24.977386
Belize,BLZ,1983,1.8652,37.304348,1819.5739,25.228796
Belize,BLZ,1984,1.526,42.891304,1761.7793,24.635286
Belize,BLZ,1985,1.5159001,56.302326,1473.2064,24.856894
Belize,BLZ,1986,1.7530001,85.681816,1572.0154,24.620146
Belize,BLZ,1987,1.7066001,83.36735,1407.5013,25.028177
Belize,BLZ,1988,1.6866001,89.62,1712.2599,25.091644
Belize,BLZ,1989,1.6124,94.23077,1468.7122,24.987694
Belize,BLZ,1990,2.0138001,98.07692,1820.2593,25.072252
Belize,BLZ,1991,2.4851003,96.296295,1433.9958,25.314554
Belize,BLZ,1992,2.2897,103.57143,1559.4471,25.038504
Belize,BLZ,1993,2.1853,106.666664,1706.1716,25.125784
Belize,BLZ,1994,1.8981,76.666664,1212.5358,25.371857
Belize,BLZ,1995,1.9177,80.645164,1575.0065,25.604464
Belize,BLZ,1996,2.5049,52.38095,1663.7563,24.949972
Belize,BLZ,1997,2.3942,75.0,1558.3453,25.622652
Belize,BLZ,1998,2.4585001,88.09375,1709.3021,25.819056
Belize,BLZ,1999,2.8054001,95.234375,1706.1442,24.872477
Belize,BLZ,2000,2.4183002,95.9375,1621.0087,24.75295
Belize,BLZ,2001,3.1000001,72.30769,1451.617,25.074532
Belize,BLZ,2002,2.4489,367.72858,1395.8401,25.477884
Belize,BLZ,2003,2.8518002,382.37143,1355.6624,25.627115
Belize,BLZ,2004,2.3657,78.65714,1401.1515,25.576445
Belize,BLZ,2005,2.8695002,81.0,1535.4528,25.93508
Belize,BLZ,2006,2.6723,89.25714,1840.625,25.42185
Belize,BLZ,2007,2.9395,60.87143,1625.7845,25.591873
Belize,BLZ,2008,2.4272,49.75714,1661.3171,25.327738
Belize,BLZ,2009,2.6865,121.438354,1348.9192,25.900871
Belize,BLZ,2010,3.2234,58.013332,1608.1959,25.683561
Belize,BLZ,2011,3.1555002,234.70667,1602.1228,25.81545
Belize,BLZ,2012,3.4511003,140.07692,1621.914,25.660797
Belize,BLZ,2013,3.6156003,389.1154,1966.5863,25.86796
Belize,BLZ,2014,3.5946002,374.20514,1740.7579,25.695107
Belize,BLZ,2015,2.8978002,382.48865,1657.4463,26.21174
Belize,BLZ,2016,3.1646001,413.27274,1583.0511,26.026833
Belize,BLZ,2017,4.2291,333.43332,1701.5741,25.905441
Belize,BLZ,2018,4.0437,419.9,1561.7057,25.670462
Belize,BLZ,2019,2.9465,449.78262,1149.1761,26.455145
Belize,BLZ,2020,3.5263002,402.60205,1686.3425,26.456217
Belize,BLZ,2021,4.2895,378.14,1328.59,26.282145
Belize,BLZ,2022,4.4762006,126.23,1748.6982,25.980944
Belize,BLZ,2023,3.8574002,337.54,1462.3147,26.619013
Benin,BEN,1961,0.5461,0.6423913,791.07245,26.61747
Benin,BEN,1962,0.48990002,0.6351064,1136.5393,26.46932
Benin,BEN,1963,0.50350004,0.44270834,1067.7383,26.88896
Benin,BEN,1964,0.52930003,0.82653064,843.48035,26.928375
Benin,BEN,1965,0.5515,1.1,1047.9722,26.672483
Benin,BEN,1966,0.53180003,0.7281553,1028.8748,26.847666
Benin,BEN,1967,0.57750005,2.3317757,1209.2681,26.311523
Benin,BEN,1968,0.5738,2.7145455,1375.9385,26.44635
Benin,BEN,1969,0.5568,3.8474576,1229.1901,26.68264
Benin,BEN,1970,0.5771,4.75,1108.5228,26.866709
Benin,BEN,1971,0.53270006,4.24,1165.0106,26.590525
Benin,BEN,1972,0.5558,4.6453123,1131.4276,26.858675
Benin,BEN,1973,0.68770003,3.366154,1082.0454,27.22941
Benin,BEN,1974,0.70790005,3.444361,1033.2662,26.43068
Benin,BEN,1975,0.7393,1.7620438,1069.0143,26.255028
Benin,BEN,1976,0.7246,1.4285715,1210.316,26.180155
Benin,BEN,1977,0.754,0.7692308,922.4576,26.781572
Benin,BEN,1978,0.7411,1.3241379,1247.8887,26.585396
Benin,BEN,1979,0.72090006,0.9047619,1187.7031,26.779665
Benin,BEN,1980,0.71830004,0.5746667,1265.7308,27.354591
Benin,BEN,1981,0.6538,1.8078431,1086.2334,27.184946
Benin,BEN,1982,0.6495,2.0,1104.9224,26.89665
Benin,BEN,1983,0.59990007,3.4615386,863.32874,27.429626
Benin,BEN,1984,0.79910004,4.688535,1047.6333,27.215029
Benin,BEN,1985,0.85580003,7.2746835,1130.4165,27.163858
Benin,BEN,1986,0.83620006,6.8044024,1121.9836,27.065928
Benin,BEN,1987,0.7251,5.918125,1043.0648,27.90534
Benin,BEN,1988,0.83470005,4.2944098,1284.8835,27.429955
Benin,BEN,1989,0.85370004,2.0370371,1149.6154,26.94718
Benin,BEN,1990,0.8479001,6.813003,1061.1222,27.456305
Benin,BEN,1991,0.8786,7.2944446,1317.247,27.066648
Benin,BEN,1992,0.91340005,9.40184,1107.457,26.880365
Benin,BEN,1993,0.91920006,10.447272,1121.7177,27.344137
Benin,BEN,1994,0.95690006,10.032353,1306.9902,27.07855
Benin,BEN,1995,1.0865,20.111732,1118.377,27.330767
Benin,BEN,1996,1.0096,15.733846,1057.8688,27.489298
Benin,BEN,1997,1.1170001,18.55619,1083.8097,27.312479
Benin,BEN,1998,1.0559001,16.758667,1087.7238,27.816551
Benin,BEN,1999,1.1626,24.652174,1303.2114,27.26769
Benin,BEN,2000,1.1021,14.789916,1024.089,27.3321
Benin,BEN,2001,1.0693,12.693877,954.7443,27.47119
Benin,BEN,2002,1.1311,16.366667,1193.5903,27.363167
Benin,BEN,2003,1.1487,0.80226415,1087.3187,27.545105
Benin,BEN,2004,1.146,0.054716982,929.9029,27.4655
Benin,BEN,2005,1.1364001,0.46194422,944.8891,27.793478
Benin,BEN,2006,1.1905,0.0132,1035.5492,27.752619
Benin,BEN,2007,1.286,0.2456,931.9463,27.560358
Benin,BEN,2008,1.1587,0.3204,1015.525,27.379896
Benin,BEN,2009,1.4235001,6.544,1026.6648,27.816061
Benin,BEN,2010,1.2006,9.134,1088.9342,28.075247
Benin,BEN,2011,1.5178001,4.44,842.5703,27.907587
Benin,BEN,2012,1.3732,10.290384,1275.6763,27.515036
Benin,BEN,2013,1.4796001,5.001852,946.9481,27.739847
Benin,BEN,2014,1.4603001,8.086296,1125.8549,27.722427
Benin,BEN,2015,1.3367,0.13333334,1015.2676,27.833382
Benin,BEN,2016,1.4559001,9.949643,1156.8075,28.079704
Benin,BEN,2017,1.4054,0.015366233,989.5128,27.960022
Benin,BEN,2018,1.4285,30.037292,1142.5646,27.714842
Benin,BEN,2019,1.2383001,43.89451,1217.6688,27.93795
Benin,BEN,2020,1.4328002,33.79894,968.5039,27.868416
Benin,BEN,2021,1.4086001,32.687065,848.2647,28.33548
Benin,BEN,2022,1.3615,36.875286,1006.2481,27.63545
Benin,BEN,2023,1.1267,33.171345,988.7,28.299965
Bhutan,BTN,1974,1.4426,0.7217391,3531.8198,7.6224227
Bhutan,BTN,1975,1.4479,0.8695652,2922.0935,7.709133
Bhutan,BTN,1976,1.4389001,0.8333333,2924.0088,7.7533646
Bhutan,BTN,1977,1.4444001,0.8333333,3255.9353,7.65764
Bhutan,BTN,1978,1.4433001,0.8333333,2593.6023,7.472756
Bhutan,BTN,1979,1.4342,0.8,3036.0295,7.8240676
Bhutan,BTN,1980,1.4250001,0.7692308,2625.0918,7.8471923
Bhutan,BTN,1981,1.4577,0.7692308,2439.2517,7.580483
Bhutan,BTN,1982,1.4453001,0.7407407,2931.747,7.435778
Bhutan,BTN,1983,1.429,1.7172414,3153.9658,7.2064834
Bhutan,BTN,1984,1.4423001,1.3103448,3254.9004,7.7989945
Bhutan,BTN,1985,1.3861,0.6896552,3093.8132,7.8711314
Bhutan,BTN,1986,1.3719001,0.6896552,2646.3892,7.601282
Bhutan,BTN,1987,1.1819,0.6849315,3143.7212,8.018508
Bhutan,BTN,1988,1.0197,0.7092199,3653.4382,8.349959
Bhutan,BTN,1989,1.0152,0.7518797,3493.1655,7.5255694
Bhutan,BTN,1990,1.2798,0.7407407,3399.1401,8.111776
Bhutan,BTN,1991,1.0275,0.7407407,3376.9038,7.784542
Bhutan,BTN,1992,1.0636001,0.7407407,2505.2434,7.4128776
Bhutan,BTN,1993,1.1642,0.7352941,3482.2056,7.9620876
Bhutan,BTN,1994,1.2811,0.71428573,2658.0356,7.9231553
Bhutan,BTN,1995,1.3658001,0.6849315,3364.4045,8.010789
Bhutan,BTN,1996,1.4675001,0.66225165,3373.2002,8.066214
Bhutan,BTN,1997,1.5410001,0.6535948,3169.6824,7.029467
Bhutan,BTN,2002,1.549,6.9423075,3221.6626,8.053012
Bhutan,BTN,2003,1.7913002,6.9936304,3249.391,8.057674
Bhutan,BTN,2004,2.9952002,7.398734,3684.462,7.984959
Bhutan,BTN,2005,2.3349,7.556886,2717.285,8.2071295
Bhutan,BTN,2006,2.1997,7.620621,2478.0886,8.590903
Bhutan,BTN,2007,1.9992001,9.009538,3252.9666,8.543131
Bhutan,BTN,2008,2.7415001,11.66,3327.3677,8.335099
Bhutan,BTN,2009,2.1604,23.96,3212.768,8.836518
Bhutan,BTN,2010,2.4691002,10.039762,3851.3804,8.968398
Bhutan,BTN,2011,2.8017,13.053892,3054.2073,8.269813
Bhutan,BTN,2012,2.9442,10.688622,3363.7312,8.142761
Bhutan,BTN,2013,3.2264001,12.155688,2774.4902,8.467019
Bhutan,BTN,2014,3.2549,14.201597,3090.9,8.505224
Bhutan,BTN,2015,3.4758003,14.760479,3145.1782,8.318608
Bhutan,BTN,2016,3.3734,14.08,3304.0693,9.125392
Bhutan,BTN,2017,3.4115002,13.269841,3236.55,9.005477
Bhutan,BTN,2018,3.4165,21.276596,3109.759,8.472794
Bhutan,BTN,2019,3.0821002,14.319149,3291.6,8.480232
Bhutan,BTN,2020,3.4347,18.638744,3925.0186,8.556715
Bhutan,BTN,2021,3.3447,10.257732,3223.035,8.998395
Bhutan,BTN,2022,3.446,10.5482235,3320.2764,8.86204
Bhutan,BTN,2023,3.4615002,9.81,3152.3506,9.026128
Bolivia,BOL,1961,0.95430005,0.61823803,1158.8062,20.454987
Bolivia,BOL,1962,0.94650006,0.6944444,1356.2666,18.964828
Bolivia,BOL,1963,0.9455,0.88190186,1266.2698,19.958536
Bolivia,BOL,1964,0.79510003,1.0812826,1386.977,18.992186
Bolivia,BOL,1965,1.0516,1.0909091,1497.7289,19.187471
Bolivia,BOL,1966,1.0131,1.0608203,1257.0773,19.44799
Bolivia,BOL,1967,1.0956,2.0027623,1538.7318,19.626556
Bolivia,BOL,1968,1.0808,1.2096775,1485.4001,19.268223
Bolivia,BOL,1969,1.0821,1.9070072,1362.4886,20.08482
Bolivia,BOL,1970,1.0564001,0.9878517,1494.5157,19.558416
Bolivia,BOL,1971,1.1031001,2.5769956,1427.2002,18.801111
Bolivia,BOL,1972,1.0879,3.0397797,1346.7969,19.765465
Bolivia,BOL,1973,1.0915,3.157926,1500.6467,19.676153
Bolivia,BOL,1974,1.0814,3.5067213,1647.7268,18.961462
Bolivia,BOL,1975,1.1406001,1.826484,1410.9169,19.236956
Bolivia,BOL,1976,1.2231001,1.60487,1466.3005,19.0267
Bolivia,BOL,1977,1.0383002,1.9588076,1666.4608,19.685976
Bolivia,BOL,1978,1.0741,2.47203,1615.1648,19.766277
Bolivia,BOL,1979,1.1316,1.7041885,1475.4342,19.601732
Bolivia,BOL,1980,1.1166,1.5275347,1644.9147,19.714613
Bolivia,BOL,1981,1.3005,3.4939394,1776.6676,19.495813
Bolivia,BOL,1982,1.2533001,1.3379583,1699.9589,19.683903
Bolivia,BOL,1983,1.0435001,4.089225,1512.0024,19.768476
Bolivia,BOL,1984,1.3077,2.4591496,1627.2355,19.491804
Bolivia,BOL,1985,1.3364,2.8292682,1607.3397,19.536451
Bolivia,BOL,1986,1.2879001,3.252427,1516.1567,19.653528
Bolivia,BOL,1987,1.3329,3.1550725,1526.9241,19.929884
Bolivia,BOL,1988,1.3210001,2.1673076,1575.0383,19.77511
Bolivia,BOL,1989,1.3540001,4.896651,1628.2104,19.613157
Bolivia,BOL,1990,1.3608001,2.4580953,1594.9893,19.625029
Bolivia,BOL,1991,1.3581,3.6739337,1614.3232,19.894602
Bolivia,BOL,1992,1.3997,6.3893023,1684.5979,19.382257
Bolivia,BOL,1993,1.5370001,4.615909,1491.0594,19.742064
Bolivia,BOL,1994,1.4267,4.594043,1530.9955,20.282312
Bolivia,BOL,1995,1.5612,2.6034615,1496.4099,20.149082
Bolivia,BOL,1996,1.6136,3.367658,1459.7953,19.678846
Bolivia,BOL,1997,1.3882,4.371518,1515.0443,20.208393
Bolivia,BOL,1998,1.4948001,1.6993947,1504.1129,20.192465
Bolivia,BOL,1999,1.3665,0.6319218,1373.0908,19.733
Bolivia,BOL,2000,1.6419001,2.3864503,1411.9388,19.720097
Bolivia,BOL,2001,1.7849001,3.66,1475.0072,20.00641
Bolivia,BOL,2002,1.7124001,4.0427275,1310.5991,20.523146
Bolivia,BOL,2003,1.9633001,3.6755834,1358.7338,20.205252
Bolivia,BOL,2004,1.6187,5.064264,1458.1257,20.124565
Bolivia,BOL,2005,1.927,6.4729376,1457.6428,20.202131
Bolivia,BOL,2006,2.1001003,3.9336402,1540.5593,20.39838
Bolivia,BOL,2007,1.7633002,6.0429835,1525.9907,20.267204
Bolivia,BOL,2008,2.0164,4.7916036,1539.9182,20.08936
Bolivia,BOL,2009,2.3460002,5.313911,1550.9082,20.416994
Bolivia,BOL,2010,2.2673001,7.0062423,1279.7405,20.732382
Bolivia,BOL,2011,2.0453002,7.5857205,1491.4163,20.523802
Bolivia,BOL,2012,2.1132,7.449934,1602.1447,20.499733
Bolivia,BOL,2013,1.7179002,9.018739,1506.6787,20.244785
Bolivia,BOL,2014,1.9581001,8.112648,1641.261,20.513966
Bolivia,BOL,2015,2.2802,8.151326,1524.3453,20.933418
Bolivia,BOL,2016,2.1113002,7.021092,1414.2875,20.647768
Bolivia,BOL,2017,1.8456,8.432133,1552.8204,20.689133
Bolivia,BOL,2018,2.3337002,7.196132,1627.9467,20.248934
Bolivia,BOL,2019,2.0301,5.6395764,1462.4097,20.839842
Bolivia,BOL,2020,2.0240002,9.267305,1241.3162,21.083227
Bolivia,BOL,2021,2.523,9.328183,1476.1405,20.473646
Bolivia,BOL,2022,1.7167001,7.5312343,1185.1041,20.415648
Bolivia,BOL,2023,1.9800001,8.548031,1227.2073,21.48454
Bosnia and Herzegovina,BIH,1995,3.5863001,17.647058,1405.217,9.360787
Bosnia and Herzegovina,BIH,1996,3.5368001,10.0,1350.3717,8.773136
Bosnia and Herzegovina,BIH,1997,3.5237002,10.0,1128.6971,9.465338
Bosnia and Herzegovina,BIH,1998,3.4812002,49.473682,1135.1665,9.76192
Bosnia and Herzegovina,BIH,1999,3.7564,44.210526,1395.9076,10.080531
Bosnia and Herzegovina,BIH,2000,2.5502,41.8,980.71106,11.023426
Bosnia and Herzegovina,BIH,2001,3.2017002,32.27723,1421.3765,10.090752
Bosnia and Herzegovina,BIH,2002,3.8282,32.698093,1351.453,10.79832
Bosnia and Herzegovina,BIH,2003,2.5216002,17.656834,1015.271,10.314072
Bosnia and Herzegovina,BIH,2004,4.4335003,58.17899,1420.6741,9.997521
Bosnia and Herzegovina,BIH,2005,4.2533,57.59317,1386.169,9.175414
Bosnia and Herzegovina,BIH,2006,4.2908,42.191822,1145.6661,10.032901
Bosnia and Herzegovina,BIH,2007,3.2232,45.087086,1224.2811,10.958581
Bosnia and Herzegovina,BIH,2008,4.4271,59.18849,1217.5458,11.006194
Bosnia and Herzegovina,BIH,2009,4.5031004,72.785355,1360.9325,10.71746
Bosnia and Herzegovina,BIH,2010,3.8530002,81.52988,1596.2135,10.156586
Bosnia and Herzegovina,BIH,2011,3.7249,103.37811,806.4746,10.606509
Bosnia and Herzegovina,BIH,2012,3.0006003,120.74377,1097.0332,10.85089
Bosnia and Herzegovina,BIH,2013,4.0269003,101.635284,1283.6552,10.84331
Bosnia and Herzegovina,BIH,2014,3.9774,120.03479,1563.9796,11.393559
Bosnia and Herzegovina,BIH,2015,3.8121002,127.887474,1106.6097,10.968262
Bosnia and Herzegovina,BIH,2016,5.1917005,107.90546,1291.1226,10.747972
Bosnia and Herzegovina,BIH,2017,3.7321002,106.4783,1199.5111,10.610118
Bosnia and Herzegovina,BIH,2018,5.4879003,84.76385,1322.538,11.184226
Bosnia and Herzegovina,BIH,2019,5.3547006,60.35862,1278.3286,11.368596
Bosnia and Herzegovina,BIH,2020,6.0507007,82.457146,1099.0121,11.114944
Bosnia and Herzegovina,BIH,2021,4.4221005,62.020832,1266.5726,10.760417
Bosnia and Herzegovina,BIH,2022,6.9229,158.56499,1049.0721,11.637614
Bosnia and Herzegovina,BIH,2023,5.5334,108.3973,1342.9056,11.923348
Botswana,BWA,1961,0.3418,2.781955,505.70914,21.370668
Botswana,BWA,1962,0.33960003,2.7568922,571.28107,21.60736
Botswana,BWA,1963,0.3828,2.7568922,479.3377,20.784132
Botswana,BWA,1964,0.2759,4.010025,316.74228,21.428337
Botswana,BWA,1965,0.3298,5.25,209.62398,21.809937
Botswana,BWA,1966,0.4399,5.3,552.41656,21.525307
Botswana,BWA,1967,0.3169,6.75,536.1858,20.66783
Botswana,BWA,1968,0.26160002,3.75,400.08316,21.349045
Botswana,BWA,1969,0.30960003,3.75,460.53238,21.509092
Botswana,BWA,1970,0.063200004,4.25,383.45538,22.332087
Botswana,BWA,1971,0.448,4.125,405.46655,21.58106
Botswana,BWA,1972,0.94850004,4.36409,484.04562,21.256912
Botswana,BWA,1973,0.27560002,4.7381544,435.60916,21.607489
Botswana,BWA,1974,0.69100004,4.8902745,579.33405,20.113445
Botswana,BWA,1975,0.44620004,5.9850373,453.47067,20.838188
Botswana,BWA,1976,0.64320004,4.987531,492.39633,20.44108
Botswana,BWA,1977,0.41510004,5.236908,589.407,21.336985
Botswana,BWA,1978,0.26870003,5.236908,524.52954,20.766556
Botswana,BWA,1979,0.1323,2.7295284,357.63586,21.646408
Botswana,BWA,1980,0.2372,3.4739454,371.90823,21.28148
Botswana,BWA,1981,0.27520004,3.4739454,500.50916,20.78504
Botswana,BWA,1982,0.2879,4.4444447,430.8852,21.988455
Botswana,BWA,1983,0.2653,3.2098765,408.08093,22.410513
Botswana,BWA,1984,0.1507,2.9629629,313.8612,22.272001
Botswana,BWA,1985,0.2007,1.1081082,386.505,22.106905
Botswana,BWA,1986,0.1985,1.6658477,441.81702,21.929443
Botswana,BWA,1987,0.19070001,2.200489,356.13974,22.77118
Botswana,BWA,1988,0.3756,2.200489,570.7326,21.410345
Botswana,BWA,1989,0.28890002,2.173913,478.4561,21.352228
Botswana,BWA,1990,0.2655,2.142857,387.58572,22.234022
Botswana,BWA,1991,0.3813,3.0,545.19855,21.37441
Botswana,BWA,1992,0.2887,3.6,256.63144,22.72162
Botswana,BWA,1993,0.42430001,2.857143,460.23486,22.240221
Botswana,BWA,1994,0.22380002,2.5316455,357.9019,21.699692
Botswana,BWA,1995,0.4584,6.62029,417.52057,22.78756
Botswana,BWA,1996,0.32340002,9.684058,493.05762,21.510988
Botswana,BWA,1997,0.2768,12.666667,481.29324,21.682734
Botswana,BWA,1998,0.2467,18.469564,416.94473,22.463234
Botswana,BWA,1999,0.22850001,19.166666,405.2372,22.242315
Botswana,BWA,2000,0.2037,13.142858,687.06995,20.96649
Botswana,BWA,2001,0.33820003,23.0,563.7447,21.694456
Botswana,BWA,2009,0.36360002,48.60443,512.22186,21.492798
Botswana,BWA,2010,0.37160003,83.12741,525.04095,22.074638
Botswana,BWA,2011,0.4523,29.679012,531.14386,21.382545
Botswana,BWA,2012,0.36720002,54.835087,376.66745,22.146261
Botswana,BWA,2013,0.21760002,80.51786,394.90277,22.389694
Botswana,BWA,2014,0.30520004,57.843285,609.37726,21.530207
Botswana,BWA,2015,0.4153,66.03236,263.51184,23.172056
Botswana,BWA,2016,0.36150002,46.922188,420.9255,23.088549
Botswana,BWA,2017,0.31660002,33.18182,630.75745,21.77001
Botswana,BWA,2018,0.39620003,58.228043,395.24124,22.618362
Botswana,BWA,2019,0.3843,51.28846,311.39807,23.395973
Botswana,BWA,2020,0.80230004,66.19615,499.25787,22.030418
Botswana,BWA,2021,1.0026001,59.265385,612.2657,21.456343
Botswana,BWA,2022,1.0320001,72.7,467.66168,21.776236
Botswana,BWA,2023,0.87020004,93.07692,328.9203,22.823868
Brazil,BRA,1961,1.3463001,11.42729,1449.379,24.961046
Brazil,BRA,1962,1.3815001,10.600737,1734.9022,24.236343
Brazil,BRA,1963,1.3224001,12.0623,1500.2618,24.887419
Brazil,BRA,1964,1.2564001,9.821185,1790.6449,24.002937
Brazil,BRA,1965,1.4283001,10.832317,1866.2903,24.184072
Brazil,BRA,1966,1.3213001,10.506927,1845.1732,24.18999
Brazil,BRA,1967,1.4022,16.711748,1666.9406,24.244875
Brazil,BRA,1968,1.3505001,22.014818,1645.1698,23.895582
Brazil,BRA,1969,1.3028,22.626036,1436.8447,24.77165
Brazil,BRA,1970,1.4088001,35.521416,1723.81,24.463675
Brazil,BRA,1971,1.2908001,38.280132,1890.6309,23.952879
Brazil,BRA,1972,1.2997,53.34096,1814.0579,24.452177
Brazil,BRA,1973,1.4117,52.972603,1924.248,24.519325
Brazil,BRA,1974,1.4558002,55.804417,1960.239,23.83592
Brazil,BRA,1975,1.3588002,58.473656,1802.7263,23.99167
Brazil,BRA,1976,1.4446,69.13723,1868.9379,24.030891
Brazil,BRA,1977,1.4525001,81.6284,1930.3153,24.352036
Brazil,BRA,1978,1.2101,76.621315,1896.1122,24.188026
Brazil,BRA,1979,1.3013002,79.62141,1860.8085,24.233805
Brazil,BRA,1980,1.5757,88.34604,1810.6476,24.495901
Brazil,BRA,1981,1.6111001,56.7082,1715.693,24.372345
Brazil,BRA,1982,1.5448002,55.088432,1797.605,24.493782
Brazil,BRA,1983,1.6146001,45.252213,1821.34,24.779867
Brazil,BRA,1984,1.6773001,66.856384,1894.9504,24.384748
Brazil,BRA,1985,1.8278002,60.54672,2026.6416,24.154213
Brazil,BRA,1986,1.6647,75.89682,1900.1876,24.33682
Brazil,BRA,1987,1.8821001,76.699356,1739.2122,24.945023
Brazil,BRA,1988,1.8588002,75.21611,1904.0798,24.5605
Brazil,BRA,1989,1.9997001,69.39167,2048.3508,24.235071
Brazil,BRA,1990,1.7551,67.76088,1709.1652,24.647757
Brazil,BRA,1991,1.8507,73.26613,1791.47,24.552994
Brazil,BRA,1992,2.1425002,78.37076,1820.6333,24.503748
Brazil,BRA,1993,2.3546002,101.138664,1774.4241,24.6769
Brazil,BRA,1994,2.285,117.00322,1874.5704,24.696066
Brazil,BRA,1995,2.5131001,98.81587,1849.3021,24.78068
Brazil,BRA,1996,2.4222,116.365326,1900.131,24.550446
Brazil,BRA,1997,2.5218003,133.58418,1792.1486,24.866339
Brazil,BRA,1998,2.5804,132.0969,1724.3749,25.356539
Brazil,BRA,1999,2.732,130.81438,1868.744,24.581001
Brazil,BRA,2000,2.6433,144.51682,1918.2529,24.468048
Brazil,BRA,2001,3.1476002,148.57143,1763.4281,24.788582
Brazil,BRA,2002,2.8448002,164.91132,1713.9707,25.19069
Brazil,BRA,2003,3.3854,188.76335,1708.2885,24.974861
Brazil,BRA,2004,3.1318002,229.81929,1805.6158,24.848555
Brazil,BRA,2005,2.8826003,174.31339,1774.7333,25.171263
Brazil,BRA,2006,3.2105002,184.57802,1810.0073,24.939947
Brazil,BRA,2007,3.5531003,233.14243,1674.5981,25.135178
Brazil,BRA,2008,3.8313003,214.67761,1896.5753,24.786936
Brazil,BRA,2009,3.5321002,148.48639,1963.3665,25.011078
Brazil,BRA,2010,4.0406003,202.79675,1684.8529,25.333456
Brazil,BRA,2011,4.0375004,251.42732,1905.6708,24.892649
Brazil,BRA,2012,4.5845003,230.13248,1639.0797,25.170889
Brazil,BRA,2013,4.8264003,265.56778,1873.0792,25.060377
Brazil,BRA,2014,4.6404,285.06052,1757.6575,25.171837
Brazil,BRA,2015,5.0006003,234.96509,1608.9254,25.683662
Brazil,BRA,2016,4.1817,240.18196,1740.583,25.5642
Brazil,BRA,2017,5.2096004,275.9339,1747.5599,25.381369
Brazil,BRA,2018,4.8065004,293.9913,1798.4026,25.092575
Brazil,BRA,2019,5.3213,296.98364,1668.2883,25.529654
Brazil,BRA,2020,5.2553,365.71313,1665.8544,25.193413
Brazil,BRA,2021,4.479,386.63635,1769.5098,24.974846
Brazil,BRA,2022,4.9075003,363.00217,1697.9008,24.79374
Brazil,BRA,2023,5.3365,344.08588,1427.0691,25.542206
Brunei,BRN,1980,1.3797001,125.0,3182.5845,25.915253
Brunei,BRN,1981,1.3643001,47.0,3272.7937,25.901873
Brunei,BRN,1982,1.4825001,136.25,2462.2212,25.887703
Brunei,BRN,1983,1.5797,53.25,2972.5188,26.18868
Brunei,BRN,1984,1.5571,211.25,3420.1377,25.56344
Brunei,BRN,1985,1.2394,223.75,2906.8625,25.728395
Brunei,BRN,1986,2.1359,315.0,3009.9077,25.769028
Brunei,BRN,1987,1.0630001,100.0,2625.0984,26.169703
Brunei,BRN,1988,2.1685002,175.0,3513.864,26.063295
Brunei,BRN,1989,2.2286003,100.0,2680.8972,25.827314
Brunei,BRN,1990,1.5500001,1050.0,2487.3076,26.186281
Brunei,BRN,1991,0.81250006,1100.0,2958.0244,26.066221
Brunei,BRN,1992,0.7857,1125.0,2548.6187,25.989737
Brunei,BRN,1993,0.8,750.0,2710.97,25.95025
Brunei,BRN,2002,0.8881,168.0,2076.949,26.444193
Brunei,BRN,2003,0.81930006,51.0,2459.9597,26.31368
Brunei,BRN,2004,0.79350007,75.75,2290.3481,26.206514
Brunei,BRN,2005,0.7443,154.25,2333.2402,26.305422
Brunei,BRN,2006,0.79520005,33.0,2623.7412,26.231567
Brunei,BRN,2007,0.90070003,282.75,3524.5527,26.227858
Brunei,BRN,2008,0.82140005,84.5,3781.3193,26.075424
Brunei,BRN,2009,0.77370006,103.0,2811.7253,26.548431
Brunei,BRN,2010,1.0,431.75,3585.9402,26.545326
Brunei,BRN,2011,1.4667001,117.5,3286.2688,26.325346
Brunei,BRN,2012,1.3750001,113.5,3116.1196,26.439276
Brunei,BRN,2013,1.4615,55.75,3020.1228,26.527117
Brunei,BRN,2014,1.6154001,177.25,3114.6824,26.307335
Brunei,BRN,2015,2.3846002,177.25,2902.8042,26.604744
Brunei,BRN,2016,1.7143002,177.25,2732.261,27.014189
Brunei,BRN,2017,1.7692001,177.25,3377.161,26.682707
Brunei,BRN,2018,2.0,177.25,3071.5662,26.755999
Brunei,BRN,2019,2.0909,177.25,2681.0483,26.99488
Brunei,BRN,2020,3.0000002,177.25,3160.126,26.87092
Brunei,BRN,2021,2.7333002,177.25,3369.9229,26.61489
Brunei,BRN,2022,2.3992,177.25,3712.3638,26.47917
Brunei,BRN,2023,2.5647001,177.25,3074.6006,27.01252
Bulgaria,BGR,1961,1.7466,33.803623,722.9261,11.068095
Bulgaria,BGR,1962,1.8220001,36.300194,719.3454,11.02608
Bulgaria,BGR,1963,1.8586,42.282505,829.96674,10.5722475
Bulgaria,BGR,1964,2.137,67.908134,826.6793,10.291982
Bulgaria,BGR,1965,2.2971003,86.56635,702.41614,10.252742
Bulgaria,BGR,1966,2.9306002,114.460396,989.86273,11.532043
Bulgaria,BGR,1967,2.9514,146.42523,747.07025,10.738862
Bulgaria,BGR,1968,2.4394,202.77467,754.2598,11.006466
Bulgaria,BGR,1969,2.8224,166.49158,855.5266,10.292055
Bulgaria,BGR,1970,3.1241002,154.2284,787.75336,10.991142
Bulgaria,BGR,1971,3.1844,153.88577,904.6015,10.538275
Bulgaria,BGR,1972,3.7022002,156.51018,993.17975,10.626494
Bulgaria,BGR,1973,3.4929001,153.61917,884.7415,10.164495
Bulgaria,BGR,1974,3.1842,138.45851,724.76044,10.549399
Bulgaria,BGR,1975,3.4305003,171.61234,855.5418,10.823848
Bulgaria,BGR,1976,3.7418003,166.96802,785.0476,9.858563
Bulgaria,BGR,1977,3.3814,188.37007,726.58264,10.921725
Bulgaria,BGR,1978,3.4980001,187.905,795.51245,10.133584
Bulgaria,BGR,1979,3.7916002,210.48601,903.7979,10.701962
Bulgaria,BGR,1980,3.7050002,216.80167,799.6336,9.949213
Bulgaria,BGR,1981,4.0621004,273.01254,761.03436,10.642034
Bulgaria,BGR,1982,4.6695004,264.69354,776.0981,10.433633
Bulgaria,BGR,1983,3.7172,264.6642,728.08777,10.673878
Bulgaria,BGR,1984,4.4979,246.38823,741.9674,10.51777
Bulgaria,BGR,1985,2.9150002,233.43832,643.5318,10.24541
Bulgaria,BGR,1986,4.0470004,221.52396,715.51605,10.493972
Bulgaria,BGR,1987,3.6947002,208.23529,777.1263,10.272122
Bulgaria,BGR,1988,3.7055001,235.15625,759.81116,10.613404
Bulgaria,BGR,1989,4.4021,209.68088,705.18195,10.992585
Bulgaria,BGR,1990,3.9537,177.6193,612.41724,11.337695
Bulgaria,BGR,1991,3.9908001,122.04529,840.81464,9.978597
Bulgaria,BGR,1992,2.9536002,58.552753,640.93976,10.781402
Bulgaria,BGR,1993,2.5127,50.440315,622.84576,10.599964
Bulgaria,BGR,1994,2.7989001,56.252937,688.12683,12.051669
Bulgaria,BGR,1995,3.0695002,31.015509,867.78735,10.673435
Bulgaria,BGR,1996,1.9086001,45.681656,786.4246,10.255631
Bulgaria,BGR,1997,3.0115001,46.493484,842.33844,10.173942
Bulgaria,BGR,1998,2.6847,47.794117,828.75024,11.038967
Bulgaria,BGR,1999,2.9468002,34.26663,815.1433,11.691628
Bulgaria,BGR,2000,2.4599,42.966534,475.23853,11.855347
Bulgaria,BGR,2001,2.8985002,57.71041,708.2185,11.566142
Bulgaria,BGR,2002,3.1563003,113.7684,876.1147,11.550521
Bulgaria,BGR,2003,2.3713002,147.32741,709.3927,10.844342
Bulgaria,BGR,2004,4.0778003,80.8518,713.5097,11.173215
Bulgaria,BGR,2005,3.387,74.23196,1027.8942,10.68193
Bulgaria,BGR,2006,3.5725002,73.93997,738.5585,11.039982
Bulgaria,BGR,2007,2.5237,102.0094,780.05597,12.26308
Bulgaria,BGR,2008,4.0943003,111.242874,615.7564,11.897021
Bulgaria,BGR,2009,3.413,104.60045,773.29266,11.793506
Bulgaria,BGR,2010,4.031,97.05336,867.314,11.736945
Bulgaria,BGR,2011,4.2512,133.08246,621.94604,10.929801
Bulgaria,BGR,2012,3.6718001,95.86976,712.4186,11.982094
Bulgaria,BGR,2013,4.5610003,109.13826,694.9275,12.110091
Bulgaria,BGR,2014,4.8607006,108.803215,1110.3364,11.879075
Bulgaria,BGR,2015,4.6696005,122.00217,774.25146,12.052513
Bulgaria,BGR,2016,4.8178,138.02861,754.105,12.04166
Bulgaria,BGR,2017,5.4797006,130.631,801.3983,11.647243
Bulgaria,BGR,2018,5.5617003,131.83438,819.5495,12.050346
Bulgaria,BGR,2019,5.7747006,135.8412,672.11896,12.638387
Bulgaria,BGR,2020,4.3734,136.30298,704.39764,12.335101
Bulgaria,BGR,2021,5.9496,126.358574,885.5427,11.667394
Bulgaria,BGR,2022,5.1512003,127.8365,579.6578,12.220043
Bulgaria,BGR,2023,5.2238,128.29474,722.65063,12.954609
Burkina Faso,BFA,1961,0.40850002,0.009666666,537.2651,27.264114
Burkina Faso,BFA,1962,0.47790003,0.036666665,705.40295,27.375578
Burkina Faso,BFA,1963,0.47310004,0.025666667,640.64185,27.77516
Burkina Faso,BFA,1964,0.52250004,0.032333333,648.59326,27.535265
Burkina Faso,BFA,1965,0.48570004,0.033333335,668.7791,27.29637
Burkina Faso,BFA,1966,0.4954,0.033333335,620.5495,27.839842
Burkina Faso,BFA,1967,0.4523,0.033333335,794.5187,27.51401
Burkina Faso,BFA,1968,0.6258,0.06666667,799.16583,27.585688
Burkina Faso,BFA,1969,0.48450002,0.152,771.37274,28.123293
Burkina Faso,BFA,1970,0.5166,0.19066666,682.13605,28.225946
Burkina Faso,BFA,1971,0.44450003,0.29466668,736.0309,27.919004
Burkina Faso,BFA,1972,0.46120003,0.36733332,654.6453,28.175882
Burkina Faso,BFA,1973,0.43660003,0.201,561.11584,28.550642
Burkina Faso,BFA,1974,0.48820004,0.4,618.1964,27.60423
Burkina Faso,BFA,1975,0.5581,0.4,632.35876,27.448542
Burkina Faso,BFA,1976,0.49940002,1.6,715.83167,27.22844
Burkina Faso,BFA,1977,0.5288,2.2883334,597.2446,27.839323
Burkina Faso,BFA,1978,0.57640004,3.2913334,785.7732,28.023233
Burkina Faso,BFA,1979,0.5801,2.4033334,720.9348,27.90699
Burkina Faso,BFA,1980,0.5698,1.436,711.08014,28.585413
Burkina Faso,BFA,1981,0.5766,3.284,715.0978,28.217577
Burkina Faso,BFA,1982,0.5683,3.4763334,621.63153,27.933043
Burkina Faso,BFA,1983,0.5149,4.425667,488.01517,28.639107
Burkina Faso,BFA,1984,0.5899001,3.664946,600.25604,28.479584
Burkina Faso,BFA,1985,0.7088,3.7322464,634.46497,28.221443
Burkina Faso,BFA,1986,0.6995,4.83791,727.749,28.138008
Burkina Faso,BFA,1987,0.6417,5.095735,519.67645,29.009315
Burkina Faso,BFA,1988,0.72690004,4.1643333,751.3605,28.346588
Burkina Faso,BFA,1989,0.6729001,5.485511,686.38477,27.938261
Burkina Faso,BFA,1990,0.60020006,5.4540114,545.8916,28.528334
Burkina Faso,BFA,1991,0.8766,5.162925,626.1754,28.182463
Burkina Faso,BFA,1992,0.8715,5.1630087,672.26294,27.914206
Burkina Faso,BFA,1993,0.9362001,4.93154,540.27985,28.575125
Burkina Faso,BFA,1994,0.7879001,5.166583,747.05304,27.954102
Burkina Faso,BFA,1995,0.8511,5.3898416,632.24756,28.109016
Burkina Faso,BFA,1996,0.91650003,5.197597,561.9322,28.47804
Burkina Faso,BFA,1997,0.7045,8.941692,613.08606,28.23849
Burkina Faso,BFA,1998,0.88900006,10.277737,663.9484,28.60324
Burkina Faso,BFA,1999,0.9129001,8.656994,718.3905,28.091782
Burkina Faso,BFA,2000,0.8564001,6.600938,621.5846,28.281435
Burkina Faso,BFA,2001,0.9678,0.317382,580.1306,28.56069
Burkina Faso,BFA,2002,0.9427,0.3728589,544.3255,28.720648
Burkina Faso,BFA,2003,0.99630004,9.606625,731.6598,28.59446
Burkina Faso,BFA,2004,0.94070005,10.223768,443.436,28.783117
Burkina Faso,BFA,2005,1.1272,12.949116,543.0984,28.95848
Burkina Faso,BFA,2006,1.2039001,10.688653,548.7667,28.718103
Burkina Faso,BFA,2007,0.9361,8.221854,526.0278,28.691725
Burkina Faso,BFA,2008,1.0399001,9.308366,564.98706,28.317862
Burkina Faso,BFA,2009,1.0020001,8.590482,573.9024,29.0171
Burkina Faso,BFA,2010,1.0627,8.842779,725.7649,29.16789
Burkina Faso,BFA,2011,0.9951,9.351775,473.75143,29.07976
Burkina Faso,BFA,2012,1.2030001,12.242438,713.0526,28.613358
Burkina Faso,BFA,2013,1.1565001,14.148813,543.0141,28.878267
Burkina Faso,BFA,2014,1.2258002,13.80793,519.6863,28.952177
Burkina Faso,BFA,2015,1.1689001,13.907913,648.58215,28.838774
Burkina Faso,BFA,2016,1.1368,18.265324,582.59033,29.105095
Burkina Faso,BFA,2017,1.0090001,14.982202,600.13947,28.918108
Burkina Faso,BFA,2018,1.1523001,14.239877,674.8515,28.96181
Burkina Faso,BFA,2019,1.1561,7.602893,645.53973,29.033026
Burkina Faso,BFA,2020,1.2617,13.465343,700.36096,28.985502
Burkina Faso,BFA,2021,1.0957,9.337205,474.56122,29.380882
Burkina Faso,BFA,2022,1.2041,13.2587385,637.71716,28.589361
Burkina Faso,BFA,2023,1.2211001,17.772491,540.1607,29.35991
Burundi,BDI,1966,0.97580004,0.13280213,2160.2754,19.748707
Burundi,BDI,1967,0.9973,0.12690355,2253.7925,19.647303
Burundi,BDI,1968,1.0457,0.125,2470.194,19.547997
Burundi,BDI,1969,1.0666001,0.25604838,2004.9646,19.960974
Burundi,BDI,1970,1.0923,0.59042555,2186.2778,19.899387
Burundi,BDI,1971,1.1107,0.8482239,2236.218,19.33524
Burundi,BDI,1972,1.0248001,0.8995536,2576.0425,19.328035
Burundi,BDI,1973,1.11,0.6247312,2083.853,19.860651
Burundi,BDI,1974,0.97330004,1.0215054,2072.567,19.39017
Burundi,BDI,1975,1.1047,0.8032258,2220.5244,19.289595
Burundi,BDI,1976,1.1048001,0.5679144,2175.7844,19.50648
Burundi,BDI,1977,1.1101,0.8057325,2268.3035,19.970713
Burundi,BDI,1978,1.2342,1.1871657,2271.3142,19.843285
Burundi,BDI,1979,1.1,0.9677419,2101.4453,20.039398
Burundi,BDI,1980,1.0635,1.1827956,1992.0001,20.041725
Burundi,BDI,1981,1.0804001,1.1827956,2183.6567,19.993216
Burundi,BDI,1982,1.0754001,1.3978494,2070.0024,20.154222
Burundi,BDI,1983,1.0940001,2.9752688,1951.3966,20.457582
Burundi,BDI,1984,1.1089001,1.9451613,2056.817,19.829597
Burundi,BDI,1985,1.1525,2.5064516,2273.089,19.79114
Burundi,BDI,1986,1.2135,3.3333333,2379.975,20.00416
Burundi,BDI,1987,1.2282,2.795699,2249.0635,20.697678
Burundi,BDI,1988,1.1943,2.795699,2033.0541,20.29967
Burundi,BDI,1989,1.3690001,5.0537634,2109.6958,19.859682
Burundi,BDI,1990,1.3485,2.2580645,1998.7717,20.294119
Burundi,BDI,1991,1.3689001,2.2580645,2108.1033,20.114641
Burundi,BDI,1992,1.3914001,5.592473,1980.8314,20.205328
Burundi,BDI,1993,1.3941001,4.133333,1789.4999,20.415222
Burundi,BDI,1994,1.2748001,3.3333333,2111.8386,20.143436
Burundi,BDI,1995,1.3319001,3.1914895,1782.2764,20.405844
Burundi,BDI,1996,1.3863001,2.9787233,1776.1724,20.18996
Burundi,BDI,1997,1.434,1.0526316,2114.8142,20.45778
Burundi,BDI,1998,1.2759001,3.805263,1845.1097,20.865908
Burundi,BDI,1999,1.3095001,4.1354165,1627.3671,20.103983
Burundi,BDI,2000,1.2282,3.6458333,1482.3705,20.515886
Burundi,BDI,2001,1.2835001,3.5897436,1895.1385,19.939499
Burundi,BDI,2002,1.3088001,1.3438134,1763.056,20.410257
Burundi,BDI,2003,1.2841,0.3040404,1500.4827,20.666666
Burundi,BDI,2004,1.3281001,1.1116751,1669.2345,20.557243
Burundi,BDI,2005,1.3443002,3.546025,1688.6552,20.913189
Burundi,BDI,2006,1.2770001,3.2044728,1989.0486,20.464632
Burundi,BDI,2007,1.3031,1.8216561,1837.201,20.489384
Burundi,BDI,2008,1.2818002,2.067725,1707.9489,20.287357
Burundi,BDI,2009,1.2969,1.8649789,1858.2661,20.66762
Burundi,BDI,2010,1.2317001,3.6273685,1845.6954,21.054398
Burundi,BDI,2011,1.1538001,5.635,2102.758,20.394062
Burundi,BDI,2012,1.1075001,6.208374,1954.7736,20.460579
Burundi,BDI,2013,1.1784,10.590133,1856.8491,20.685932
Burundi,BDI,2014,1.3324001,12.006475,1862.051,20.809126
Burundi,BDI,2015,1.2039001,9.027978,1886.0895,21.045856
Burundi,BDI,2016,1.4825001,15.241409,1774.0347,21.315275
Burundi,BDI,2017,1.1254001,18.332186,1862.6254,21.075727
Burundi,BDI,2018,1.3228002,24.000841,2079.0742,20.712637
Burundi,BDI,2019,1.1879001,19.921053,2070.1526,21.089554
Burundi,BDI,2020,1.1609001,19.488335,2038.747,21.34037
Burundi,BDI,2021,1.189,19.074017,1902.2561,21.042444
Burundi,BDI,2022,1.2029,39.789455,1896.0355,21.012423
Burundi,BDI,2023,1.1675,38.955296,2142.5645,21.306072
Cambodia,KHM,1961,1.1265,1.760747,1632.3689,26.44693
Cambodia,KHM,1962,0.9178,0.34385964,1733.2205,26.093643
Cambodia,KHM,1963,1.1947,0.47368422,1696.0144,26.0645
Cambodia,KHM,1964,1.1837,0.5344828,1747.5778,26.476143
Cambodia,KHM,1965,1.0639001,0.55172414,1729.9155,26.330656
Cambodia,KHM,1966,1.1061001,0.5689655,1844.9347,26.437119
Cambodia,KHM,1967,1.2199001,1.5161958,1434.2037,26.003504
Cambodia,KHM,1968,1.3972,1.4035088,1395.32,26.497452
Cambodia,KHM,1969,1.2807,2.0363636,1518.8307,26.785574
Cambodia,KHM,1970,1.5898001,1.2862978,1521.0225,26.679373
Cambodia,KHM,1971,1.4455,1.7455555,1755.6063,25.85254
Cambodia,KHM,1972,1.3789,1.2777778,2250.9177,26.45106
Cambodia,KHM,1973,1.2851,1.1111112,1857.1837,26.739075
Cambodia,KHM,1974,1.1463001,0.7567568,1832.3019,26.245504
Cambodia,KHM,1975,1.199,0.054054055,2074.9365,26.176771
Cambodia,KHM,1976,1.1137,0.05263158,1814.7058,26.173624
Cambodia,KHM,1980,1.1798002,4.05,2042.4688,27.114328
Cambodia,KHM,1981,1.1234001,9.5,1897.1932,26.849768
Cambodia,KHM,1982,1.1933001,5.369458,1716.6798,26.643112
Cambodia,KHM,1983,1.2535001,2.3529413,1814.7059,27.086752
Cambodia,KHM,1984,1.2811,0.8333333,1739.0144,26.720606
Cambodia,KHM,1987,1.3142,0.2,1830.3319,27.30583
Cambodia,KHM,1988,1.3552,0.028985508,1835.753,27.07575
Cambodia,KHM,1989,1.4272,0.08141112,1752.7689,26.89605
Cambodia,KHM,1990,1.3621,1.1096076,1810.3473,27.258142
Cambodia,KHM,1991,1.3906001,1.5405406,1720.9519,27.250002
Cambodia,KHM,1992,1.3159001,2.9729729,1572.4829,27.019602
Cambodia,KHM,1993,1.3012,3.9289558,1765.2129,26.646303
Cambodia,KHM,1994,1.4811001,2.8648648,1684.9478,26.942556
Cambodia,KHM,1995,1.7789001,2.6486487,1677.4724,27.153944
Cambodia,KHM,1996,1.8009001,2.108108,1910.3225,26.861692
Cambodia,KHM,1997,1.7614001,5.918919,1723.7849,27.194708
Cambodia,KHM,1998,1.7770001,2.0594594,1718.8845,28.013296
Cambodia,KHM,2002,1.922,6.9372973,1693.5889,27.787788
Cambodia,KHM,2003,2.1606002,5.4837837,1776.3097,27.581968
Cambodia,KHM,2004,2.0248,6.8124323,1522.2784,27.4816
Cambodia,KHM,2005,2.5087001,10.457838,1647.2964,27.443136
Cambodia,KHM,2006,2.5331001,10.31946,1837.4318,27.502113
Cambodia,KHM,2007,2.6773002,10.158379,2023.8275,27.20993
Cambodia,KHM,2008,2.8048003,9.86973,1897.3309,26.948217
Cambodia,KHM,2009,2.9386003,13.253243,1964.4705,27.038607
Cambodia,KHM,2010,3.0157,15.627268,1728.4188,27.984146
Cambodia,KHM,2011,3.0215,20.0875,1861.422,27.20278
Cambodia,KHM,2012,3.1778002,26.884474,1847.3027,27.881567
Cambodia,KHM,2013,3.2134001,24.230806,2008.6267,27.574974
Cambodia,KHM,2014,3.0957,26.93618,1664.4873,27.552801
Cambodia,KHM,2015,3.0888002,29.667437,1479.1082,28.093346
Cambodia,KHM,2016,3.2665002,21.294865,1895.3585,28.119795
Cambodia,KHM,2017,3.4386003,39.775745,1977.6014,27.584509
Cambodia,KHM,2018,3.5078,42.192734,1858.7711,27.74861
Cambodia,KHM,2019,3.4152,42.763252,1566.9137,28.101265
Cambodia,KHM,2020,3.4416003,44.24104,1651.348,27.731825
Cambodia,KHM,2021,3.5656002,49.583755,1828.9294,27.305603
Cambodia,KHM,2022,3.6783001,32.930923,2152.062,27.31578
Cambodia,KHM,2023,3.7554002,51.090015,1934.2399,27.74083
Cameroon,CMR,1961,0.86390007,0.65,1632.4205,23.793459
Cameroon,CMR,1962,0.75750005,0.64356434,1703.5162,23.781267
Cameroon,CMR,1963,0.77540004,1.0392157,1475.0476,24.214525
Cameroon,CMR,1964,0.78190005,1.3398058,1248.3993,24.355377
Cameroon,CMR,1965,0.7686,1.6346154,1343.3431,24.172104
Cameroon,CMR,1966,0.82100004,2.2857144,1443.3721,24.496527
Cameroon,CMR,1967,0.76000005,2.4928303,1985.0663,23.524263
Cameroon,CMR,1968,0.7681,3.2166355,1882.5676,23.648224
Cameroon,CMR,1969,0.83860004,2.6572223,2109.0098,23.841303
Cameroon,CMR,1970,0.79880005,3.750926,1914.5288,23.79925
Cameroon,CMR,1971,0.80480003,2.733945,1888.1274,23.55871
Cameroon,CMR,1972,0.8202,2.2497249,1714.3185,23.875502
Cameroon,CMR,1973,0.77070004,2.9688072,1994.781,24.188581
Cameroon,CMR,1974,0.8819001,3.0825455,2016.0045,23.367693
Cameroon,CMR,1975,1.0576,2.2522523,1894.1921,23.386162
Cameroon,CMR,1976,0.86590004,2.3301785,1947.0168,23.457872
Cameroon,CMR,1977,0.86270005,6.000706,1705.8661,23.950449
Cameroon,CMR,1978,0.8367,6.313176,1887.3042,23.775572
Cameroon,CMR,1979,0.8177,5.5286536,1922.8794,23.845215
Cameroon,CMR,1980,0.8643,5.4186125,2107.5432,23.948858
Cameroon,CMR,1981,0.86500007,5.916413,1948.3031,23.77767
Cameroon,CMR,1982,0.89030004,5.724873,2011.0542,23.750565
Cameroon,CMR,1983,0.89570004,7.219797,1655.387,24.194695
Cameroon,CMR,1984,1.0766001,8.162944,1867.1614,23.903442
Cameroon,CMR,1985,1.1541001,8.307953,2088.8054,23.708399
Cameroon,CMR,1986,1.3815001,7.6559863,1934.1085,23.965822
Cameroon,CMR,1987,1.228,8.397976,1829.9248,24.623274
Cameroon,CMR,1988,1.1659001,6.1742425,2043.5096,24.174583
Cameroon,CMR,1989,1.1184001,4.814815,1725.2408,23.788406
Cameroon,CMR,1990,1.2593001,3.6700337,1912.6586,24.360352
Cameroon,CMR,1991,1.1793001,3.0420167,1825.8213,24.212725
Cameroon,CMR,1992,1.0722001,3.5067115,1879.754,23.867254
Cameroon,CMR,1993,0.95930004,3.742282,1963.7739,24.20815
Cameroon,CMR,1994,0.96870005,5.033557,2093.2117,24.194178
Cameroon,CMR,1995,1.1721001,5.033557,1994.7246,24.290678
Cameroon,CMR,1996,1.3440001,5.704698,1871.6907,24.204134
Cameroon,CMR,1997,1.4003001,6.5755033,1782.6921,24.281288
Cameroon,CMR,1998,1.4132,6.633054,1741.4642,24.959162
Cameroon,CMR,1999,1.8933002,8.307047,2003.8579,24.063332
Cameroon,CMR,2000,1.7635001,7.732215,1799.411,24.00467
Cameroon,CMR,2001,1.7089001,8.80906,1679.9768,24.13617
Cameroon,CMR,2002,1.6827,9.768624,1730.1885,24.3496
Cameroon,CMR,2003,1.6199001,8.155201,1704.7133,24.57666
Cameroon,CMR,2004,1.5632,11.062752,1740.0034,24.534246
Cameroon,CMR,2005,1.6697,7.998994,1590.8184,24.804144
Cameroon,CMR,2006,1.7003001,9.032199,1543.2323,24.691565
Cameroon,CMR,2007,1.6763002,8.622841,1760.7311,24.529718
Cameroon,CMR,2008,1.6785,6.5574374,1636.927,24.42444
Cameroon,CMR,2009,1.7229002,7.002851,1709.5873,24.83348
Cameroon,CMR,2010,1.6487,9.239032,1632.72,25.1211
Cameroon,CMR,2011,1.71,11.035968,1609.703,24.572876
Cameroon,CMR,2012,1.5915,10.335807,1690.0686,24.528627
Cameroon,CMR,2013,1.6764001,10.058226,1731.744,24.68733
Cameroon,CMR,2014,1.6304001,9.621129,1793.232,24.651245
Cameroon,CMR,2015,1.6153002,13.590968,1634.2605,24.799377
Cameroon,CMR,2016,1.5781001,10.903709,1802.8746,25.029242
Cameroon,CMR,2017,1.7112,13.028226,1708.5596,24.978096
Cameroon,CMR,2018,1.8263001,13.385484,1662.9219,24.87079
Cameroon,CMR,2019,1.8495001,13.029516,1908.4283,25.050589
Cameroon,CMR,2020,1.6707001,16.171936,1623.2579,25.168077
Cameroon,CMR,2021,1.7267001,16.833065,1606.4897,25.13183
Cameroon,CMR,2022,1.6939001,12.694033,1566.0087,24.776932
Cameroon,CMR,2023,1.7704002,16.403387,1723.906,25.213415
Canada,CAN,1961,0.9850001,10.969763,639.0365,-4.94692
Canada,CAN,1962,1.5954001,12.390037,653.54443,-4.8269486
Canada,CAN,1963,1.8389001,13.403918,646.4974,-4.580211
Canada,CAN,1964,1.5272,14.900572,658.5264,-5.3163505
Canada,CAN,1965,1.7304001,18.293537,642.5786,-5.4575706
Canada,CAN,1966,1.9727,21.246613,658.31934,-5.0714974
Canada,CAN,1967,1.519,23.139328,627.2976,-5.367199
Canada,CAN,1968,1.7345,18.809101,671.0477,-4.61745
Canada,CAN,1969,1.9592,18.953583,626.2017,-4.326037
Canada,CAN,1970,2.1108003,20.833204,620.2395,-4.971915
Canada,CAN,1971,2.1452,22.803879,638.9364,-4.7786546
Canada,CAN,1972,1.9877001,26.253244,614.79193,-6.7673225
Canada,CAN,1973,1.9513001,31.147041,674.74677,-4.010936
Canada,CAN,1974,1.7267001,31.843634,668.3399,-5.5858407
Canada,CAN,1975,2.0522,33.482693,649.12994,-4.906509
Canada,CAN,1976,2.2758002,34.08975,666.8678,-4.775705
Canada,CAN,1977,2.2659,41.18005,669.22833,-3.8446054
Canada,CAN,1978,2.2674,45.16811,630.9155,-5.3191943
Canada,CAN,1979,2.0327,45.17443,650.62085,-4.942274
Canada,CAN,1980,2.1412,48.10651,664.9655,-4.342841
Canada,CAN,1981,2.3464,47.95209,645.5379,-2.7425067
Canada,CAN,1982,2.4828002,50.60572,642.1323,-5.738543
Canada,CAN,1983,2.2046,57.08429,655.0226,-4.619453
Canada,CAN,1984,2.028,59.954346,666.66565,-4.4640803
Canada,CAN,1985,2.2221003,56.18203,647.6684,-4.7839622
Canada,CAN,1986,2.5704,51.966137,656.1779,-4.7797422
Canada,CAN,1987,2.3966002,53.484566,636.3221,-3.2310894
Canada,CAN,1988,1.7544001,51.37504,671.1446,-4.07615
Canada,CAN,1989,2.1936002,52.297997,615.55023,-4.940269
Canada,CAN,1990,2.6363,50.133003,671.43524,-4.9691224
Canada,CAN,1991,2.5805001,52.594875,661.88464,-4.312026
Canada,CAN,1992,2.4603002,54.794285,635.59503,-4.9119887
Canada,CAN,1993,2.647,57.243023,650.37115,-4.3698416
Canada,CAN,1994,2.5945,58.177082,655.01086,-4.2843623
Canada,CAN,1995,2.6998003,62.46181,652.49567,-4.18845
Canada,CAN,1996,2.8442001,65.66965,684.40326,-4.8266544
Canada,CAN,1997,2.5846002,66.42786,675.57874,-4.171004
Canada,CAN,1998,2.7826002,64.58613,632.0378,-2.5143545
Canada,CAN,1999,3.0878003,65.60242,705.86633,-3.2285092
Canada,CAN,2000,2.8057,59.685852,654.808,-4.0471992
Canada,CAN,2001,2.4468002,60.4209,660.1671,-3.030084
Canada,CAN,2002,2.3754,64.88236,652.1137,-4.271507
Canada,CAN,2003,2.7588003,66.667694,662.876,-3.7182093
Canada,CAN,2004,3.1419,62.113346,677.7787,-4.764981
Canada,CAN,2005,3.2159,70.638176,703.933,-3.1651356
Canada,CAN,2006,3.0463002,53.96828,668.9893,-2.2725153
Canada,CAN,2007,2.9734,78.83549,696.54755,-3.947485
Canada,CAN,2008,3.3917,73.55245,690.86334,-4.1480646
Canada,CAN,2009,3.2995002,71.584335,635.7257,-3.9720433
Canada,CAN,2010,3.5011003,79.656456,675.34827,-1.6897383
Canada,CAN,2011,3.5524,96.893524,680.2552,-3.3942096
Canada,CAN,2012,3.4563003,104.22452,683.7687,-2.9375496
Canada,CAN,2013,4.1604,96.49843,662.69934,-3.9773796
Canada,CAN,2014,3.647,102.15082,676.1638,-4.110524
Canada,CAN,2015,3.673,104.35714,670.49866,-3.5110137
Canada,CAN,2016,4.2391005,99.27329,696.37714,-2.6479042
Canada,CAN,2017,4.1048,101.82035,690.6217,-3.2141187
Canada,CAN,2018,3.9147,111.81184,657.518,-4.2081428
Canada,CAN,2019,4.0108004,106.73256,686.1557,-3.619446
Canada,CAN,2020,4.0919,129.4887,730.59216,-3.5554607
Canada,CAN,2021,3.1198,126.061844,688.2655,-2.753712
Canada,CAN,2022,4.105,117.03959,694.35876,-3.5735824
Canada,CAN,2023,3.8005002,132.84056,626.7044,-1.8058438
Cape Verde,CPV,1973,0.238,1.9473684,197.35437,22.136192
Cape Verde,CPV,1974,0.3143,1.6842105,153.03035,21.736929
Cape Verde,CPV,1975,0.4444,2.631579,198.54333,21.900545
Cape Verde,CPV,1976,0.45450002,2.631579,205.82602,21.783798
Cape Verde,CPV,1977,0.37500003,2.631579,45.66766,22.20903
Cape Verde,CPV,1978,0.3333,2.631579,140.41245,22.399672
Cape Verde,CPV,1979,0.4286,2.2631578,136.2027,22.860338
Cape Verde,CPV,1980,0.5313,3.2631578,238.50034,22.72397
Cape Verde,CPV,1984,0.49360004,1.7631578,114.17404,22.198486
Cape Verde,CPV,1985,0.4009,2.5526316,163.0749,22.320726
Cape Verde,CPV,1986,0.5343,4.105263,163.3118,21.957102
Cape Verde,CPV,1987,0.6072,1.8421053,169.47299,23.094454
Cape Verde,CPV,1997,0.1469,2.3181818,95.43156,23.096458
Cape Verde,CPV,1998,0.14150001,2.590909,108.66737,23.244768
Cape Verde,CPV,1999,1.1620001,4.25,283.68753,22.284937
Cape Verde,CPV,2000,0.79480004,2.9318182,229.9831,22.588434
Cape Verde,CPV,2001,0.6373,5.2826085,131.1798,22.934584
Cape Verde,CPV,2002,0.14850001,1.9787234,108.2706,22.761145
Cape Verde,CPV,2003,0.37920004,3.4893618,175.69041,22.876122
Cape Verde,CPV,2004,0.38520002,2.4583333,164.23999,22.948385
Cape Verde,CPV,2005,0.2432,2.3125,183.52374,23.29184
Cape Verde,CPV,2006,0.21800001,3.8333333,185.5788,23.106337
Cape Verde,CPV,2007,0.1588,3.3541667,126.41403,22.619158
Cape Verde,CPV,2008,0.23380001,2.48,239.30028,22.830515
Cape Verde,CPV,2009,0.23080002,3.12,262.0761,22.567114
Cape Verde,CPV,2010,0.22000001,2.72,329.96313,23.660654
Cape Verde,CPV,2011,0.17780001,2.5,184.76999,23.041224
Cape Verde,CPV,2012,0.19620001,2.52,218.52887,22.68701
Cape Verde,CPV,2013,0.18230002,2.6,290.88232,22.762018
Cape Verde,CPV,2014,0.0343,1.84,129.94846,22.345423
Cape Verde,CPV,2015,0.27650002,3.06,271.14835,22.45444
Cape Verde,CPV,2016,0.178,3.1,307.9881,22.884926
Cape Verde,CPV,2017,0.000100000005,3.92,75.087326,23.062935
Cape Verde,CPV,2018,0.022700002,4.08,123.697914,22.030457
Cape Verde,CPV,2019,0.023200002,3.6,113.81356,22.534859
Cape Verde,CPV,2020,0.015700001,5.46,217.64297,23.16857
Cape Verde,CPV,2021,0.0163,4.04,142.82065,22.808634
Cape Verde,CPV,2022,0.011500001,3.14,171.7507,22.961245
Cape Verde,CPV,2023,0.023000002,3.54,192.64365,23.760862
Central African Republic,CAF,1961,0.44300002,0.1827381,1397.3337,25.379349
Central African Republic,CAF,1962,0.54090005,0.18934911,1508.4385,25.135199
Central African Republic,CAF,1963,0.5439001,0.21764706,1152.2349,25.672369
Central African Republic,CAF,1964,0.6616,0.23391813,1033.7307,26.363426
Central African Republic,CAF,1965,0.79020005,0.4651163,997.37225,25.93558
Central African Republic,CAF,1966,0.80660003,0.63583815,1095.8743,26.387106
Central African Republic,CAF,1967,0.7285,0.74712646,1447.4271,24.992165
Central African Republic,CAF,1968,0.814,0.9142857,1566.9038,25.070946
Central African Republic,CAF,1969,0.78330004,1.0954546,1793.002,25.142885
Central African Republic,CAF,1970,0.7124001,1.2559322,1577.8109,25.278059
Central African Republic,CAF,1971,0.71790004,1.1797752,1505.3164,24.886805
Central African Republic,CAF,1972,0.6962001,1.0128492,1472.456,25.404997
Central African Republic,CAF,1973,0.6828,0.92055553,1530.1136,25.622625
Central African Republic,CAF,1974,0.5026,1.6187845,1639.2013,24.71786
Central African Republic,CAF,1975,0.5335,0.93406594,1564.7568,24.778252
Central African Republic,CAF,1976,0.526,0.87431693,1613.8892,24.860817
Central African Republic,CAF,1977,0.52250004,0.92391306,1420.0292,25.170288
Central African Republic,CAF,1978,0.59540004,0.8648649,1556.3495,25.0432
Central African Republic,CAF,1979,0.49720004,0.05376344,1730.1808,25.069023
Central African Republic,CAF,1980,0.521,0.7775401,1895.036,25.27888
Central African Republic,CAF,1981,0.5696,0.67165774,1675.8782,25.156168
Central African Republic,CAF,1982,0.5593,0.37433156,1650.743,25.006119
Central African Republic,CAF,1983,0.6746,0.24224599,1505.0552,25.5899
Central African Republic,CAF,1984,0.77210003,0.64171124,1536.7673,24.962692
Central African Republic,CAF,1985,1.0769001,1.5508021,1750.1841,24.901999
Central African Republic,CAF,1986,1.1893001,0.3614973,1586.1288,25.250732
Central African Republic,CAF,1987,0.9584001,0.43368983,1549.3634,25.921354
Central African Republic,CAF,1988,1.1123002,0.30855614,1614.2748,25.74608
Central African Republic,CAF,1989,1.0786,0.4106952,1426.8071,25.265192
Central African Republic,CAF,1990,0.80990005,0.5026738,1560.3726,25.97567
Central African Republic,CAF,1991,0.8934001,0.48128343,1561.988,25.539993
Central African Republic,CAF,1992,1.0059,0.5882353,1585.1459,25.004393
Central African Republic,CAF,1993,0.9897001,0.64171124,1502.4614,25.268341
Central African Republic,CAF,1994,0.87640005,0.16042781,1592.5697,25.41072
Central African Republic,CAF,1995,0.86920005,0.16042781,1599.5972,25.497896
Central African Republic,CAF,1996,0.8827,0.16042781,1568.147,25.431374
Central African Republic,CAF,1997,0.94790006,0.16042781,1473.2516,25.41825
Central African Republic,CAF,1998,0.98920006,0.32085562,1398.7396,26.043695
Central African Republic,CAF,1999,1.0068,0.32085562,1488.9517,25.278702
Central African Republic,CAF,2000,0.9933,0.32085562,1329.3185,25.28881
Central African Republic,CAF,2001,1.0326,0.32085562,1220.2792,25.37665
Central African Republic,CAF,2002,1.0483001,0.042245988,1258.3126,25.638914
Central African Republic,CAF,2003,1.0095,0.0,1298.0151,25.889269
Central African Republic,CAF,2004,1.0077001,0.069518715,1234.4791,25.914442
Central African Republic,CAF,2005,1.0182,0.13101605,1273.2921,26.138489
Central African Republic,CAF,2006,0.9897001,0.22887701,1281.49,25.853994
Central African Republic,CAF,2007,0.95120007,0.32299465,1282.1434,25.715261
Central African Republic,CAF,2008,0.94680005,0.21390374,1166.8738,25.562464
Central African Republic,CAF,2009,0.9484001,0.21757771,1216.4302,26.031424
Central African Republic,CAF,2010,0.90770006,0.2944384,1356.8176,26.082373
Central African Republic,CAF,2011,0.96570003,0.445,1119.9854,25.572008
Central African Republic,CAF,2012,0.94200003,0.28166667,1211.1083,25.613138
Central African Republic,CAF,2013,0.91090006,0.14388889,1148.6432,26.053017
Central African Republic,CAF,2014,0.896,0.006111111,1183.762,26.046776
Central African Republic,CAF,2015,0.8841,0.34,1095.1268,26.262426
Central African Republic,CAF,2016,0.8751,0.22444445,1219.0845,26.473627
Central African Republic,CAF,2017,0.8715,0.18666667,1172.8578,26.42839
Central African Republic,CAF,2018,0.86380005,0.18777777,1071.6887,26.22666
Central African Republic,CAF,2019,0.8593,0.23666666,1186.8063,26.5403
Central African Republic,CAF,2020,0.71300006,0.23888889,1070.4125,26.598982
Central African Republic,CAF,2021,0.8072001,0.23888889,962.16376,26.76951
Central African Republic,CAF,2022,0.83000004,0.010555555,1044.9473,26.416193
Central African Republic,CAF,2023,0.87810004,0.04388889,1025.9321,26.717813
Chad,TCD,1961,0.59220004,0.05902658,303.1107,25.200048
Chad,TCD,1962,0.5441,0.04798067,310.1533,25.993301
Chad,TCD,1963,0.7586,0.055919915,254.1113,26.406982
Chad,TCD,1964,0.63540006,0.02657922,212.58134,25.97129
Chad,TCD,1965,0.5466,0.1598205,122.21606,26.422464
Chad,TCD,1966,0.65870005,0.16568865,140.14052,26.579643
Chad,TCD,1967,0.6688,0.3872972,303.99823,25.564188
Chad,TCD,1968,0.6693,0.48325855,273.45163,26.177116
Chad,TCD,1969,0.72730005,0.6089058,379.73856,26.971842
Chad,TCD,1970,0.70570004,0.6586124,351.3454,26.191856
Chad,TCD,1971,0.63490003,0.7704522,294.27484,26.287216
Chad,TCD,1972,0.48260003,0.8508802,291.9756,26.855072
Chad,TCD,1973,0.5127,1.6415548,314.71817,26.836142
Chad,TCD,1974,0.6456,3.05108,401.1846,25.904093
Chad,TCD,1975,0.5788,1.9686353,402.78043,26.054375
Chad,TCD,1976,0.5108,2.6171243,301.74728,26.86612
Chad,TCD,1977,0.5233,2.4426494,365.45157,25.894358
Chad,TCD,1978,0.51540005,2.2271714,372.59985,26.400612
Chad,TCD,1980,0.5466,0.28689831,430.8443,26.527258
Chad,TCD,1981,0.72190005,1.4673046,357.04822,26.015053
Chad,TCD,1982,0.6758,1.7241379,298.05933,26.014723
Chad,TCD,1983,0.5226,1.8530351,236.36136,25.99742
Chad,TCD,1984,0.50380003,2.2385674,245.40018,26.473413
Chad,TCD,1985,0.62420005,2.2683706,391.3636,26.066818
Chad,TCD,1986,0.58400005,1.3207548,278.58725,26.544134
Chad,TCD,1987,0.5543,1.6981132,312.66907,26.608076
Chad,TCD,1988,0.73440003,1.522635,440.0212,26.452318
Chad,TCD,1989,0.54920006,1.524046,316.55136,25.64092
Chad,TCD,1990,0.55920005,1.7720746,262.28116,27.136393
Chad,TCD,1991,0.6186,2.5888019,333.9377,26.717707
Chad,TCD,1992,0.72990006,3.014961,325.53473,25.980118
Chad,TCD,1993,0.50100005,1.558457,266.7363,26.681221
Chad,TCD,1994,0.7465,2.0648968,431.72464,26.153946
Chad,TCD,1995,0.58180004,2.5023391,362.1043,26.603136
Chad,TCD,1996,0.6013,3.5,347.0137,26.735405
Chad,TCD,1997,0.582,2.1805556,318.80045,26.555197
Chad,TCD,1998,0.68520004,4.672222,387.01532,26.98052
Chad,TCD,1999,0.6728,4.861111,423.97488,26.767645
Chad,TCD,2000,0.5313,4.861111,279.45233,26.316309
Chad,TCD,2001,0.63470006,4.7297297,310.64453,26.770685
Chad,TCD,2002,0.67090005,3.1354053,268.89313,26.947641
Chad,TCD,2003,0.8273,2.761842,344.03342,27.120714
Chad,TCD,2004,0.67120004,3.82,264.0969,27.130936
Chad,TCD,2005,0.74990004,2.9323077,346.618,27.497332
Chad,TCD,2006,0.76680005,3.4564102,270.4305,27.39667
Chad,TCD,2007,0.7993,3.3664103,275.36472,27.274168
Chad,TCD,2008,0.77520007,3.6789744,287.511,26.822939
Chad,TCD,2009,0.59830004,3.29875,245.29187,27.847038
Chad,TCD,2010,0.76280004,4.0433335,341.05542,28.15409
Chad,TCD,2011,0.632,4.7281394,258.96753,27.250341
Chad,TCD,2012,0.9348,3.8890324,322.6503,27.35494
Chad,TCD,2013,0.82280004,4.0186,263.71948,27.877695
Chad,TCD,2014,0.8557001,4.098077,271.51077,27.630785
Chad,TCD,2015,0.8019001,4.854231,225.02763,27.453413
Chad,TCD,2016,0.84470004,4.0486794,294.47717,27.785408
Chad,TCD,2017,0.8252001,5.247547,267.14755,27.585085
Chad,TCD,2018,0.89300007,4.84434,313.34714,27.873697
Chad,TCD,2019,0.8863,5.136604,348.64642,27.644114
Chad,TCD,2020,0.8671,5.076226,264.47394,27.55535
Chad,TCD,2021,0.8143,4.7237735,204.6311,27.803436
Chad,TCD,2022,0.84550005,6.526415,266.75272,27.19178
Chad,TCD,2023,0.81930006,6.526415,190.5851,28.3114
Chile,CHL,1961,1.4413002,12.705495,1533.591,8.7983265
Chile,CHL,1962,1.3717,18.438797,1162.7273,8.990788
Chile,CHL,1963,1.5747,22.155706,1426.9313,8.613483
Chile,CHL,1964,1.6773001,22.682974,1267.8247,8.514305
Chile,CHL,1965,1.6919001,23.463978,1550.1963,8.480966
Chile,CHL,1966,1.8974001,29.838503,1268.7802,8.404386
Chile,CHL,1967,1.9516001,26.178457,1363.5396,8.326352
Chile,CHL,1968,1.9455001,26.30053,1321.304,8.751807
Chile,CHL,1969,1.6716001,27.96658,1435.2983,8.673375
Chile,CHL,1970,1.9023001,33.184776,1407.0747,8.506145
Chile,CHL,1971,1.9944001,32.440536,1475.9172,8.057838
Chile,CHL,1972,1.8604001,31.628935,1456.7748,8.512006
Chile,CHL,1973,1.6833001,41.75524,1326.2042,8.4751215
Chile,CHL,1974,1.881,38.243015,1428.3033,8.260607
Chile,CHL,1975,1.7229002,21.810934,1664.2333,8.224296
Chile,CHL,1976,1.4510001,28.058838,1343.3645,8.106473
Chile,CHL,1977,2.13,24.84298,1512.155,9.001695
Chile,CHL,1978,1.7328001,31.785822,1330.0145,9.085613
Chile,CHL,1979,2.1915002,36.053486,1508.5865,9.10375
Chile,CHL,1980,2.0593002,34.60271,1719.7108,8.819973
Chile,CHL,1981,2.1205,30.638628,1548.3491,8.878741
Chile,CHL,1982,2.2036002,30.118715,1566.1003,8.979052
Chile,CHL,1983,2.2615001,39.029194,1467.2847,9.008079
Chile,CHL,1984,2.7041001,51.814964,1533.7515,8.299895
Chile,CHL,1985,2.9491003,59.422764,1525.5206,8.860904
Chile,CHL,1986,3.3553002,77.98628,1667.258,8.5945635
Chile,CHL,1987,3.2226002,90.18205,1548.7916,8.990874
Chile,CHL,1988,3.5316002,95.5541,1331.5596,8.737968
Chile,CHL,1989,3.9147,101.14658,1486.5399,8.82371
Chile,CHL,1990,3.6197002,109.4511,1537.499,8.791786
Chile,CHL,1991,4.0509,113.966484,1504.851,8.614709
Chile,CHL,1992,4.1774,140.98361,1459.637,8.446711
Chile,CHL,1993,4.2460003,167.1007,1548.6323,8.909179
Chile,CHL,1994,4.4893003,167.39894,1505.2689,9.176356
Chile,CHL,1995,4.4725003,191.03773,1398.4696,8.960922
Chile,CHL,1996,4.2643,213.09824,1441.2468,8.848542
Chile,CHL,1997,4.5075,219.47528,1606.2101,9.153533
Chile,CHL,1998,5.052,237.49368,1318.3003,9.598262
Chile,CHL,1999,4.0611005,263.99777,1312.3798,9.019912
Chile,CHL,2000,4.3621,275.42856,1458.6876,8.526406
Chile,CHL,2001,4.9357004,271.3143,1559.2487,8.858943
Chile,CHL,2002,5.1833,195.86728,1602.3212,8.663656
Chile,CHL,2003,5.3900003,240.87267,1531.9741,9.312664
Chile,CHL,2004,5.6575003,284.45532,1479.4165,9.373416
Chile,CHL,2005,5.8112006,256.84482,1488.7238,8.925217
Chile,CHL,2006,5.9983,271.46222,1651.8928,9.333676
Chile,CHL,2007,5.7443,314.36688,1359.6517,8.58437
Chile,CHL,2008,5.8444004,287.71378,1455.3141,9.145246
Chile,CHL,2009,5.4623003,219.14212,1625.2177,9.014768
Chile,CHL,2010,6.8154,285.97067,1487.1378,8.743886
Chile,CHL,2011,6.9278,267.71054,1464.0626,8.963441
Chile,CHL,2012,6.2296004,265.1324,1572.6823,9.2023535
Chile,CHL,2013,6.9132004,278.9907,1446.6311,9.271553
Chile,CHL,2014,6.1284003,288.20343,1553.0685,9.088834
Chile,CHL,2015,7.0823,314.96182,1528.3419,9.477003
Chile,CHL,2016,6.8582006,257.19287,1158.8054,9.781247
Chile,CHL,2017,6.7794003,258.72693,1697.015,9.291391
Chile,CHL,2018,7.1443,267.85376,1526.7557,9.208194
Chile,CHL,2019,7.1572003,269.18814,1424.2925,9.559365
Chile,CHL,2020,6.2458,291.55032,1455.5989,9.541283
Chile,CHL,2021,6.4912004,287.17136,1268.548,9.495732
Chile,CHL,2022,6.1139,220.15422,1387.6569,8.847733
Chile,CHL,2023,6.3823,249.51596,1528.445,9.614678
China,CHN,1961,1.1927,7.0955167,932.4884,6.4776273
China,CHN,1962,1.3231001,9.67351,857.39197,6.155558
China,CHN,1963,1.4907,12.213516,862.6646,6.4356728
China,CHN,1964,1.6227,16.457312,947.3418,6.314219
China,CHN,1965,1.7465001,25.617313,866.0748,6.1756306
China,CHN,1966,1.8791001,36.749012,849.6119,6.1951404
China,CHN,1967,1.9357,26.777205,871.64307,5.7641616
China,CHN,1968,1.9394001,26.89545,855.4024,6.080498
China,CHN,1969,1.9004002,34.823578,844.9357,5.9778914
China,CHN,1970,2.1277,44.389606,840.85913,5.93947
China,CHN,1971,2.174,46.195244,849.98596,6.1883473
China,CHN,1972,2.1065001,53.330624,862.00745,6.127798
China,CHN,1973,2.2757,65.80678,913.8411,6.4985213
China,CHN,1974,2.3892,56.62909,844.12787,6.0927005
China,CHN,1975,2.4804,70.642334,883.6138,6.5603538
China,CHN,1976,2.5223002,66.32003,843.85675,5.9156227
China,CHN,1977,2.4869,94.53131,846.05316,6.1304626
China,CHN,1978,2.7918003,112.63092,799.4146,6.4452205
China,CHN,1979,3.0325,135.84494,820.329,6.4286256
China,CHN,1980,2.9373002,159.4458,844.50415,6.329942
China,CHN,1981,3.0816002,156.55026,873.2748,6.3575597
China,CHN,1982,3.456,161.21436,860.5693,6.562245
China,CHN,1983,3.7161002,173.6561,918.1542,6.2699847
China,CHN,1984,3.9549,175.98596,853.62146,6.0503373
China,CHN,1985,3.8205001,143.87178,883.4764,6.108601
China,CHN,1986,3.8899,143.761,812.79584,6.270081
China,CHN,1987,3.9731002,188.75014,886.0765,6.7555795
China,CHN,1988,3.9306002,209.44504,839.1305,6.711441
China,CHN,1989,4.0147,208.08672,847.7332,6.5929418
China,CHN,1990,4.3065004,220.30452,910.99164,6.978855
China,CHN,1991,4.2314,237.51031,859.732,6.6719337
China,CHN,1992,4.3616004,237.60782,848.0256,6.402998
China,CHN,1993,4.5621004,206.75433,899.7638,6.539381
China,CHN,1994,4.5049,238.95609,892.4657,7.1488833
China,CHN,1995,4.6593,297.54306,860.5064,6.8083034
China,CHN,1996,4.8916,301.5276,876.4286,6.4881225
China,CHN,1997,4.8132005,299.45334,844.0419,6.8274937
China,CHN,1998,4.9528003,300.99252,954.8075,7.5923233
China,CHN,1999,4.9449,306.10782,854.0924,7.429342
China,CHN,2000,4.7526,287.4485,859.003,6.785953
China,CHN,2001,4.8003,295.44852,809.0416,7.1801186
China,CHN,2002,4.8691,333.50894,858.89185,7.3148193
China,CHN,2003,4.8711004,328.65826,824.7142,7.1057873
China,CHN,2004,5.1868,352.26434,773.33167,7.2820187
China,CHN,2005,5.2246003,375.10498,809.3991,6.944292
China,CHN,2006,5.3134003,374.76514,749.2904,7.518627
China,CHN,2007,5.3194003,385.31464,756.8613,7.721657
China,CHN,2008,5.5494003,372.6581,792.74963,7.1848316
China,CHN,2009,5.4487004,383.9676,728.454,7.3951855
China,CHN,2010,5.5289,425.23935,842.8482,7.176935
China,CHN,2011,5.7116003,444.6498,699.6248,6.9137053
China,CHN,2012,5.8287005,457.33325,833.1714,6.6338544
China,CHN,2013,5.8975005,458.51614,781.849,7.3884177
China,CHN,2014,5.8980002,477.57928,774.1,7.3119946
China,CHN,2015,5.985,465.61267,810.2241,7.660294
China,CHN,2016,6.0168,480.05508,869.12225,7.7636814
China,CHN,2017,6.1108003,460.45776,784.51636,7.772824
China,CHN,2018,6.1263,442.55325,804.549,7.4250717
China,CHN,2019,6.2787004,427.75085,775.07324,7.570721
China,CHN,2020,6.2984004,414.49146,834.86456,7.6063333
China,CHN,2021,6.3237004,406.23434,827.3099,7.823129
China,CHN,2022,6.386,395.13904,771.8887,7.7846017
China,CHN,2023,6.4244003,394.01974,764.6261,7.972056
Colombia,COL,1961,1.2752,20.101925,3003.1306,23.347994
Colombia,COL,1962,1.3508002,29.445074,2970.4368,23.331549
Colombia,COL,1963,1.3861,39.097183,2942.5405,23.622683
Colombia,COL,1964,1.4542,45.420563,3168.9985,23.496412
Colombia,COL,1965,1.2591001,36.741573,2963.9065,23.561699
Colombia,COL,1966,1.3014001,36.6521,3173.9138,23.634024
Colombia,COL,1967,1.4217,40.19608,3246.1458,23.35704
Colombia,COL,1968,1.5288001,41.50224,3459.8718,23.35067
Colombia,COL,1969,1.6078001,39.36338,3458.305,23.800123
Colombia,COL,1970,1.8074001,40.42105,3625.961,23.472864
Colombia,COL,1971,1.9045001,51.558914,3809.595,22.913641
Colombia,COL,1972,2.0122,57.485786,3408.1597,23.477736
Colombia,COL,1973,2.1059,70.921196,3783.3792,23.601336
Colombia,COL,1974,2.3898,69.05222,3516.9294,23.148788
Colombia,COL,1975,2.3792,59.220634,3738.9746,23.017607
Colombia,COL,1976,2.2768002,67.41891,3278.7559,23.217308
Colombia,COL,1977,2.2496002,79.75996,3345.6208,23.58185
Colombia,COL,1978,2.3901002,79.08557,3570.104,23.51239
Colombia,COL,1979,2.463,84.50744,3459.311,23.61812
Colombia,COL,1980,2.4145,84.132545,3109.06,23.852005
Colombia,COL,1981,2.4797,75.1073,3467.9824,23.514122
Colombia,COL,1982,2.4410002,81.057976,3266.538,23.431496
Colombia,COL,1983,2.5140002,84.47991,3187.3306,23.77343
Colombia,COL,1984,2.5799,96.049286,3457.5085,22.996208
Colombia,COL,1985,2.6626003,96.35884,3189.912,23.218084
Colombia,COL,1986,2.4951003,114.98791,3553.6826,23.145956
Colombia,COL,1987,2.7241,130.30832,3475.289,23.78682
Colombia,COL,1988,2.5144,140.72548,3601.946,23.54203
Colombia,COL,1989,2.4869,151.00288,3453.3196,23.126951
Colombia,COL,1990,2.4754,182.23903,3425.6526,23.419174
Colombia,COL,1991,2.4507,197.89336,3486.8804,23.612427
Colombia,COL,1992,2.5500002,166.5798,3311.8445,23.620003
Colombia,COL,1993,2.5055,176.15463,3587.6187,23.387667
Colombia,COL,1994,2.5061002,175.77684,3616.5588,23.397467
Colombia,COL,1995,2.6439,202.66779,3402.8357,23.665869
Colombia,COL,1996,2.6839,199.34238,3487.15,23.202284
Colombia,COL,1997,2.9067001,219.25955,3066.8496,23.747492
Colombia,COL,1998,3.0604,228.84024,3689.5234,23.968498
Colombia,COL,1999,3.1517,231.03313,3560.4956,23.090141
Colombia,COL,2000,3.2342,233.5699,3579.7808,23.288393
Colombia,COL,2001,3.1383002,246.74261,3269.2317,23.490866
Colombia,COL,2002,3.3405,342.4752,3264.8132,23.739336
Colombia,COL,2003,3.6218002,361.7831,3401.5312,23.743912
Colombia,COL,2004,3.5845,408.7074,3230.761,23.79355
Colombia,COL,2005,3.6433003,406.37064,3228.623,24.009768
Colombia,COL,2006,3.3588002,505.2185,3335.453,23.814886
Colombia,COL,2007,3.5992,453.66666,3402.6023,23.927515
Colombia,COL,2008,3.6642,437.25043,3400.558,23.743736
Colombia,COL,2009,3.6113002,406.5335,3293.21,24.025812
Colombia,COL,2010,3.4104002,546.9418,3613.9207,24.279852
Colombia,COL,2011,3.3515003,575.9266,3560.0776,23.878061
Colombia,COL,2012,3.3818002,581.9434,3311.0442,23.880836
Colombia,COL,2013,3.2778003,612.0073,3332.7095,24.043953
Colombia,COL,2014,3.7546003,699.09045,3320.8735,24.18612
Colombia,COL,2015,3.8935,667.5067,3202.118,24.417898
Colombia,COL,2016,3.7925003,646.1449,3363.6191,24.54843
Colombia,COL,2017,3.8560002,678.38214,3088.4214,24.29361
Colombia,COL,2018,4.0142,514.1705,3152.7744,24.105978
Colombia,COL,2019,4.1670003,464.18695,3088.0723,24.390434
Colombia,COL,2020,4.3986,524.5416,3024.3672,24.522577
Colombia,COL,2021,4.2789,511.66144,3333.516,24.100454
Colombia,COL,2022,4.3971004,405.13272,3258.7712,23.944641
Colombia,COL,2023,4.3012004,372.91138,2907.0608,24.677923
Comoros,COM,1991,0.77830005,1.5384616,1789.7622,24.75772
Comoros,COM,1992,0.795,1.5384616,929.6842,24.70581
Comoros,COM,1993,0.80740005,1.5384616,1311.6123,24.641083
Comoros,COM,1994,0.8223,4.6153846,1570.0123,24.751274
Comoros,COM,1995,0.83930004,4.6153846,1127.9203,24.80603
Comoros,COM,1996,0.84920007,4.6153846,1441.7915,24.536299
Comoros,COM,1997,0.8547,4.6153846,991.4612,24.988077
Comoros,COM,1998,0.8403,4.6153846,1187.7549,25.231445
Comoros,COM,1999,0.8901,4.6153846,1107.4542,24.745743
Comoros,COM,2000,0.8995001,4.6153846,953.4242,24.828941
Comoros,COM,2001,0.91480005,4.6153846,1138.6675,24.915068
Comoros,COM,2002,0.9355,0.86153847,1522.2118,25.004272
Comoros,COM,2003,0.97360003,0.3846154,1169.052,25.102446
Comoros,COM,2004,0.92170006,0.47692308,1482.4012,24.827215
Comoros,COM,2005,1.1284001,0.61538464,1187.7181,24.98816
Comoros,COM,2006,1.2489,0.10769231,1817.2461,24.875572
Comoros,COM,2007,1.3789,0.046153847,1135.364,25.157026
Comoros,COM,2008,1.5964001,0.4,1593.8232,24.660728
Comoros,COM,2009,1.7046001,0.36923078,1281.9059,25.057337
Comoros,COM,2010,1.9538001,0.24615385,1080.1444,25.36844
Comoros,COM,2011,1.9346001,0.21538462,1332.1604,25.035255
Comoros,COM,2012,1.9183002,0.23076923,1369.4647,24.981874
Comoros,COM,2013,1.8999001,0.13846155,1408.909,25.064955
Comoros,COM,2014,1.8775,0.015384615,1234.6633,25.191849
Comoros,COM,2015,1.8606001,0.13846155,1387.8988,25.331879
Comoros,COM,2016,1.8436,0.7076923,1615.5398,25.168312
Comoros,COM,2017,1.8266001,0.092307694,1498.4642,25.276815
Comoros,COM,2018,1.8002,1.1384616,1325.892,25.135252
Comoros,COM,2019,1.7826,1.7846154,1521.1362,25.53382
Comoros,COM,2020,1.7643001,6.3846154,1388.4215,25.345251
Comoros,COM,2021,1.7615001,3.3846154,1175.695,25.143137
Comoros,COM,2022,1.7474002,4.046154,1187.234,24.918282
Comoros,COM,2023,1.7321,4.0307693,1168.9009,25.643362
Congo,COG,1961,0.71430004,1.1538461,1834.214,23.779078
Congo,COG,1962,0.7113,1.7307693,1665.8271,23.831251
Congo,COG,1963,0.91670007,2.5,1512.0167,24.168535
Congo,COG,1964,0.9326,2.895753,1328.2026,24.228094
Congo,COG,1965,1.0204,3.2818532,1544.0255,24.042725
Congo,COG,1966,1.0,3.9285715,1614.9901,24.394228
Congo,COG,1967,1.0909001,4.2220078,2295.4658,23.589186
Congo,COG,1968,1.3478001,7.7220078,1746.412,23.789606
Congo,COG,1969,0.9524001,12.184971,1867.0698,23.971376
Congo,COG,1970,0.88890004,13.732693,1789.9265,24.046682
Congo,COG,1971,0.9524001,14.615385,1723.0258,23.762411
Congo,COG,1972,0.89430004,13.846154,1655.038,23.939371
Congo,COG,1973,0.6794001,10.889313,1850.1763,24.233316
Congo,COG,1974,0.70620006,8.174905,1776.3488,23.601309
Congo,COG,1975,0.6477001,4.3643265,1707.9613,23.686178
Congo,COG,1976,0.64820004,4.943503,1757.1351,23.55023
Congo,COG,1977,0.65870005,0.009469697,1803.0892,23.945951
Congo,COG,1979,0.68970007,0.185567,1772.6072,24.063211
Congo,COG,1980,0.84540004,1.0491803,1814.5272,24.028315
Congo,COG,1981,0.9781,1.0549898,1679.4011,24.044992
Congo,COG,1982,0.6467,3.368217,1747.6477,23.942223
Congo,COG,1983,0.7462,3.0769231,1495.2848,24.424124
Congo,COG,1984,0.6779001,5.5555553,1764.3257,24.12017
Congo,COG,1985,0.76780003,8.901515,1821.4215,23.912363
Congo,COG,1986,0.8546,4.7619047,1850.0586,24.14163
Congo,COG,1987,0.77030003,3.4136546,1798.7131,24.672373
Congo,COG,1988,0.8019001,1.4,1986.7767,24.334108
Congo,COG,1989,0.8349001,1.0737052,1641.8102,24.178846
Congo,COG,1990,0.6243,3.2881002,1729.9537,24.376265
Congo,COG,1991,0.6352,2.9106028,1638.962,24.402067
Congo,COG,1992,0.63920003,4.1666665,1640.1481,24.106241
Congo,COG,1993,0.64650005,4.123711,1726.4655,24.267784
Congo,COG,1994,0.65440005,4.0169134,1836.721,24.295776
Congo,COG,1995,0.7356,4.2105265,1820.3901,24.423378
Congo,COG,1996,0.74630004,8.385744,1663.1587,24.161283
Congo,COG,1997,0.74630004,8.163265,1661.6465,24.477625
Congo,COG,1998,0.7558,10.183299,1597.946,25.1278
Congo,COG,1999,0.73640007,10.10101,1824.558,24.232643
Congo,COG,2000,0.75390005,10.204082,1627.3746,24.15767
Congo,COG,2001,0.77500004,9.438775,1389.3303,24.262217
Congo,COG,2004,0.7764001,2.6510205,1418.3219,24.720573
Congo,COG,2005,0.7706,0.06530612,1407.2673,24.951187
Congo,COG,2006,0.7778,0.053061225,1490.6545,24.687246
Congo,COG,2007,0.7641,0.35918367,1530.3092,24.758066
Congo,COG,2008,0.77140003,0.74693877,1461.1093,24.626472
Congo,COG,2009,0.7914001,4.578,1550.1497,24.818163
Congo,COG,2010,0.785,0.5411765,1424.9492,25.13534
Congo,COG,2011,0.7943,1.3150944,1471.2656,24.79782
Congo,COG,2012,0.8098,2.2490566,1493.6163,24.767496
Congo,COG,2013,0.8309001,2.9254546,1354.011,24.922194
Congo,COG,2014,0.83280003,1.8836364,1492.6593,24.900515
Congo,COG,2015,0.8335,4.132727,1360.5186,25.091074
Congo,COG,2016,0.8456,2.169091,1457.0242,25.420311
Congo,COG,2017,0.8604001,2.3090909,1545.5905,25.062563
Congo,COG,2018,0.8708,4.212727,1453.3217,25.082304
Congo,COG,2019,0.89080006,4.258182,1613.6477,25.348177
Congo,COG,2020,0.88900006,9.958181,1587.3025,25.379705
Congo,COG,2021,0.86750007,9.7472725,1447.9354,25.290781
Congo,COG,2022,0.89180005,11.6618185,1401.7677,25.103632
Congo,COG,2023,0.8743,10.336364,1572.649,25.304651
Costa Rica,CRI,1961,1.1535001,65.56842,2589.4214,22.607864
Costa Rica,CRI,1962,1.1776,84.9614,3382.6301,22.258684
Costa Rica,CRI,1963,1.2422,121.052635,3195.5554,22.41627
Costa Rica,CRI,1964,1.1799,115.789474,2907.3423,22.470419
Costa Rica,CRI,1965,1.5305,85.96491,3132.5552,22.50489
Costa Rica,CRI,1966,1.4425001,101.052635,3485.6646,22.628914
Costa Rica,CRI,1967,1.4767001,107.36842,3254.665,22.386354
Costa Rica,CRI,1968,1.5857,167.7193,3417.7825,22.321756
Costa Rica,CRI,1969,1.5734001,190.10527,4001.4536,23.0162
Costa Rica,CRI,1970,1.4362,173.21053,4504.146,22.484512
Costa Rica,CRI,1971,1.8378001,200.9579,3783.9238,22.14641
Costa Rica,CRI,1972,1.8708001,167.7193,3418.8816,22.712456
Costa Rica,CRI,1973,1.3888001,226.1484,4161.601,22.629433
Costa Rica,CRI,1974,1.575,256.18375,3575.9092,22.159365
Costa Rica,CRI,1975,1.8956001,233.56891,4121.1484,22.288286
Costa Rica,CRI,1976,1.7131001,196.79152,3160.2402,22.365929
Costa Rica,CRI,1977,2.058,235.13428,2956.6301,22.832657
Costa Rica,CRI,1978,2.2917001,282.26147,3535.5447,22.718948
Costa Rica,CRI,1979,2.2936003,279.5053,3670.4429,22.669088
Costa Rica,CRI,1980,2.9245002,259.71732,3313.6577,22.8871
Costa Rica,CRI,1981,2.2763002,255.83038,3793.8083,22.664413
Costa Rica,CRI,1982,1.7427,254.41696,2942.7893,22.958918
Costa Rica,CRI,1983,2.4015002,312.01413,2749.3594,23.3374
Costa Rica,CRI,1984,2.3236003,340.28268,2989.3806,22.50263
Costa Rica,CRI,1985,2.3236003,282.807,2927.3582,22.393875
Costa Rica,CRI,1986,2.2535002,298.2456,3061.8477,22.560385
Costa Rica,CRI,1987,2.256,333.33334,3117.288,23.479795
Costa Rica,CRI,1988,2.5183,360.25,3513.245,22.89145
Costa Rica,CRI,1989,2.6218002,411.53845,2907.2207,22.616686
Costa Rica,CRI,1990,3.0968,417.69232,3154.387,23.031893
Costa Rica,CRI,1991,3.2990003,447.69232,2760.2532,22.931738
Costa Rica,CRI,1992,3.1690001,491.2,2702.0889,22.983162
Costa Rica,CRI,1993,3.4193003,467.3913,3303.0881,22.760725
Costa Rica,CRI,1994,3.8154001,560.86957,2687.731,22.926252
Costa Rica,CRI,1995,3.7776003,554.5455,3966.0537,22.80677
Costa Rica,CRI,1996,3.4833002,710.4762,3771.9536,22.459875
Costa Rica,CRI,1997,3.7907002,909.5238,2667.1096,22.871834
Costa Rica,CRI,1998,3.7689002,947.619,3387.469,23.206345
Costa Rica,CRI,1999,3.6768003,836.36365,3927.8167,22.102427
Costa Rica,CRI,2000,3.6262002,795.2381,3384.6396,22.375633
Costa Rica,CRI,2001,3.5496004,557.9667,3357.2427,22.635468
Costa Rica,CRI,2002,3.6834002,629.19,3173.8599,23.100672
Costa Rica,CRI,2003,3.1714,919.67145,3509.2432,23.08151
Costa Rica,CRI,2004,3.0594,751.0619,3671.4778,23.06442
Costa Rica,CRI,2005,3.1891003,683.5333,3456.619,23.145203
Costa Rica,CRI,2006,3.759,845.4667,3109.6838,23.062637
Costa Rica,CRI,2007,3.5382001,858.045,3812.71,23.0502
Costa Rica,CRI,2008,3.8143003,915.71,4024.7935,22.814642
Costa Rica,CRI,2009,3.7907002,382.96817,3367.1704,23.171867
Costa Rica,CRI,2010,3.1992002,519.32,4909.412,23.265024
Costa Rica,CRI,2011,3.4189,706.0776,3699.67,22.927145
Costa Rica,CRI,2012,3.6215003,635.3276,3080.131,23.012987
Costa Rica,CRI,2013,3.2833002,589.84485,3170.6519,23.165054
Costa Rica,CRI,2014,4.4975004,566.5259,3259.2747,23.281378
Costa Rica,CRI,2015,3.8316002,714.4391,2925.3284,23.518652
Costa Rica,CRI,2016,4.0261,711.61975,3429.5835,23.52037
Costa Rica,CRI,2017,3.7310002,802.0727,3550.5332,23.246164
Costa Rica,CRI,2018,4.2101,858.59705,3093.055,23.072386
Costa Rica,CRI,2019,4.0524,869.9623,2912.058,23.44528
Costa Rica,CRI,2020,3.3571002,960.38257,3650.8528,23.417013
Costa Rica,CRI,2021,4.3112006,866.29004,3247.5867,22.95991
Costa Rica,CRI,2022,4.0616,898.6654,3722.1326,22.864746
Costa Rica,CRI,2023,4.4482,1024.5469,2911.6516,23.692705
Cote d'Ivoire,CIV,1961,0.62420005,4.204167,1044.5844,25.525963
Cote d'Ivoire,CIV,1962,0.7857,3.6970239,1332.5398,25.329803
Cote d'Ivoire,CIV,1963,0.7519001,5.4261904,1461.904,25.701363
Cote d'Ivoire,CIV,1964,0.7749001,6.6267858,1082.7646,25.510866
Cote d'Ivoire,CIV,1965,0.78550005,7.0190477,1249.5306,25.340126
Cote d'Ivoire,CIV,1966,0.84070003,7.4404764,1215.265,25.721167
Cote d'Ivoire,CIV,1967,0.88890004,8.158236,1394.4774,25.333578
Cote d'Ivoire,CIV,1968,0.87780005,6.884706,1845.8284,25.463255
Cote d'Ivoire,CIV,1969,0.84510005,8.144117,1482.0385,25.679808
Cote d'Ivoire,CIV,1970,0.8286,12.0435295,1337.0675,25.805267
Cote d'Ivoire,CIV,1971,1.0003,13.92353,1580.0983,25.27855
Cote d'Ivoire,CIV,1972,0.8238,17.950878,1423.899,25.646927
Cote d'Ivoire,CIV,1973,0.8406,17.145403,1411.9344,26.099806
Cote d'Ivoire,CIV,1974,0.8851,17.392675,1337.7693,25.431425
Cote d'Ivoire,CIV,1975,0.8205,20.771349,1262.0493,25.366365
Cote d'Ivoire,CIV,1976,0.7493,20.27174,1321.7908,25.129953
Cote d'Ivoire,CIV,1977,0.7537001,25.425531,1254.6161,25.855505
Cote d'Ivoire,CIV,1978,0.7533,21.46597,1389.4498,25.686514
Cote d'Ivoire,CIV,1979,0.7626,26.112207,1626.5793,25.841505
Cote d'Ivoire,CIV,1980,0.92740005,27.161125,1543.2365,25.859512
Cote d'Ivoire,CIV,1981,0.8978,24.923859,1292.0444,26.029005
Cote d'Ivoire,CIV,1982,0.94900006,19.698492,1268.2695,25.762987
Cote d'Ivoire,CIV,1983,0.78470004,18.534906,1083.3563,26.30216
Cote d'Ivoire,CIV,1984,0.97080004,18.035637,1526.5349,26.021957
Cote d'Ivoire,CIV,1985,0.98670006,17.436975,1484.1578,25.767363
Cote d'Ivoire,CIV,1986,0.85150003,12.605042,1308.4446,25.882307
Cote d'Ivoire,CIV,1987,0.84760004,9.125,1439.2809,26.652914
Cote d'Ivoire,CIV,1988,0.8851,11.363636,1512.2526,26.217024
Cote d'Ivoire,CIV,1989,0.8827,14.46281,1432.7716,26.043594
Cote d'Ivoire,CIV,1990,1.1125001,15.226337,1331.4915,26.162048
Cote d'Ivoire,CIV,1991,1.0528,15.795918,1386.3599,26.034086
Cote d'Ivoire,CIV,1992,1.0508001,14.230769,1278.0947,25.905767
Cote d'Ivoire,CIV,1993,1.2354001,18.607857,1380.8529,26.063873
Cote d'Ivoire,CIV,1994,1.131,21.666666,1272.5286,26.036072
Cote d'Ivoire,CIV,1995,1.1417,22.0,1500.6207,25.982254
Cote d'Ivoire,CIV,1996,1.389,23.5,1350.7864,25.87838
Cote d'Ivoire,CIV,1997,1.2867,37.931034,1238.922,26.051682
Cote d'Ivoire,CIV,1998,1.4986,31.034483,1312.5701,26.60698
Cote d'Ivoire,CIV,1999,1.6457,25.214285,1422.9222,25.78702
Cote d'Ivoire,CIV,2000,1.6823001,23.964285,1153.7843,25.941614
Cote d'Ivoire,CIV,2001,1.7199001,24.535715,1107.7179,26.081896
Cote d'Ivoire,CIV,2002,1.7509001,31.018929,1255.6835,26.258707
Cote d'Ivoire,CIV,2003,1.8270001,29.345358,1344.1656,26.481972
Cote d'Ivoire,CIV,2004,1.8539001,27.21893,1217.488,26.441072
Cote d'Ivoire,CIV,2005,1.8363001,17.780357,1250.0854,26.515785
Cote d'Ivoire,CIV,2006,1.8279,22.7725,1159.6646,26.531656
Cote d'Ivoire,CIV,2007,1.5694001,23.99,1329.812,26.596056
Cote d'Ivoire,CIV,2008,1.7350001,18.211723,1384.2504,26.444778
Cote d'Ivoire,CIV,2009,1.7115,15.307587,1232.8801,26.506079
Cote d'Ivoire,CIV,2010,2.2705002,32.08586,1371.3885,26.831537
Cote d'Ivoire,CIV,2011,1.8828001,19.40276,1198.112,26.422556
Cote d'Ivoire,CIV,2012,2.0798001,26.021334,1262.8464,26.35257
Cote d'Ivoire,CIV,2013,2.1766002,31.138287,1142.7355,26.501852
Cote d'Ivoire,CIV,2014,2.2069001,35.12057,1317.9617,26.514198
Cote d'Ivoire,CIV,2015,2.2003002,37.515423,1150.1322,26.556002
Cote d'Ivoire,CIV,2016,2.2198002,40.843853,1202.4022,26.92093
Cote d'Ivoire,CIV,2017,2.2474,33.60789,1266.9115,26.773926
Cote d'Ivoire,CIV,2018,2.2544,25.935345,1445.0685,26.50708
Cote d'Ivoire,CIV,2019,2.2336001,42.345516,1446.837,26.744675
Cote d'Ivoire,CIV,2020,2.2061002,36.843555,1150.192,26.83776
Cote d'Ivoire,CIV,2021,2.2146,36.58209,1263.7095,26.865702
Cote d'Ivoire,CIV,2022,2.1998003,23.375723,1249.4021,26.479727
Cote d'Ivoire,CIV,2023,2.4608002,43.785046,1157.7518,27.049788
Croatia,HRV,1992,3.9721003,151.42079,963.20557,12.044964
Croatia,HRV,1993,4.2557006,130.4143,1018.09326,11.251977
Croatia,HRV,1994,4.1369,174.81885,912.5081,12.5852585
Croatia,HRV,1995,4.3657002,162.04118,1237.2842,11.535779
Croatia,HRV,1996,4.5078,205.17241,1176.7461,10.569263
Croatia,HRV,1997,5.0079,280.6226,1020.7027,11.377948
Croatia,HRV,1998,4.669,161.97246,1049.8765,11.689458
Croatia,HRV,1999,4.6042004,181.8352,1199.7496,11.892501
Croatia,HRV,2000,4.1148,264.8456,899.4693,12.96756
Croatia,HRV,2001,4.8403,205.86166,1093.2028,12.042113
Croatia,HRV,2002,5.3162003,256.98834,1217.4894,12.542111
Croatia,HRV,2003,3.601,292.8021,790.1715,12.157361
Croatia,HRV,2004,5.4089003,312.5844,1237.591,11.575893
Croatia,HRV,2005,5.5928,294.5086,1145.6586,10.969051
Croatia,HRV,2006,5.4202003,380.78775,987.51636,11.911022
Croatia,HRV,2007,4.5581,410.0634,1044.0386,12.743748
Croatia,HRV,2008,6.6391006,495.2283,1070.6357,12.641479
Croatia,HRV,2009,6.1098,164.67926,1098.7542,12.537587
Croatia,HRV,2010,5.4560003,297.3098,1412.2761,11.585195
Croatia,HRV,2011,5.2200003,311.01147,695.28375,12.311521
Croatia,HRV,2012,4.5736003,191.38791,970.8728,12.60082
Croatia,HRV,2013,5.4449,160.81013,1236.1146,12.231964
Croatia,HRV,2014,6.0277004,192.14787,1465.9718,13.028289
Croatia,HRV,2015,5.695,181.78618,974.7831,12.743787
Croatia,HRV,2016,6.6655,119.03661,1155.9691,12.391713
Croatia,HRV,2017,5.7048,213.54836,1083.2178,12.4908285
Croatia,HRV,2018,7.0556006,220.99503,1122.6525,13.029073
Croatia,HRV,2019,7.1573,211.75092,1197.9235,13.174048
Croatia,HRV,2020,6.9924,199.72554,1002.09,12.811767
Croatia,HRV,2021,7.0129004,208.07935,1059.596,12.4365225
Croatia,HRV,2022,5.8231006,188.57562,928.9043,13.256803
Croatia,HRV,2023,5.9138002,169.01959,1270.0446,13.628348
Cuba,CUB,1961,1.2048001,72.413795,924.5691,25.282364
Cuba,CUB,1962,1.2107,88.26047,814.17334,25.072306
Cuba,CUB,1963,1.3570001,108.26445,1299.6294,24.929934
Cuba,CUB,1964,1.2737,114.07491,1104.8059,25.165564
Cuba,CUB,1965,1.0826,141.97531,768.27325,25.106445
Cuba,CUB,1966,1.1786001,199.2263,1115.14,24.70167
Cuba,CUB,1967,1.1519,192.14412,780.4108,25.0139
Cuba,CUB,1968,1.2090001,230.35439,1130.6116,24.601767
Cuba,CUB,1969,1.3995,240.19557,1239.9159,24.96502
Cuba,CUB,1970,1.5256001,171.55844,897.4091,24.832603
Cuba,CUB,1971,1.6174,128.2389,946.41595,24.914743
Cuba,CUB,1972,1.3740001,87.70115,1162.199,25.079458
Cuba,CUB,1973,1.2781,99.60488,1097.753,24.947355
Cuba,CUB,1974,1.8047,114.71927,853.83264,25.03937
Cuba,CUB,1975,2.0701003,115.296165,840.2733,25.288923
Cuba,CUB,1976,2.2754,117.47605,1000.0271,24.841059
Cuba,CUB,1977,2.4125001,137.90828,1087.6389,24.986563
Cuba,CUB,1978,2.4201002,148.55072,1256.4153,24.746346
Cuba,CUB,1979,2.3218002,155.89124,1163.4817,24.773958
Cuba,CUB,1980,2.5468001,177.68457,1046.259,25.08834
Cuba,CUB,1981,2.5044,202.447,890.48364,24.628962
Cuba,CUB,1982,2.6928003,181.70065,945.158,25.343803
Cuba,CUB,1983,2.7025,170.34,1185.0962,25.086145
Cuba,CUB,1984,2.7278001,189.44319,936.87854,24.901855
Cuba,CUB,1985,2.6156,184.75378,1040.5867,24.918173
Cuba,CUB,1986,2.6815002,204.0,826.33813,25.146208
Cuba,CUB,1987,2.4304001,196.42642,1132.1157,25.183533
Cuba,CUB,1988,2.5491002,177.13017,1177.7639,25.172274
Cuba,CUB,1989,2.516,194.47221,918.5345,25.26181
Cuba,CUB,1990,2.3421001,171.04099,941.21094,25.529264
Cuba,CUB,1991,2.1759,106.259094,1009.9242,25.480242
Cuba,CUB,1992,1.7511001,69.79021,927.2457,25.043526
Cuba,CUB,1993,1.3244001,47.38292,1075.6395,25.068443
Cuba,CUB,1994,1.7891,33.667934,989.1592,25.463224
Cuba,CUB,1995,1.9646001,66.23235,1042.0082,25.423683
Cuba,CUB,1996,2.0073001,67.431854,1019.2258,24.987352
Cuba,CUB,1997,2.1886003,65.98677,825.20984,25.949097
Cuba,CUB,1998,1.8747001,47.369892,937.3775,26.128311
Cuba,CUB,1999,2.7508001,43.07479,1031.4878,25.118776
Cuba,CUB,2000,2.5284,37.21461,726.2655,25.15571
Cuba,CUB,2001,2.8806002,55.0682,870.96765,25.17051
Cuba,CUB,2002,3.1232002,37.262245,962.9126,25.538437
Cuba,CUB,2003,3.1888,14.890725,879.3837,25.73873
Cuba,CUB,2004,2.9215002,16.249325,636.6153,25.42439
Cuba,CUB,2005,2.5616002,20.30964,1147.9572,25.219881
Cuba,CUB,2006,2.7828002,29.750689,993.319,25.389505
Cuba,CUB,2007,2.9129,26.773859,1272.2378,25.494524
Cuba,CUB,2008,2.6742,37.277832,963.7155,25.423834
Cuba,CUB,2009,2.0688002,9.535693,830.2826,25.37409
Cuba,CUB,2010,1.9372001,37.233746,1022.16754,24.96892
Cuba,CUB,2011,2.6191003,33.93683,967.76166,25.404785
Cuba,CUB,2012,2.8032,43.471245,1048.8423,25.253244
Cuba,CUB,2013,2.9038002,45.3504,943.5037,25.581884
Cuba,CUB,2014,2.8137002,54.86679,916.4156,25.561132
Cuba,CUB,2015,2.9646003,44.39261,871.84674,25.972837
Cuba,CUB,2016,2.9393003,33.240334,906.93384,25.728144
Cuba,CUB,2017,2.8543003,34.24706,1196.3331,25.664312
Cuba,CUB,2018,2.8765001,25.573816,1048.4238,25.622782
Cuba,CUB,2019,2.8325002,25.573816,951.4699,26.083471
Cuba,CUB,2020,2.5718002,25.573816,1093.9078,26.166452
Cuba,CUB,2021,2.4084,25.573816,775.4934,25.887896
Cuba,CUB,2022,2.0891001,5.931032,876.2111,25.843826
Cuba,CUB,2023,1.4352,3.7825758,943.15924,26.295471
Cyprus,CYP,1961,0.6548,51.294834,385.1541,18.904636
Cyprus,CYP,1962,1.1576,59.926605,350.9168,19.745327
Cyprus,CYP,1963,1.1213001,62.74154,342.42386,19.349497
Cyprus,CYP,1964,0.8029001,35.328175,400.27573,18.513395
Cyprus,CYP,1965,1.5989001,59.195652,416.51956,18.731216
Cyprus,CYP,1966,0.75240004,56.88125,460.09674,19.414087
Cyprus,CYP,1967,1.2977,51.5283,521.3306,18.088999
Cyprus,CYP,1968,0.8248,94.93987,525.0978,18.820309
Cyprus,CYP,1969,1.3349001,65.678345,462.87814,18.756613
Cyprus,CYP,1970,0.6573,87.690094,335.31528,18.94748
Cyprus,CYP,1971,1.3363001,84.980705,458.98074,18.455853
Cyprus,CYP,1972,1.0683001,97.346275,488.8675,18.02265
Cyprus,CYP,1973,0.107200004,114.93485,220.4223,18.604712
Cyprus,CYP,1974,1.2908001,57.627357,458.56015,18.575436
Cyprus,CYP,1975,1.4753001,126.03952,447.40692,18.39754
Cyprus,CYP,1976,1.4629,144.0351,397.5055,18.371256
Cyprus,CYP,1977,1.315,95.47321,369.75708,18.817705
Cyprus,CYP,1978,1.7773001,143.22728,420.7697,18.85928
Cyprus,CYP,1979,1.6650001,158.4537,408.01285,19.058943
Cyprus,CYP,1980,1.9394001,138.70335,312.15002,18.545618
Cyprus,CYP,1981,1.7733002,143.78622,465.6614,18.877098
Cyprus,CYP,1982,1.7782,167.8,314.59958,18.192923
Cyprus,CYP,1983,1.3888001,171.55173,355.81714,18.087564
Cyprus,CYP,1984,1.7577001,155.14783,397.52615,18.581944
Cyprus,CYP,1985,2.0977,176.5856,378.41428,18.765589
Cyprus,CYP,1986,1.3011,193.58527,345.55493,18.873772
Cyprus,CYP,1987,2.3313003,199.89362,371.79993,18.605686
Cyprus,CYP,1988,2.6799,210.35783,445.45132,18.791842
Cyprus,CYP,1989,2.4804,219.2433,281.71265,18.762535
Cyprus,CYP,1990,1.886,215.26515,204.68085,19.094667
Cyprus,CYP,1991,1.3359001,208.51224,522.68225,18.811779
Cyprus,CYP,1992,2.7898002,263.55948,372.34866,17.79628
Cyprus,CYP,1993,2.9644,241.14995,273.68848,18.782743
Cyprus,CYP,1994,2.5535002,264.72836,472.80093,19.668444
Cyprus,CYP,1995,2.3849,258.07266,220.96979,19.08087
Cyprus,CYP,1996,2.3955002,257.0606,402.0558,19.27764
Cyprus,CYP,1997,1.1106,207.32925,345.51437,18.854174
Cyprus,CYP,1998,1.1139001,202.73726,324.66544,20.060432
Cyprus,CYP,1999,2.1564,199.63403,244.3515,20.281372
Cyprus,CYP,2000,0.93140006,146.4939,381.80164,19.659523
Cyprus,CYP,2001,2.2759001,150.07143,408.45688,20.246014
Cyprus,CYP,2002,2.3944001,159.65,354.56696,19.925299
Cyprus,CYP,2003,2.2639,158.23215,417.1494,19.828466
Cyprus,CYP,2004,1.6779001,131.40707,416.45984,19.544144
Cyprus,CYP,2005,1.2056,108.97561,274.0947,19.305254
Cyprus,CYP,2006,1.2197,109.026085,326.00586,19.238825
Cyprus,CYP,2007,1.5961001,109.83607,327.9607,19.779482
Cyprus,CYP,2008,0.1763,112.014565,211.82497,20.034834
Cyprus,CYP,2009,1.8238001,181.44994,443.79782,19.964972
Cyprus,CYP,2010,1.9984001,202.7724,286.87213,20.746107
Cyprus,CYP,2011,1.9544001,151.20238,406.91058,19.378748
Cyprus,CYP,2012,2.3993,196.52681,566.6676,19.869108
Cyprus,CYP,2013,1.6880001,183.87056,290.62527,19.916512
Cyprus,CYP,2014,0.291,158.20653,340.4421,19.907806
Cyprus,CYP,2015,2.683,157.99959,386.31305,19.81759
Cyprus,CYP,2016,0.4363,204.04411,276.19055,20.435913
Cyprus,CYP,2017,1.8027,174.79063,289.8177,20.105124
Cyprus,CYP,2018,1.0529001,156.84024,436.0725,21.032064
Cyprus,CYP,2019,2.6563,187.74754,616.0039,20.344654
Cyprus,CYP,2020,2.3814,167.5566,437.4173,20.228836
Cyprus,CYP,2021,2.0635002,156.22995,300.8408,20.467697
Cyprus,CYP,2022,2.3057,127.742325,344.24097,19.87618
Cyprus,CYP,2023,2.0297,172.12048,356.3952,20.34979
Czechia,CZE,1993,4.0195003,91.92767,748.3108,7.687283
Czechia,CZE,1994,4.0917,101.507385,754.2721,9.031776
Czechia,CZE,1995,4.1793,105.33172,941.25024,7.9945865
Czechia,CZE,1996,4.1927004,106.447655,792.31055,6.359173
Czechia,CZE,1997,4.1327004,96.637535,820.656,7.7216973
Czechia,CZE,1998,3.9681003,91.96075,832.6726,8.357695
Czechia,CZE,1999,4.3466005,82.57586,759.18854,8.487931
Czechia,CZE,2000,3.9060001,101.980576,805.3722,9.232524
Czechia,CZE,2001,4.5086,121.97652,903.8224,7.9117646
Czechia,CZE,2002,4.3240004,94.881805,960.2228,8.816183
Czechia,CZE,2003,3.9408002,106.964134,587.62506,8.555731
Czechia,CZE,2004,5.4436,102.47904,772.11475,8.130559
Czechia,CZE,2005,4.7416005,105.95041,869.98065,7.9533725
Czechia,CZE,2006,4.1590004,114.45341,780.7448,8.459662
Czechia,CZE,2007,4.5220003,121.86134,849.3759,9.20602
Czechia,CZE,2008,5.3628,106.98936,775.40906,9.022981
Czechia,CZE,2009,5.0739,109.02288,859.3051,8.57896
Czechia,CZE,2010,4.6958,119.28389,963.55493,7.343176
Czechia,CZE,2011,5.5926003,126.19874,693.8594,8.756331
Czechia,CZE,2012,4.5295,160.01231,805.603,8.606272
Czechia,CZE,2013,5.3093,161.483,825.2688,8.227854
Czechia,CZE,2014,6.2198,162.65729,789.8546,9.744047
Czechia,CZE,2015,5.8806005,192.31366,667.16565,9.665858
Czechia,CZE,2016,6.3170004,196.38338,794.29395,8.93901
Czechia,CZE,2017,5.4975004,182.42067,807.6023,8.815229
Czechia,CZE,2018,5.2069,174.3607,634.38116,9.870086
Czechia,CZE,2019,5.6532006,165.69154,754.51996,9.837802
Czechia,CZE,2020,6.0427003,144.2165,880.84467,9.439029
Czechia,CZE,2021,6.1130004,148.62433,880.7241,8.334192
Czechia,CZE,2022,5.9296002,152.13994,846.81305,9.545583
Czechia,CZE,2023,6.0701003,113.43451,882.6149,9.990365
Democratic Republic of Congo,COD,1961,0.69920003,0.0421875,2215.0693,22.943022
Democratic Republic of Congo,COD,1962,0.7008,0.14171875,2197.4321,22.784842
Democratic Republic of Congo,COD,1963,0.69200003,0.16296875,1975.0193,23.055662
Democratic Republic of Congo,COD,1964,0.6921,0.23981191,1865.5939,23.305841
Democratic Republic of Congo,COD,1965,0.646,0.22012578,1875.5557,23.190771
Democratic Republic of Congo,COD,1966,0.6951,0.29874215,1891.172,23.480997
Democratic Republic of Congo,COD,1967,0.6998,0.42386186,2242.0498,22.91049
Democratic Republic of Congo,COD,1968,0.71050006,0.53125,2002.0979,23.025414
Democratic Republic of Congo,COD,1969,0.7108,0.62305295,2119.5022,23.376617
Democratic Republic of Congo,COD,1970,0.7271,0.72981364,2017.2734,23.341759
Democratic Republic of Congo,COD,1971,0.72540003,0.7264297,1908.5726,22.975763
Democratic Republic of Congo,COD,1972,0.7465,0.65953845,2082.7463,23.1492
Democratic Republic of Congo,COD,1973,0.7411,1.01227,1873.0922,23.568434
Democratic Republic of Congo,COD,1974,0.744,1.0229008,1940.1229,22.91259
Democratic Republic of Congo,COD,1975,0.74770004,1.636822,2002.0262,22.907072
Democratic Republic of Congo,COD,1976,0.7458,1.9247345,2118.8884,22.905699
Democratic Republic of Congo,COD,1977,0.73920006,1.3313162,2047.2275,23.291845
Democratic Republic of Congo,COD,1978,0.7289001,1.3595166,1972.8549,23.382303
Democratic Republic of Congo,COD,1979,0.799,1.1212121,2062.8127,23.464355
Democratic Republic of Congo,COD,1980,0.79870003,1.1933535,1930.9326,23.53882
Democratic Republic of Congo,COD,1981,0.82250005,1.1428572,1897.4332,23.466276
Democratic Republic of Congo,COD,1982,0.83390003,1.1221385,1954.371,23.423307
Democratic Republic of Congo,COD,1983,0.8335,1.4049624,1765.5889,23.973906
Democratic Republic of Congo,COD,1984,0.85020006,1.7241379,1824.324,23.37407
Democratic Republic of Congo,COD,1985,0.7996,1.0149254,1934.603,23.236902
Democratic Republic of Congo,COD,1986,0.78990006,0.36011904,2045.3376,23.407888
Democratic Republic of Congo,COD,1987,0.82180005,0.92537314,1983.0592,24.016806
Democratic Republic of Congo,COD,1988,0.7979001,0.41791046,2019.2228,23.72203
Democratic Republic of Congo,COD,1989,0.80200005,1.1791044,1780.6852,23.547356
Democratic Republic of Congo,COD,1990,0.79980004,0.9295352,1868.3967,23.813604
Democratic Republic of Congo,COD,1991,0.80240005,1.2275449,1890.9474,23.610422
Democratic Republic of Congo,COD,1992,0.78220004,0.3432836,1830.6089,23.543915
Democratic Republic of Congo,COD,1993,0.7906,0.6119403,1857.7712,23.619272
Democratic Republic of Congo,COD,1994,0.79340005,1.5528358,1962.7472,23.593863
Democratic Republic of Congo,COD,1995,0.7658,1.3432835,1831.061,23.801933
Democratic Republic of Congo,COD,1996,0.78090006,0.8955224,1823.8762,23.651655
Democratic Republic of Congo,COD,1998,0.81100005,0.44089553,1772.2992,24.419245
Democratic Republic of Congo,COD,1999,0.78730005,0.11074627,1836.5525,23.511505
Democratic Republic of Congo,COD,2000,0.7866,0.11940298,1661.508,23.628548
Democratic Republic of Congo,COD,2001,0.7866,0.29328358,1584.3949,23.685308
Democratic Republic of Congo,COD,2003,0.77150005,0.27522388,1521.7307,24.006742
Democratic Republic of Congo,COD,2004,0.7717,0.20820895,1552.9856,24.027985
Democratic Republic of Congo,COD,2005,0.7717,0.0677612,1580.9099,24.262123
Democratic Republic of Congo,COD,2006,0.7716,0.45492536,1684.8033,23.918974
Democratic Republic of Congo,COD,2007,0.7716,0.6347761,1589.375,24.016989
Democratic Republic of Congo,COD,2008,0.7716,0.9402963,1548.7339,23.93396
Democratic Republic of Congo,COD,2009,0.7716,0.6824256,1655.5414,24.166895
Democratic Republic of Congo,COD,2010,0.78490007,0.82378757,1613.9004,24.44905
Democratic Republic of Congo,COD,2011,0.7711,0.6869658,1556.0336,24.133003
Democratic Republic of Congo,COD,2012,0.7716,0.45625654,1524.937,24.105766
Democratic Republic of Congo,COD,2013,0.77210003,0.87076795,1442.6162,24.37422
Democratic Republic of Congo,COD,2014,0.76900005,1.6391912,1445.0148,24.411116
Democratic Republic of Congo,COD,2015,0.76890004,1.8939005,1498.2124,24.533516
Democratic Republic of Congo,COD,2016,0.78550005,1.3909335,1468.9596,24.885359
Democratic Republic of Congo,COD,2017,0.7941,1.599124,1542.0009,24.603424
Democratic Republic of Congo,COD,2018,0.81240004,1.9116645,1521.4363,24.45431
Democratic Republic of Congo,COD,2019,0.83620006,2.4100146,1561.9,24.71073
Democratic Republic of Congo,COD,2020,0.87670004,2.0902777,1528.4148,24.815184
Democratic Republic of Congo,COD,2021,0.8974001,2.0865586,1373.9222,24.832743
Democratic Republic of Congo,COD,2022,0.8504001,2.0604908,1457.3022,24.59752
Democratic Republic of Congo,COD,2023,0.86320007,2.7880507,1571.5752,24.903862
Denmark,DNK,1961,3.3835,152.72284,730.3761,8.414526
Denmark,DNK,1962,3.7506003,155.24954,785.81744,6.958589
Denmark,DNK,1963,3.5057,162.70409,761.46106,6.698072
Denmark,DNK,1964,3.9634001,174.3386,652.3565,7.4945374
Denmark,DNK,1965,3.8906002,183.29967,779.1899,7.0580564
Denmark,DNK,1966,3.7144,194.60461,897.1576,7.2438407
Denmark,DNK,1967,3.7569,195.94786,855.49774,8.519094
Denmark,DNK,1968,4.0264,205.35672,821.083,7.968086
Denmark,DNK,1969,3.9756002,216.44997,691.6402,7.5453877
Denmark,DNK,1970,3.5838003,224.61142,841.0869,7.1546936
Denmark,DNK,1971,3.9997,238.93805,726.48145,8.3172035
Denmark,DNK,1972,3.9772,255.26103,782.4414,8.075047
Denmark,DNK,1973,3.765,277.48022,686.3517,8.466738
Denmark,DNK,1974,4.1901,217.415,787.7375,8.713705
Denmark,DNK,1975,3.6357002,241.15132,612.33984,9.16888
Denmark,DNK,1976,3.3024,245.2198,602.528,8.006366
Denmark,DNK,1977,4.0509,262.21844,775.9666,8.205409
Denmark,DNK,1978,4.0605,260.3466,743.5922,7.7545886
Denmark,DNK,1979,4.1561003,264.1018,858.6317,6.8295
Denmark,DNK,1980,3.8925002,237.69382,921.85364,7.5309186
Denmark,DNK,1981,4.0714,234.23132,877.84924,7.5217786
Denmark,DNK,1982,4.5213,248.15817,761.9641,8.299126
Denmark,DNK,1983,3.7575002,267.7613,812.52594,8.644195
Denmark,DNK,1984,5.5554004,252.42229,780.83673,8.17977
Denmark,DNK,1985,4.9708,243.59515,835.7512,6.8010488
Denmark,DNK,1986,5.0490003,247.53046,737.6959,7.2278266
Denmark,DNK,1987,4.7926,234.98836,795.64197,6.7800517
Denmark,DNK,1988,5.0842004,241.01562,854.7192,8.699515
Denmark,DNK,1989,5.6323,255.6385,628.8697,9.399248
Denmark,DNK,1990,6.1179004,247.24716,842.59906,9.515133
Denmark,DNK,1991,5.9116006,227.86499,679.183,8.333875
Denmark,DNK,1992,4.3142004,199.68492,679.43933,9.115382
Denmark,DNK,1993,5.6776004,190.68298,795.3834,7.8379574
Denmark,DNK,1994,5.5306005,197.04018,848.96484,8.8293915
Denmark,DNK,1995,6.2912006,188.87451,691.5525,8.500029
Denmark,DNK,1996,6.0526004,193.36778,561.79553,7.0279603
Denmark,DNK,1997,6.2072005,184.77802,671.6425,8.668021
Denmark,DNK,1998,6.1001005,174.13356,906.7091,8.4019375
Denmark,DNK,1999,5.8621006,163.46992,935.0332,9.060796
Denmark,DNK,2000,6.216,153.00307,847.54553,9.374743
Denmark,DNK,2001,6.1266003,134.6719,840.2585,8.388603
Denmark,DNK,2002,5.7618003,128.87434,872.8041,9.269135
Denmark,DNK,2003,6.0966005,138.18005,666.75323,8.73217
Denmark,DNK,2004,6.0131,144.78448,837.38983,8.775088
Denmark,DNK,2005,6.1534004,137.11707,703.6467,8.81421
Denmark,DNK,2006,5.7784,138.58116,861.47095,9.466601
Denmark,DNK,2007,5.6758,142.41197,917.5121,9.534068
Denmark,DNK,2008,6.0174003,147.6761,815.2575,9.511355
Denmark,DNK,2009,6.7790003,102.918144,792.0068,8.932357
Denmark,DNK,2010,5.8759003,113.712105,774.97284,7.0330606
Denmark,DNK,2011,5.8865004,112.84874,800.22034,9.025941
Denmark,DNK,2012,6.3097005,107.11332,881.1771,8.4095545
Denmark,DNK,2013,6.3166003,116.62278,733.3232,8.459241
Denmark,DNK,2014,6.7521005,123.56579,853.61584,10.140952
Denmark,DNK,2015,6.8847003,136.88043,962.9953,9.28159
Denmark,DNK,2016,6.222,139.14195,753.78033,9.246402
Denmark,DNK,2017,6.9165,163.16676,925.9954,9.131994
Denmark,DNK,2018,4.8888,134.83629,650.0155,9.680984
Denmark,DNK,2019,6.9289002,136.08357,941.4722,9.686946
Denmark,DNK,2020,6.9263,151.27945,835.8942,10.08015
Denmark,DNK,2021,6.3550005,139.42258,821.4956,8.935871
Denmark,DNK,2022,7.2414002,120.870766,787.7831,9.672769
Denmark,DNK,2023,5.6717005,113.64482,999.4071,9.522794
Djibouti,DJI,1981,2.5,22.0,261.07925,28.136736
Djibouti,DJI,1986,1.6667,100.0,274.63287,27.617666
Djibouti,DJI,1987,1.5000001,100.0,204.26428,28.323877
Djibouti,DJI,2002,1.6667,12.0,198.29358,28.530432
Djibouti,DJI,2003,1.6667,19.0,230.95699,28.363562
Djibouti,DJI,2004,1.6587,18.0,190.81487,28.638412
Djibouti,DJI,2005,1.5000001,18.0,198.54388,28.530617
Djibouti,DJI,2006,1.6667,18.461538,272.83664,28.310923
Djibouti,DJI,2007,1.7382001,18.666666,168.2402,28.343542
Djibouti,DJI,2008,1.7806001,21.666666,105.80058,28.057945
Djibouti,DJI,2009,1.8167,20.0,106.98195,28.447504
Djibouti,DJI,2010,1.8483001,21.875,251.05092,28.198984
Djibouti,DJI,2011,1.8793001,22.0,194.20973,28.002314
Djibouti,DJI,2012,2.0,23.5,108.25835,28.03871
Djibouti,DJI,2013,2.0,23.5,219.94368,28.158537
Djibouti,DJI,2014,1.9864001,25.5,198.56938,28.048605
Djibouti,DJI,2015,2.0076,24.5,155.62898,28.82514
Djibouti,DJI,2016,1.9982,28.5,238.25746,28.977987
Djibouti,DJI,2017,1.9987,32.5,147.30887,29.035608
Djibouti,DJI,2018,1.9982,28.0,173.71176,28.543365
Djibouti,DJI,2019,2.0026,29.5,222.95544,28.720991
Djibouti,DJI,2020,2.0071,33.666668,250.55367,28.654886
Djibouti,DJI,2021,2.0211,30.333334,187.95984,28.577324
Djibouti,DJI,2022,2.0274,28.333334,168.57027,28.6457
Djibouti,DJI,2023,2.0342,28.333334,193.3338,29.376717
Dominican Republic,DOM,1961,1.7583002,19.440277,1205.4241,23.435835
Dominican Republic,DOM,1962,1.7886001,15.065753,926.3165,23.578703
Dominican Republic,DOM,1963,1.8428001,11.486486,1340.295,23.569023
Dominican Republic,DOM,1964,1.9902,13.333333,950.49,23.744232
Dominican Republic,DOM,1965,2.0577002,15.789474,935.0709,23.507883
Dominican Republic,DOM,1966,2.1963003,20.60909,1015.2767,23.66078
Dominican Republic,DOM,1967,1.9701,22.820513,659.3073,23.68025
Dominican Republic,DOM,1968,1.9489001,21.153847,883.1629,23.574682
Dominican Republic,DOM,1969,2.1626003,37.177914,1141.6831,24.175964
Dominican Republic,DOM,1970,2.3785002,46.196342,1096.6478,23.878355
Dominican Republic,DOM,1971,2.6538002,63.84625,1011.8371,23.610987
Dominican Republic,DOM,1972,2.8926003,89.4847,1107.4067,23.865217
Dominican Republic,DOM,1973,3.0251002,87.67283,1145.5145,24.033829
Dominican Republic,DOM,1974,3.2087002,110.820335,1325.7568,23.572128
Dominican Republic,DOM,1975,2.3774,79.78142,983.0077,23.672533
Dominican Republic,DOM,1976,2.6030002,78.958336,834.86084,23.586935
Dominican Republic,DOM,1977,2.568,50.50505,1147.6832,24.084991
Dominican Republic,DOM,1978,2.7801003,56.23448,1234.3994,23.942055
Dominican Republic,DOM,1979,2.9225001,69.15865,1607.8795,23.650183
Dominican Republic,DOM,1980,3.0051003,48.2243,1177.9033,24.16397
Dominican Republic,DOM,1981,3.1454,54.139534,1348.7477,23.795486
Dominican Republic,DOM,1982,3.7539,56.279068,1098.3956,23.562943
Dominican Republic,DOM,1983,3.966,39.069767,1189.0321,24.18025
Dominican Republic,DOM,1984,3.4637,55.255814,1143.1741,23.662024
Dominican Republic,DOM,1985,3.6172001,56.744186,1126.5112,23.598696
Dominican Republic,DOM,1986,3.7548003,53.953487,1340.7855,23.667498
Dominican Republic,DOM,1987,3.7058003,73.46115,1500.2255,24.18744
Dominican Republic,DOM,1988,3.4992,63.47326,1286.6654,23.895844
Dominican Republic,DOM,1989,3.7262,81.21812,985.1913,23.779846
Dominican Republic,DOM,1990,3.9962,94.520096,1197.4863,24.010817
Dominican Republic,DOM,1991,3.9796002,97.80532,885.2694,23.960777
Dominican Republic,DOM,1992,6.0902004,87.38825,1239.1819,23.819784
Dominican Republic,DOM,1993,4.0152,82.15005,1237.8335,23.88669
Dominican Republic,DOM,1994,3.6367002,96.10596,882.69904,23.999224
Dominican Republic,DOM,1995,3.8563,100.47208,963.1369,24.111084
Dominican Republic,DOM,1996,3.8356004,99.09246,1187.1318,23.599115
Dominican Republic,DOM,1997,3.9507,118.46614,784.29376,24.483706
Dominican Republic,DOM,1998,3.6353002,107.34474,1265.3131,24.393713
Dominican Republic,DOM,1999,3.9831002,103.7748,1167.8141,23.667168
Dominican Republic,DOM,2000,4.1593,102.48114,863.4387,23.862188
Dominican Republic,DOM,2001,4.3048,108.83436,949.151,24.090416
Dominican Republic,DOM,2002,4.3434,73.372665,865.4078,24.238823
Dominican Republic,DOM,2003,4.0008,55.875782,1099.8566,24.214773
Dominican Republic,DOM,2004,3.8248003,65.491684,1108.9265,23.98311
Dominican Republic,DOM,2005,3.8086002,61.946537,1392.5913,24.298853
Dominican Republic,DOM,2006,4.2629,86.97035,1058.0074,24.318642
Dominican Republic,DOM,2007,4.3681,98.12434,1348.3596,24.3508
Dominican Republic,DOM,2008,4.4688,85.033104,1139.9596,24.001291
Dominican Republic,DOM,2009,3.9543002,78.58668,1039.6968,24.196815
Dominican Republic,DOM,2010,4.4360003,106.78138,1337.3043,24.495264
Dominican Republic,DOM,2011,4.6056004,90.51172,1229.7106,24.111662
Dominican Republic,DOM,2012,3.7477002,72.26686,1251.8098,24.191643
Dominican Republic,DOM,2013,4.0315003,76.77935,995.8809,24.327753
Dominican Republic,DOM,2014,4.5389,92.9118,820.362,24.5017
Dominican Republic,DOM,2015,4.6666,145.93938,780.31335,24.802795
Dominican Republic,DOM,2016,4.7281003,154.71785,1292.5046,24.62799
Dominican Republic,DOM,2017,4.7304,151.2695,1338.9391,24.498322
Dominican Republic,DOM,2018,4.6071005,261.9508,904.4149,24.41176
Dominican Republic,DOM,2019,4.6525,146.81412,890.17706,24.745375
Dominican Republic,DOM,2020,4.6537004,170.65048,1017.2281,24.868593
Dominican Republic,DOM,2021,4.7848,157.44441,925.57385,24.475752
Dominican Republic,DOM,2022,4.6077003,86.49072,967.0582,24.46112
Dominican Republic,DOM,2023,4.3758,89.550735,987.3248,25.143888
East Timor,TLS,2002,1.6672001,0.15494967,1261.9478,24.425314
East Timor,TLS,2003,1.4434001,0.026262626,1468.7396,24.52049
East Timor,TLS,2006,1.5034001,0.30161566,1897.4858,24.076506
East Timor,TLS,2008,1.4427,0.00077054795,1738.8997,24.407417
East Timor,TLS,2009,2.3155,0.20463918,1459.4797,24.572027
East Timor,TLS,2010,2.4514,3.092414,2244.0396,24.85948
East Timor,TLS,2012,2.0899,1.4878472,1642.9714,24.257715
East Timor,TLS,2013,2.6564,1.0816202,2167.3264,24.632284
East Timor,TLS,2014,2.9231002,0.17875874,1398.5331,24.469269
East Timor,TLS,2015,2.5957,2.1110525,1301.1462,24.442972
East Timor,TLS,2016,2.5679,0.9950704,1732.3934,25.348602
East Timor,TLS,2017,2.3833,0.35194346,1926.6423,24.825014
East Timor,TLS,2018,2.5036001,0.523227,1544.9493,24.8471
East Timor,TLS,2019,2.3542001,1.2930045,1390.4246,24.642237
East Timor,TLS,2020,2.6585002,0.7893274,1698.7617,25.068024
East Timor,TLS,2021,1.2019001,1.2547085,2112.8713,24.939138
East Timor,TLS,2022,1.9018002,1.1758745,2142.8586,24.794847
Ecuador,ECU,1961,1.0107001,6.4498534,2730.221,19.740795
Ecuador,ECU,1962,0.9250001,8.631672,2524.758,19.760859
Ecuador,ECU,1963,0.9865,10.964328,2337.1482,20.233866
Ecuador,ECU,1964,0.76870006,6.1385965,2957.881,20.041449
Ecuador,ECU,1965,0.9588,8.969679,3020.5488,20.17616
Ecuador,ECU,1966,1.0072,10.200583,2780.3032,20.16076
Ecuador,ECU,1967,0.89320004,29.030813,2713.8787,19.844688
Ecuador,ECU,1968,0.8233,36.893295,2760.7656,19.905832
Ecuador,ECU,1969,1.074,24.068024,2917.412,20.404726
Ecuador,ECU,1970,1.093,19.766956,2836.3284,20.166365
Ecuador,ECU,1971,0.96190006,10.6358385,3220.89,19.699831
Ecuador,ECU,1972,0.9221,24.430548,3232.0698,20.577366
Ecuador,ECU,1973,1.2292,30.12069,3224.1628,20.129875
Ecuador,ECU,1974,1.2832,23.312607,2913.2979,19.489988
Ecuador,ECU,1975,1.4144001,19.025581,3257.7053,19.654724
Ecuador,ECU,1976,1.3527,48.442856,3330.709,20.050299
Ecuador,ECU,1977,1.3685001,52.083637,2762.6956,20.632597
Ecuador,ECU,1978,1.3770001,44.327328,2657.9353,20.587404
Ecuador,ECU,1979,1.4923002,50.227215,2656.8242,20.605888
Ecuador,ECU,1980,1.6396,47.068092,2783.84,20.767864
Ecuador,ECU,1981,1.7680001,44.0,2765.8916,20.577444
Ecuador,ECU,1982,1.8801,46.42526,3443.8904,20.744984
Ecuador,ECU,1983,1.5660001,47.307693,4221.091,20.962027
Ecuador,ECU,1984,1.8513001,46.40381,3053.6968,19.96464
Ecuador,ECU,1985,1.9293002,45.495598,2559.7883,19.755402
Ecuador,ECU,1986,1.3796,46.403114,3171.8977,19.931654
Ecuador,ECU,1987,1.5198001,39.13614,3400.1147,20.757597
Ecuador,ECU,1988,1.7084001,47.262154,2870.9634,20.233114
Ecuador,ECU,1989,1.7561,46.890713,2977.468,19.995554
Ecuador,ECU,1990,1.7236,42.40711,2836.5576,20.360476
Ecuador,ECU,1991,1.7042,50.24331,3012.6484,20.55147
Ecuador,ECU,1992,1.7686001,59.889774,3359.2974,20.602875
Ecuador,ECU,1993,1.9516001,59.91077,3235.0378,20.457666
Ecuador,ECU,1994,2.075,57.371994,3233.996,20.29695
Ecuador,ECU,1995,1.9843001,64.167725,3073.977,20.316526
Ecuador,ECU,1996,2.0293002,73.42875,2852.1826,19.801346
Ecuador,ECU,1997,2.0587,101.05656,4195.349,20.562006
Ecuador,ECU,1998,1.9549001,100.9432,4267.0137,20.61445
Ecuador,ECU,1999,2.1231003,109.00621,3350.052,19.526333
Ecuador,ECU,2000,2.306,101.73267,3187.6357,19.645792
Ecuador,ECU,2001,1.8994001,233.10066,3106.6458,19.79923
Ecuador,ECU,2002,2.4346,167.62206,3243.8533,20.06291
Ecuador,ECU,2003,2.6173003,156.82217,3018.2407,19.941587
Ecuador,ECU,2004,2.9222002,217.52937,2790.1672,20.420061
Ecuador,ECU,2005,2.8416002,150.82947,2654.2468,20.705494
Ecuador,ECU,2006,2.8300002,207.78995,2993.5786,20.764324
Ecuador,ECU,2007,3.144,199.10628,2850.7659,20.608501
Ecuador,ECU,2008,2.9803002,214.11974,3172.7632,20.63854
Ecuador,ECU,2009,2.9655,187.27864,2993.6255,20.889793
Ecuador,ECU,2010,2.7231002,252.07097,3018.4612,21.034964
Ecuador,ECU,2011,2.2998002,275.3552,2945.1487,20.782255
Ecuador,ECU,2012,2.9146001,254.74344,3372.2727,20.762465
Ecuador,ECU,2013,2.5925002,236.17169,3004.0505,20.756718
Ecuador,ECU,2014,3.216,344.0165,3199.9114,20.893847
Ecuador,ECU,2015,3.9270003,254.81273,3400.0042,21.470566
Ecuador,ECU,2016,3.3621004,345.4457,3188.651,21.48715
Ecuador,ECU,2017,3.7713003,369.98645,3604.0203,21.129103
Ecuador,ECU,2018,3.5526004,428.79855,3277.838,20.924255
Ecuador,ECU,2019,3.9702,380.8645,3594.0806,21.149626
Ecuador,ECU,2020,3.5315,362.88535,2860.667,21.27785
Ecuador,ECU,2021,4.0160003,367.84668,3302.6785,20.97935
Ecuador,ECU,2022,4.0516005,325.92096,2901.1992,20.849031
Ecuador,ECU,2023,4.0249,216.9105,3385.1108,21.711573
Egypt,EGY,1961,2.9057002,96.95038,13.360393,21.299185
Egypt,EGY,1962,3.2596002,98.21702,6.915654,22.515032
Egypt,EGY,1963,3.3128002,114.429344,35.050182,22.721334
Egypt,EGY,1964,3.3301003,125.79273,50.683636,21.505796
Egypt,EGY,1965,3.7756002,130.75833,34.489445,21.659101
Egypt,EGY,1966,3.5655003,107.29295,143.38249,22.34652
Egypt,EGY,1967,3.5573003,104.213066,78.19917,21.440588
Egypt,EGY,1968,3.6271002,119.49088,11.799277,22.020477
Egypt,EGY,1969,3.7166002,127.657616,21.141815,22.52886
Egypt,EGY,1970,3.9118001,136.84146,7.097804,21.812017
Egypt,EGY,1971,3.9115002,136.16087,18.547773,21.876656
Egypt,EGY,1972,3.9513001,153.65027,18.520206,22.122627
Egypt,EGY,1973,4.0800004,148.54242,5.841248,21.877144
Egypt,EGY,1974,3.8404,158.33026,15.778944,21.815582
Egypt,EGY,1975,3.9781003,186.2475,16.952015,21.469858
Egypt,EGY,1976,3.9411004,191.45224,8.569319,21.812233
Egypt,EGY,1977,3.9238002,217.38576,8.079883,21.603027
Egypt,EGY,1978,4.0193005,242.65594,7.8704348,21.922852
Egypt,EGY,1979,3.9642003,262.2396,11.01062,22.571358
Egypt,EGY,1980,4.0945,290.24496,11.727553,22.09886
Egypt,EGY,1981,4.1005,306.85306,5.639634,21.834414
Egypt,EGY,1982,4.2037005,346.60974,14.325421,21.53417
Egypt,EGY,1983,4.3211,347.5454,10.221658,21.329908
Egypt,EGY,1984,4.3475003,349.85013,7.2684746,22.032417
Egypt,EGY,1985,4.5392003,374.6204,27.493742,22.412992
Egypt,EGY,1986,4.6962004,435.37534,10.896241,22.102747
Egypt,EGY,1987,4.8916,441.04022,10.867878,22.13426
Egypt,EGY,1988,5.0288,433.4632,23.458887,22.611252
Egypt,EGY,1989,5.3377004,409.50174,7.975403,22.173342
Egypt,EGY,1990,5.7029004,419.85376,10.959952,22.417246
Egypt,EGY,1991,5.6130004,424.96692,21.219618,22.444292
Egypt,EGY,1992,5.8985004,335.50595,14.116264,21.735815
Egypt,EGY,1993,5.9951005,377.7026,13.39767,22.64522
Egypt,EGY,1994,5.8611,322.75,22.2195,22.574387
Egypt,EGY,1995,5.9037004,399.858,9.17256,22.59839
Egypt,EGY,1996,6.4991,427.0493,13.567881,22.809126
Egypt,EGY,1997,6.6055,388.18787,12.759303,22.35441
Egypt,EGY,1998,6.7974,419.2152,8.777616,23.061073
Egypt,EGY,1999,7.1666,393.9546,8.465639,23.127853
Egypt,EGY,2000,7.2801003,449.74332,10.938227,22.30731
Egypt,EGY,2001,7.0994,457.30444,6.198369,22.999285
Egypt,EGY,2002,7.4456005,454.35968,8.800799,23.148584
Egypt,EGY,2003,7.5154004,477.6669,6.5361843,22.929125
Egypt,EGY,2004,7.5562005,541.2816,8.519822,22.942251
Egypt,EGY,2005,7.5369,600.07806,9.82201,23.00768
Egypt,EGY,2006,7.5002007,586.5643,8.566395,22.934097
Egypt,EGY,2007,7.4185004,523.16693,7.768105,23.045563
Egypt,EGY,2008,7.4522004,520.2498,10.190325,23.346174
Egypt,EGY,2009,7.1583,483.07907,5.709394,23.205206
Egypt,EGY,2010,6.5043,473.37277,9.275032,24.676065
Egypt,EGY,2011,7.2463,503.56125,11.657751,22.647903
Egypt,EGY,2012,7.2690005,462.99045,9.0262575,23.260477
Egypt,EGY,2013,7.2853003,536.7489,8.34276,23.30596
Egypt,EGY,2014,7.0850005,546.9682,13.213127,23.616701
Egypt,EGY,2015,7.1173,569.45917,15.066537,23.349646
Egypt,EGY,2016,7.2515,568.04205,9.562314,23.726995
Egypt,EGY,2017,7.4006004,574.18195,7.1592255,23.009504
Egypt,EGY,2018,6.7760005,535.2903,14.129065,24.097162
Egypt,EGY,2019,6.0438,504.72195,15.139509,23.365585
Egypt,EGY,2020,7.1642003,506.62704,26.94142,23.157831
Egypt,EGY,2021,7.3357005,541.8915,10.798695,23.623568
Egypt,EGY,2022,7.0776005,532.7747,10.596375,22.953033
Egypt,EGY,2023,7.3563004,532.7747,11.435585,23.844324
El Salvador,SLV,1961,0.93780005,42.235657,1379.4365,25.001532
El Salvador,SLV,1962,1.0839001,54.086067,1439.7416,24.907127
El Salvador,SLV,1963,1.148,93.940575,1501.1646,25.342932
El Salvador,SLV,1964,1.1672,108.0,1213.7859,25.392395
El Salvador,SLV,1965,1.0822,72.92437,1293.0259,25.53964
El Salvador,SLV,1966,1.2868001,113.09574,1556.3644,25.286703
El Salvador,SLV,1967,1.2194,98.105606,1018.68994,25.615232
El Salvador,SLV,1968,1.3538,125.54585,1702.9589,25.114592
El Salvador,SLV,1969,1.3895,118.68132,2288.8948,25.30983
El Salvador,SLV,1970,1.6212001,144.41556,1646.6798,25.153275
El Salvador,SLV,1971,1.6772001,165.57378,1540.3337,25.084234
El Salvador,SLV,1972,1.2073001,193.64754,1233.1818,25.921211
El Salvador,SLV,1973,1.8178002,225.0,1831.6359,25.370153
El Salvador,SLV,1974,1.4741,202.04918,1246.7263,25.263168
El Salvador,SLV,1975,1.7061001,192.41803,1646.1116,25.215097
El Salvador,SLV,1976,1.4334,215.14948,1253.7169,25.328476
El Salvador,SLV,1977,1.4472001,222.18105,1240.7783,25.742256
El Salvador,SLV,1978,1.7339001,216.56311,1560.7024,25.503012
El Salvador,SLV,1979,1.7087001,133.39285,1743.9633,25.675005
El Salvador,SLV,1980,1.7060001,108.15771,1397.5011,25.798235
El Salvador,SLV,1981,1.6913002,171.36433,1611.012,25.467615
El Salvador,SLV,1982,1.5550001,125.53027,1486.2675,25.927542
El Salvador,SLV,1983,1.6713002,174.65106,1255.6996,26.12699
El Salvador,SLV,1984,1.9499002,114.28958,1530.1614,25.157974
El Salvador,SLV,1985,1.8094001,169.27,1373.9169,25.500732
El Salvador,SLV,1986,1.6201,127.64423,1087.6033,25.545797
El Salvador,SLV,1987,1.5551001,177.83269,1157.9479,26.335985
El Salvador,SLV,1988,1.9310001,180.03148,1689.5365,25.663208
El Salvador,SLV,1989,1.9487001,144.3926,1503.9392,25.483637
El Salvador,SLV,1990,1.9393002,135.99272,1329.8022,26.013071
El Salvador,SLV,1991,1.6335001,137.17345,1185.3577,26.028944
El Salvador,SLV,1992,2.0393002,127.4983,1394.8866,25.976015
El Salvador,SLV,1993,1.9869001,127.50853,1696.1543,25.649408
El Salvador,SLV,1994,1.6096001,113.0137,1113.8094,26.094511
El Salvador,SLV,1995,2.0513,120.08076,2160.0757,25.52167
El Salvador,SLV,1996,2.1193001,162.47787,1859.1942,25.263266
El Salvador,SLV,1997,1.7363001,167.07965,1299.4789,26.234016
El Salvador,SLV,1998,1.8867,138.0,1922.6162,26.112127
El Salvador,SLV,1999,2.25,124.41838,1936.6803,25.005934
El Salvador,SLV,2000,2.1553001,124.02966,1329.8982,25.426702
El Salvador,SLV,2001,1.9097,117.41656,1144.5558,25.678635
El Salvador,SLV,2002,2.4769,79.81915,1323.0,26.1858
El Salvador,SLV,2003,2.4725,86.520966,1463.8247,25.910536
El Salvador,SLV,2004,2.4861002,98.39411,1432.8489,26.001593
El Salvador,SLV,2005,2.6327,150.89203,2058.2305,25.81684
El Salvador,SLV,2006,2.8029,108.77318,1547.6361,25.905928
El Salvador,SLV,2007,2.6152,152.4885,1677.6759,25.745026
El Salvador,SLV,2008,2.9053001,136.7486,2075.0332,25.35435
El Salvador,SLV,2009,2.7269,122.92381,1269.6707,26.237955
El Salvador,SLV,2010,2.726,184.1715,2317.3452,25.793701
El Salvador,SLV,2011,2.492,194.46738,1879.436,25.795502
El Salvador,SLV,2012,2.7822,151.83185,1251.9868,26.08776
El Salvador,SLV,2013,2.713,151.17595,1376.4655,26.251602
El Salvador,SLV,2014,2.4857001,100.207664,1359.8912,26.429586
El Salvador,SLV,2015,2.2881002,116.83456,1285.5416,27.068466
El Salvador,SLV,2016,2.7455,96.11174,1268.6366,26.757277
El Salvador,SLV,2017,2.9097002,90.088295,1662.4603,26.388758
El Salvador,SLV,2018,2.3797,114.962555,1433.7645,26.544632
El Salvador,SLV,2019,2.7770002,59.391125,1417.0198,26.874716
El Salvador,SLV,2020,2.732,80.963936,1974.2948,26.48445
El Salvador,SLV,2021,2.9503002,92.194176,1496.6857,26.682386
El Salvador,SLV,2022,2.7571003,39.16089,1938.6244,26.30044
El Salvador,SLV,2023,2.7768002,74.5964,1326.5271,27.178144
Eritrea,ERI,1993,0.25660002,1.4056225,342.47833,26.442213
Eritrea,ERI,1994,0.767,2.9748285,395.42554,26.57705
Eritrea,ERI,1995,0.416,3.6849315,425.7638,26.592821
Eritrea,ERI,1996,0.2649,13.531165,434.84283,26.494026
Eritrea,ERI,1997,0.2655,15.345268,430.05115,26.485247
Eritrea,ERI,1998,0.95970005,13.052209,373.8382,26.881569
Eritrea,ERI,1999,0.74660003,21.88755,336.35995,26.857893
Eritrea,ERI,2000,0.37720004,19.464285,286.74057,26.679262
Eritrea,ERI,2001,0.6371,9.729537,330.89758,26.805326
Eritrea,ERI,2002,0.15820001,6.2366548,303.01428,27.108107
Eritrea,ERI,2003,0.261,1.6281407,379.02875,26.967485
Eritrea,ERI,2004,0.2753,0.0050167223,309.6506,27.060837
Eritrea,ERI,2005,0.75820005,2.316129,347.05667,26.825066
Eritrea,ERI,2006,0.79850006,0.016417911,412.98914,26.766077
Eritrea,ERI,2007,0.93850005,3.4895523,348.05893,26.448526
Eritrea,ERI,2009,0.5001,2.7826087,242.51434,27.43641
Eritrea,ERI,2010,0.51170003,0.4173913,336.01285,27.213541
Eritrea,ERI,2011,0.6491,0.82173914,274.7026,26.66423
Eritrea,ERI,2012,0.6894001,0.9826087,265.99377,26.971567
Eritrea,ERI,2013,0.66980004,1.1884058,309.44553,27.240248
Eritrea,ERI,2014,0.6664001,1.457971,345.286,26.900726
Eritrea,ERI,2015,0.6424,1.4710145,237.97044,27.650572
Eritrea,ERI,2016,0.63970006,2.788406,376.52155,27.457895
Eritrea,ERI,2017,0.64220005,2.5710144,289.68454,27.605263
Eritrea,ERI,2018,0.63890004,6.7985506,367.6494,27.243172
Eritrea,ERI,2019,0.63850003,5.9869566,409.1671,27.219244
Eritrea,ERI,2020,0.6386,5.057971,291.70398,27.003662
Eritrea,ERI,2021,0.6377,3.0028985,223.78188,27.42517
Eritrea,ERI,2022,0.63820004,3.9478261,252.74414,27.2212
Eritrea,ERI,2023,0.63820004,1.873913,209.66188,27.996977
Estonia,EST,1992,1.4038001,101.085205,647.2045,6.556747
Estonia,EST,1993,2.1613002,60.928707,751.086,5.2069592
Estonia,EST,1994,1.5971,43.923077,724.0354,5.368895
Estonia,EST,1995,1.6874001,32.036613,749.592,6.2924857
Estonia,EST,1996,2.1785002,25.081448,618.68665,4.6645494
Estonia,EST,1997,1.9920001,31.311937,702.2126,5.9280305
Estonia,EST,1998,1.6270001,36.52424,816.53723,5.5131874
Estonia,EST,1999,1.2513001,31.769499,671.20856,6.560243
Estonia,EST,2000,2.1147,41.548042,759.66187,7.090206
Estonia,EST,2001,2.0370002,43.88331,807.317,6.0954595
Estonia,EST,2002,2.0240002,44.014015,603.761,6.364666
Estonia,EST,2003,1.9217,71.64954,702.7277,5.8043
Estonia,EST,2004,2.3303,84.30965,786.2114,5.9957786
Estonia,EST,2005,2.6944,60.951336,640.35455,6.0219502
Estonia,EST,2006,2.2099,75.65373,588.1199,6.5875416
Estonia,EST,2007,3.0091002,75.87185,778.1093,6.813801
Estonia,EST,2008,2.7928002,100.363,921.93286,7.2855134
Estonia,EST,2009,2.7605002,69.41315,804.7174,5.972876
Estonia,EST,2010,2.4642,68.389145,827.48566,4.9383397
Estonia,EST,2011,2.5989,71.51803,719.71674,6.887337
Estonia,EST,2012,3.4120002,81.07011,936.0969,5.3379493
Estonia,EST,2013,3.1356003,82.3558,637.92993,6.644728
Estonia,EST,2014,3.6696002,85.34098,707.256,6.8718815
Estonia,EST,2015,4.3816004,82.67259,691.13116,7.418576
Estonia,EST,2016,2.6584,79.293106,800.95154,6.483679
Estonia,EST,2017,3.9673002,87.935196,832.7084,6.3412127
Estonia,EST,2018,2.6249,88.38799,583.99097,7.0349765
Estonia,EST,2019,4.4586005,90.27391,778.66614,7.404331
Estonia,EST,2020,4.4115,94.77954,793.3733,8.269718
Estonia,EST,2021,3.5024002,103.494286,758.8912,6.4792743
Estonia,EST,2022,4.2245,85.77935,681.25024,6.946545
Estonia,EST,2023,3.4095001,74.86217,790.3306,7.0678983
Eswatini,SWZ,1961,0.4693,31.451612,823.88293,19.5057
Eswatini,SWZ,1962,0.48610002,29.850746,826.27094,19.962912
Eswatini,SWZ,1963,0.5411,28.16279,668.71796,19.736578
Eswatini,SWZ,1964,0.4778,29.35606,1038.9973,19.042837
Eswatini,SWZ,1965,0.48290002,39.285713,653.14667,19.238424
Eswatini,SWZ,1966,0.45340002,38.926174,700.72253,19.577454
Eswatini,SWZ,1967,0.6851,42.48366,891.0145,19.092295
Eswatini,SWZ,1968,0.5521,30.921568,888.3866,18.467525
Eswatini,SWZ,1969,0.61950004,36.040268,935.2813,19.52992
Eswatini,SWZ,1970,0.64820004,40.422817,755.3496,19.807863
Eswatini,SWZ,1971,1.6190001,48.825504,875.38153,19.331854
Eswatini,SWZ,1972,1.7535001,39.625,870.0083,19.279882
Eswatini,SWZ,1973,1.1606001,75.85714,1099.6483,19.249144
Eswatini,SWZ,1974,1.5543001,59.35484,907.5366,19.614443
Eswatini,SWZ,1975,1.4187,56.287426,1265.0378,18.74052
Eswatini,SWZ,1976,1.4692,65.03106,1007.9434,19.05609
Eswatini,SWZ,1977,1.3225001,65.48322,1129.68,19.68004
Eswatini,SWZ,1978,1.8033001,83.94681,1023.5346,19.31031
Eswatini,SWZ,1979,0.9671,79.315216,832.2508,19.474539
Eswatini,SWZ,1980,1.3814001,111.05464,784.0895,19.197454
Eswatini,SWZ,1981,1.6854001,129.56717,868.64935,18.86358
Eswatini,SWZ,1982,0.90150005,105.68421,662.0545,19.351141
Eswatini,SWZ,1983,0.72020006,130.0752,690.2131,20.072832
Eswatini,SWZ,1984,1.8028002,50.295856,1162.3113,18.778774
Eswatini,SWZ,1985,2.0455,57.12987,968.3585,19.661676
Eswatini,SWZ,1986,1.4870001,76.876625,797.5972,19.67919
Eswatini,SWZ,1987,1.2889001,82.25,898.9448,19.898584
Eswatini,SWZ,1988,1.3139001,78.0226,963.01025,19.466368
Eswatini,SWZ,1989,1.0532,71.927086,933.81647,19.405731
Eswatini,SWZ,1990,1.284,74.42778,970.73456,19.199512
Eswatini,SWZ,1991,1.0504,62.84153,899.79663,19.533419
Eswatini,SWZ,1992,1.5543001,69.27374,568.91864,20.649626
Eswatini,SWZ,1993,1.3812001,65.16854,718.2186,19.75834
Eswatini,SWZ,1994,1.2719,27.52809,653.322,19.086153
Eswatini,SWZ,1995,2.1696002,28.623596,921.95123,19.08722
Eswatini,SWZ,1996,1.7566,23.730337,946.7515,19.072897
Eswatini,SWZ,1997,1.9060001,29.213484,1152.9427,19.014332
Eswatini,SWZ,1998,1.8977001,32.58427,981.70966,19.807055
Eswatini,SWZ,1999,1.6337,30.898876,959.4795,19.725428
Eswatini,SWZ,2000,1.6327001,32.58427,1454.1853,18.956322
Eswatini,SWZ,2001,1.4176,39.325844,1078.747,19.515615
Eswatini,SWZ,2002,0.9965001,59.86517,664.48914,19.67867
Eswatini,SWZ,2003,1.0239,47.69101,629.1142,20.225588
Eswatini,SWZ,2004,1.2465,52.02809,1014.49347,19.634739
Eswatini,SWZ,2005,1.3171,40.77528,794.82404,19.994387
Eswatini,SWZ,2006,1.4231,53.638416,1046.937,19.436777
Eswatini,SWZ,2007,0.5676,52.525425,675.6111,19.678524
Eswatini,SWZ,2008,1.0014001,47.932205,779.7927,19.49291
Eswatini,SWZ,2009,1.2895001,48.76271,898.8995,19.50585
Eswatini,SWZ,2010,1.2053001,48.028248,1033.2451,20.14857
Eswatini,SWZ,2011,1.3436,52.536724,851.07465,19.727312
Eswatini,SWZ,2012,1.3372,54.84181,910.98285,19.917736
Eswatini,SWZ,2013,1.3673002,60.35593,918.4909,19.515987
Eswatini,SWZ,2014,1.3623002,58.92655,879.27905,19.70558
Eswatini,SWZ,2015,1.2597001,56.58192,586.6406,20.738039
Eswatini,SWZ,2016,1.2249001,51.81921,690.2106,20.619223
Eswatini,SWZ,2017,1.2404001,64.62147,908.5146,19.839102
Eswatini,SWZ,2018,1.2723001,81.02825,770.8464,19.801676
Eswatini,SWZ,2019,1.2797,81.42373,766.4831,20.351831
Eswatini,SWZ,2020,1.2866,82.45198,871.49316,19.813791
Eswatini,SWZ,2021,1.4319001,91.18644,1018.4811,19.530735
Eswatini,SWZ,2022,1.5870001,80.94915,1009.7071,19.886269
Eswatini,SWZ,2023,1.2254001,80.94915,901.22705,20.146505
Ethiopia,ETH,1993,1.3122001,7.59,1021.06573,22.79329
Ethiopia,ETH,1994,0.97360003,11.689488,1025.0121,23.155432
Ethiopia,ETH,1995,1.0328001,13.511066,1005.998,23.293917
Ethiopia,ETH,1996,1.2131001,17.885464,1157.9468,22.906738
Ethiopia,ETH,1997,1.2634001,13.306263,1202.279,23.109955
Ethiopia,ETH,1998,1.1401,16.586998,1018.2708,23.561838
Ethiopia,ETH,1999,1.1239,16.98988,919.5156,23.152496
Ethiopia,ETH,2000,1.1155001,15.952188,937.86566,22.83708
Ethiopia,ETH,2001,1.1973001,13.680085,995.9235,22.936548
Ethiopia,ETH,2002,1.3529001,17.012484,922.9441,23.379448
Ethiopia,ETH,2003,1.1227,5.7023244,942.69977,23.223455
Ethiopia,ETH,2004,1.1621001,10.309285,967.61395,23.16355
Ethiopia,ETH,2005,1.3612,10.902519,1017.88763,23.435112
Ethiopia,ETH,2006,1.5632,11.131009,1128.861,23.377104
Ethiopia,ETH,2007,1.4485,16.039892,964.8758,23.474098
Ethiopia,ETH,2008,1.4256,17.200205,918.3845,23.240217
Ethiopia,ETH,2009,1.6502,17.662317,816.83655,23.934366
Ethiopia,ETH,2010,1.7603002,21.8471,1068.4465,23.53434
Ethiopia,ETH,2011,1.7642001,20.81905,949.5462,23.34429
Ethiopia,ETH,2012,1.9398001,30.586342,948.15753,23.541735
Ethiopia,ETH,2013,2.0661001,18.25913,1059.8037,23.33223
Ethiopia,ETH,2014,2.2279,25.35958,1034.0714,23.537111
Ethiopia,ETH,2015,2.3371003,28.112589,937.7638,23.958107
Ethiopia,ETH,2016,2.3266003,33.788273,965.4886,24.08474
Ethiopia,ETH,2017,2.5187001,34.514565,960.31146,23.881271
Ethiopia,ETH,2018,2.5216002,16.535553,1057.4076,23.413872
Ethiopia,ETH,2019,2.7112,26.310524,1146.1527,23.83742
Ethiopia,ETH,2020,2.7128003,39.88509,1035.2386,23.758896
Ethiopia,ETH,2021,2.6606002,41.772675,822.3942,23.743555
Ethiopia,ETH,2022,2.6909,37.808784,789.82904,23.955767
Ethiopia,ETH,2023,2.6563,45.322334,1045.1627,24.017874
Fiji,FJI,1961,1.7611,18.35955,2210.539,24.112467
Fiji,FJI,1962,1.7652,46.22472,2177.5786,23.98436
Fiji,FJI,1963,1.8117,57.15116,2817.0972,23.907766
Fiji,FJI,1964,1.7854002,88.81396,2346.7104,24.255661
Fiji,FJI,1965,1.7830001,76.54321,2028.4478,23.52697
Fiji,FJI,1966,1.7263001,75.49383,1805.6425,23.687891
Fiji,FJI,1967,1.7567,65.51899,2137.8672,23.951925
Fiji,FJI,1968,2.0407,87.17911,2107.4304,23.821833
Fiji,FJI,1969,1.8416001,86.8806,1884.7356,23.970945
Fiji,FJI,1970,1.8653002,88.76119,2395.4927,24.196417
Fiji,FJI,1971,1.9204001,110.43284,2286.82,24.115746
Fiji,FJI,1972,1.9381001,141.42857,2649.1123,23.800535
Fiji,FJI,1973,2.0597,117.11429,2358.613,24.387579
Fiji,FJI,1974,1.9355001,175.85715,2758.6926,24.175234
Fiji,FJI,1975,2.2408001,156.0,2998.1394,24.196722
Fiji,FJI,1976,2.302,157.5,2370.5608,23.976885
Fiji,FJI,1977,1.9301001,140.0,2351.4924,23.708855
Fiji,FJI,1978,1.8544002,132.22223,2121.043,23.774414
Fiji,FJI,1979,2.0177,193.33333,2176.1624,23.787348
Fiji,FJI,1980,1.9256,182.22223,2195.4985,23.98858
Fiji,FJI,1981,2.0695002,197.89473,2217.3281,23.87644
Fiji,FJI,1982,2.1185,138.0,2737.7224,23.910795
Fiji,FJI,1983,1.8447001,103.809525,1862.8734,24.05615
Fiji,FJI,1984,2.1405,142.72728,2222.423,24.216629
Fiji,FJI,1985,2.4082,113.625,2064.7466,24.062838
Fiji,FJI,1986,2.1818001,180.83333,2272.1304,23.708557
Fiji,FJI,1987,1.9228002,165.38461,1309.352,23.733263
Fiji,FJI,1988,2.3782,180.0,2346.0134,24.602636
Fiji,FJI,1989,2.3706002,153.66667,2183.8472,24.121025
Fiji,FJI,1990,2.181,143.75,2212.9546,24.15885
Fiji,FJI,1991,2.3168,81.871346,2082.822,24.047724
Fiji,FJI,1992,2.154,79.29782,1840.7302,23.969727
Fiji,FJI,1993,2.2755,93.47553,1730.215,23.633606
Fiji,FJI,1994,2.301,117.1875,1733.654,23.644358
Fiji,FJI,1995,2.651,126.05042,1679.5485,24.151648
Fiji,FJI,1996,2.105,138.68613,2178.4526,24.21903
Fiji,FJI,1997,2.2133002,146.34146,2479.3162,23.808535
Fiji,FJI,1998,0.7544001,146.73047,1409.3146,24.402246
Fiji,FJI,1999,2.7063003,118.42105,2887.0972,24.203089
Fiji,FJI,2000,2.4337,64.76684,2653.3147,24.386679
Fiji,FJI,2001,2.3416002,90.90909,2024.9865,24.333761
Fiji,FJI,2002,2.3798,116.62188,2204.6484,24.519602
Fiji,FJI,2003,2.3389,33.262196,1877.0035,24.134447
Fiji,FJI,2004,2.3528001,83.14255,2007.2499,24.294847
Fiji,FJI,2005,2.3492,76.72811,2155.821,24.33143
Fiji,FJI,2006,2.2835002,52.728394,1962.1924,24.244028
Fiji,FJI,2007,2.6524,53.803192,2697.5024,24.88884
Fiji,FJI,2008,2.2661002,100.14409,2499.6978,24.559774
Fiji,FJI,2009,2.8190002,59.142395,2591.2637,23.897781
Fiji,FJI,2010,2.8711002,42.689873,2179.4563,24.697363
Fiji,FJI,2011,2.8213003,90.634674,2611.2146,24.416086
Fiji,FJI,2012,2.4234,72.318184,3217.0203,24.247086
Fiji,FJI,2013,2.9995,83.05638,2348.9019,24.57667
Fiji,FJI,2014,4.4754,84.91279,1865.836,24.236322
Fiji,FJI,2015,3.0010002,125.2849,1792.2317,24.035192
Fiji,FJI,2016,3.0009,106.089386,2472.8296,24.70651
Fiji,FJI,2017,3.0009,118.0411,2377.606,24.81205
Fiji,FJI,2018,3.0022001,84.71774,2570.931,24.65447
Fiji,FJI,2019,3.3529,81.16095,2815.9907,24.735924
Fiji,FJI,2020,3.6665,97.72135,2748.038,25.034735
Fiji,FJI,2021,3.8877,76.171875,2851.4392,24.985367
Fiji,FJI,2022,4.1923,127.916664,2921.7852,25.078562
Fiji,FJI,2023,4.1097,103.13802,2305.0269,24.786772
Finland,FIN,1961,1.8834001,90.67024,726.6082,3.2984142
Finland,FIN,1962,1.3636,88.06129,739.24146,1.2169179
Finland,FIN,1963,1.7992,106.02894,602.7694,1.5263462
Finland,FIN,1964,1.5813001,120.74402,620.18567,2.091182
Finland,FIN,1965,2.0079002,128.08197,703.6639,1.2092913
Finland,FIN,1966,1.7806001,126.88849,701.41547,-0.014387925
Finland,FIN,1967,1.9907,134.74548,759.94885,2.3091495
Finland,FIN,1968,2.0821002,152.12779,653.8357,0.73997897
Finland,FIN,1969,2.2863002,178.4683,582.82245,0.8620455
Finland,FIN,1970,2.3966002,188.82132,679.3827,1.5013608
Finland,FIN,1971,2.568,198.23872,689.7435,1.1585746
Finland,FIN,1972,2.4605,205.09401,737.29114,3.1774333
Finland,FIN,1973,2.2410002,232.86137,674.1455,1.9045458
Finland,FIN,1974,2.1833003,242.00417,893.1398,3.5891945
Finland,FIN,1975,2.6254,210.7729,664.8509,3.206352
Finland,FIN,1976,2.9518,171.32256,563.9578,0.6152143
Finland,FIN,1977,2.4314,181.21185,747.368,1.4413027
Finland,FIN,1978,2.4467,195.78151,560.6099,0.40034804
Finland,FIN,1979,2.6368003,204.12544,740.5514,1.7536869
Finland,FIN,1980,2.8234,206.40608,613.9058,1.2364663
Finland,FIN,1981,2.0729,194.89693,839.56616,1.1537896
Finland,FIN,1982,2.9223,226.78496,672.37134,2.0758088
Finland,FIN,1983,3.1801002,225.83716,747.1201,2.2866108
Finland,FIN,1984,3.0592,215.4374,717.2837,2.7883046
Finland,FIN,1985,2.9043002,219.1309,669.5835,-0.19523986
Finland,FIN,1986,2.9414,225.31155,699.6499,1.4329443
Finland,FIN,1987,1.9200001,228.904,658.7154,0.09987545
Finland,FIN,1988,2.3268,219.31445,731.4131,2.1726847
Finland,FIN,1989,3.1902,227.96478,724.9331,3.9838378
Finland,FIN,1990,3.5431004,195.09454,651.935,3.122941
Finland,FIN,1991,3.3477,147.43227,729.64276,2.5479414
Finland,FIN,1992,2.8458002,151.04185,781.30054,2.8480308
Finland,FIN,1993,3.6065001,149.73853,652.60876,2.0694406
Finland,FIN,1994,3.5872002,154.41362,634.0481,2.100446
Finland,FIN,1995,3.4090002,158.98764,676.8193,2.6813138
Finland,FIN,1996,3.4380002,147.4051,638.8711,2.021988
Finland,FIN,1997,3.4101002,147.72299,606.424,2.5130851
Finland,FIN,1998,2.4028,142.58029,801.00494,1.513683
Finland,FIN,1999,2.5412002,142.39125,669.4023,2.6262343
Finland,FIN,2000,3.4987001,136.64824,751.7471,3.853922
Finland,FIN,2001,3.1644,135.4124,658.8836,2.3000898
Finland,FIN,2002,3.295,129.4286,566.95374,2.47005
Finland,FIN,2003,3.1780002,126.60403,623.7296,2.7310154
Finland,FIN,2004,3.2106001,126.155716,747.8675,2.8732255
Finland,FIN,2005,3.4229,121.37894,711.1519,3.550536
Finland,FIN,2006,3.2938,113.93762,608.1205,3.1996248
Finland,FIN,2007,3.6547,106.77405,749.01483,3.361969
Finland,FIN,2008,3.5423002,95.938644,794.3022,3.379055
Finland,FIN,2009,3.7604,76.77324,608.668,2.5867097
Finland,FIN,2010,3.1353002,100.53708,651.86316,1.331725
Finland,FIN,2011,3.5217001,86.18618,754.558,3.7593892
Finland,FIN,2012,3.5336003,86.23983,849.9463,2.0347807
Finland,FIN,2013,3.6895,87.35264,692.63226,3.706705
Finland,FIN,2014,3.6914,92.74431,680.9275,3.8900173
Finland,FIN,2015,3.6139002,89.20439,831.87006,4.1532207
Finland,FIN,2016,3.5733001,86.16296,769.3875,3.430623
Finland,FIN,2017,3.9579,89.53836,771.76154,2.8574698
Finland,FIN,2018,3.0527,91.66028,611.73517,3.5766735
Finland,FIN,2019,4.2575,95.280624,769.56396,3.117861
Finland,FIN,2020,3.5893002,92.791794,830.8786,4.7219343
Finland,FIN,2021,2.7773001,98.08426,773.20557,2.7399654
Finland,FIN,2022,3.7701004,69.531456,726.6182,3.64764
Finland,FIN,2023,3.3105001,87.16756,825.6885,3.1771832
France,FRA,1961,2.2759001,123.589714,1040.0066,13.352948
France,FRA,1962,2.6897001,134.48137,1014.5364,11.964578
France,FRA,1963,2.7694001,148.14227,1138.7252,11.5608635
France,FRA,1964,2.8234,161.19058,917.6195,12.463662
France,FRA,1965,3.1065001,164.88945,1216.2567,11.997833
France,FRA,1966,2.9081001,182.96794,1131.5443,12.76043
France,FRA,1967,3.4767,210.03236,1046.197,12.59298
France,FRA,1968,3.5709,230.04045,1189.8281,12.366216
France,FRA,1969,3.5321002,239.36653,1225.7444,12.3871355
France,FRA,1970,3.3744001,267.06384,1242.0597,12.4321785
France,FRA,1971,3.8755002,290.80258,1121.1216,12.301757
France,FRA,1972,4.1687,311.35056,1194.9324,12.112389
France,FRA,1973,4.4075003,340.83896,1030.1262,12.298697
France,FRA,1974,4.1793,269.46985,1194.7803,12.554234
France,FRA,1975,3.6966002,270.36865,1077.514,12.418812
France,FRA,1976,3.4408002,298.02112,1048.936,12.76588
France,FRA,1977,4.0514,302.91342,1195.6394,12.571994
France,FRA,1978,4.6305003,323.71924,1107.1968,12.166846
France,FRA,1979,4.5160003,339.31958,1256.1045,12.201298
France,FRA,1980,4.8542004,321.01077,1136.2119,11.967956
France,FRA,1981,4.7291,317.7907,1307.4465,12.581608
France,FRA,1982,5.0075,315.6195,1179.8727,13.085629
France,FRA,1983,4.9499,330.12622,1079.2809,12.91558
France,FRA,1984,5.9768,324.555,1208.9622,12.227596
France,FRA,1985,5.7428,317.7314,962.6571,11.983864
France,FRA,1986,5.3016005,326.2696,1145.0355,12.286922
France,FRA,1987,5.7062006,320.26752,1078.5865,12.458199
France,FRA,1988,6.0808,336.8158,1130.9977,13.065243
France,FRA,1989,6.0991006,344.6321,919.55524,13.509983
France,FRA,1990,6.0826006,319.53128,1016.2558,13.491197
France,FRA,1991,6.5362005,312.09164,876.2243,12.506462
France,FRA,1992,6.4854,253.82559,1031.4154,12.8903265
France,FRA,1993,6.5126004,255.29839,1094.7439,12.615693
France,FRA,1994,6.5426006,260.39722,1166.6,13.695335
France,FRA,1995,6.4565005,270.41068,1051.3663,13.36882
France,FRA,1996,7.0824003,278.16534,1098.2554,12.478745
France,FRA,1997,6.8903003,273.05817,984.803,13.56778
France,FRA,1998,7.4154,264.05722,974.01996,13.110737
France,FRA,1999,7.2604003,258.99713,1211.0497,13.388192
France,FRA,2000,7.2315,225.82051,1206.9763,13.505878
France,FRA,2001,6.7292004,227.7348,1115.8035,13.208331
France,FRA,2002,7.4530005,211.28378,1139.3085,13.596734
France,FRA,2003,6.1253,223.36392,927.7132,13.906772
France,FRA,2004,7.5187006,212.10802,982.6951,13.1948
France,FRA,2005,6.9654,192.46257,935.4893,13.188999
France,FRA,2006,6.8005004,190.38257,1101.4471,13.700684
France,FRA,2007,6.5206003,209.3382,1087.1388,13.411831
France,FRA,2008,7.2528,152.44653,1164.2639,13.104882
France,FRA,2009,7.4124002,120.56342,977.41437,13.529804
France,FRA,2010,7.0686007,150.53796,1120.5485,12.611843
France,FRA,2011,6.9193,141.2993,953.65466,14.108528
France,FRA,2012,7.2545004,160.7863,1103.3868,13.360692
France,FRA,2013,7.0848002,169.41739,1207.9475,12.958579
France,FRA,2014,7.5791006,168.42673,1131.1866,14.144451
France,FRA,2015,7.5905004,170.40096,950.7198,13.994941
France,FRA,2016,5.6909003,163.13911,1095.1658,13.606183
France,FRA,2017,7.3067007,177.62483,1052.87,13.771838
France,FRA,2018,6.8291006,170.9708,1226.1344,14.222922
France,FRA,2019,7.4919004,157.72261,1078.5052,14.081471
France,FRA,2020,6.3949003,179.54012,1137.014,14.505009
France,FRA,2021,7.1713,171.65205,1272.5216,13.359397
France,FRA,2022,6.6549,130.61858,1143.8682,14.760943
France,FRA,2023,7.274,131.32278,1196.4672,14.677829
Gabon,GAB,1972,1.5111,0.235,1957.3939,23.722956
Gabon,GAB,1973,1.534,0.1,2293.8582,23.989988
Gabon,GAB,1974,1.4943001,0.13636364,2246.4897,23.408768
Gabon,GAB,1975,1.3964001,1.7241379,2178.7388,23.463053
Gabon,GAB,1976,1.4867,3.3449612,2127.2764,23.312838
Gabon,GAB,1977,1.5117,2.1904762,2207.8057,23.793959
Gabon,GAB,1978,1.503,1.0452962,1832.8348,23.778326
Gabon,GAB,1979,1.5544001,0.42214534,2126.9443,23.850431
Gabon,GAB,1980,1.5254,0.34364262,2216.4834,23.849092
Gabon,GAB,1981,1.4565,5.215017,2064.3381,23.884947
Gabon,GAB,1982,1.5000001,1.3559322,2076.3835,23.749672
Gabon,GAB,1983,1.5238001,7.070707,1802.3762,24.135633
Gabon,GAB,1984,1.5456,9.0301,2341.2449,24.05432
Gabon,GAB,1985,1.4532,9.302325,2151.8298,23.786497
Gabon,GAB,1986,1.4738001,7.1287127,2081.0356,23.906555
Gabon,GAB,1987,1.58,7.1245904,2097.8394,24.463966
Gabon,GAB,1988,1.6151,3.0879478,2435.4556,24.222593
Gabon,GAB,1989,1.4594,3.883495,2119.2239,23.930649
Gabon,GAB,1990,1.5882,3.6045017,2135.665,24.007101
Gabon,GAB,1991,1.7015,1.916933,1975.8125,24.075308
Gabon,GAB,1992,1.5500001,1.5873016,1876.671,23.849367
Gabon,GAB,1993,1.5885,1.2618296,2092.4404,24.14826
Gabon,GAB,1994,1.6584,1.2539185,2221.9045,24.094927
Gabon,GAB,1995,1.5577,1.2307693,2222.7405,24.30834
Gabon,GAB,1996,1.5910001,0.61538464,2172.2654,23.923857
Gabon,GAB,1997,1.5624001,0.61538464,2125.8838,24.201887
Gabon,GAB,1998,1.5837001,1.3323077,2082.7559,24.880562
Gabon,GAB,1999,1.5991,0.9230769,2358.6077,24.093039
Gabon,GAB,2000,1.6303002,0.9230769,2085.437,24.019487
Gabon,GAB,2001,1.5415001,0.9230769,1887.2786,24.0519
Gabon,GAB,2002,1.4494001,5.5784616,2060.6707,24.530745
Gabon,GAB,2003,1.5381,3.6123078,2098.3015,24.657507
Gabon,GAB,2004,1.5598001,5.1076922,1984.2736,24.483534
Gabon,GAB,2005,1.5699002,8.344615,1752.5931,24.587088
Gabon,GAB,2006,1.58,8.458462,1968.9789,24.500715
Gabon,GAB,2007,1.6671001,9.058461,2096.9114,24.613012
Gabon,GAB,2008,1.6114001,10.516923,2077.6895,24.485369
Gabon,GAB,2009,1.5891,12.021539,2016.3285,24.574614
Gabon,GAB,2010,1.595,3.16,1823.7335,24.935373
Gabon,GAB,2011,1.5961001,5.649231,1940.2511,24.70473
Gabon,GAB,2012,1.6006,10.089231,2072.3816,24.69841
Gabon,GAB,2013,1.6004001,10.138461,1862.3992,24.831871
Gabon,GAB,2014,1.5925001,13.08,1981.456,24.81788
Gabon,GAB,2015,1.5917001,27.33846,1835.7703,24.934456
Gabon,GAB,2016,1.5902001,31.830769,2019.2833,25.323645
Gabon,GAB,2017,1.5876,60.62154,2113.035,25.12017
Gabon,GAB,2018,1.5870001,44.15077,2117.1328,25.033989
Gabon,GAB,2019,1.5862,39.861538,2312.1763,25.200462
Gabon,GAB,2020,1.5882,21.273846,2215.6045,25.273506
Gabon,GAB,2021,1.5871,28.252308,2158.9998,25.089363
Gabon,GAB,2022,1.5872,59.858463,2001.6062,24.93846
Gabon,GAB,2023,1.5875001,50.267693,2106.1094,25.15471
Gambia,GMB,1964,1.0877,0.30645162,975.42377,26.685349
Gambia,GMB,1965,1.064,2.912,1008.5413,26.026398
Gambia,GMB,1966,1.0111,4.3809524,925.74,26.478561
Gambia,GMB,1967,0.9603,3.5703125,1204.4872,26.270187
Gambia,GMB,1968,1.0404,2.375,658.7602,26.287987
Gambia,GMB,1969,1.0164001,1.6923077,1079.3104,27.284378
Gambia,GMB,1970,1.1091,2.2538462,738.8112,27.167276
Gambia,GMB,1971,1.1124,3.0075188,933.364,26.787249
Gambia,GMB,1972,1.0423001,6.1594205,762.25574,27.197746
Gambia,GMB,1973,1.0561,6.4125876,709.86847,27.437784
Gambia,GMB,1974,1.0430001,6.388235,736.72705,26.674208
Gambia,GMB,1975,0.99070007,4.6036587,855.5925,26.773874
Gambia,GMB,1976,0.8133,10.1227,809.4987,26.718782
Gambia,GMB,1977,0.8058,9.729412,551.20483,27.616709
Gambia,GMB,1978,1.0936,18.0113,987.2933,27.236567
Gambia,GMB,1979,1.197,19.451807,850.4946,27.395174
Gambia,GMB,1980,1.3251001,12.735849,677.10144,27.582077
Gambia,GMB,1981,1.3294001,7.530387,758.506,27.46009
Gambia,GMB,1982,1.2309,12.326733,688.38806,26.85479
Gambia,GMB,1983,1.2514001,13.114754,664.10565,27.795454
Gambia,GMB,1984,1.4345001,12.426036,611.20966,27.343103
Gambia,GMB,1985,1.2624,23.076923,778.1998,27.272833
Gambia,GMB,1986,1.2762,21.468927,780.9136,27.02913
Gambia,GMB,1987,1.1177,14.130435,846.8757,27.583197
Gambia,GMB,1988,1.1966001,4.673367,833.5362,27.350191
Gambia,GMB,1989,1.1129,10.922652,912.0403,27.255434
Gambia,GMB,1990,1.0039,3.2085562,725.2562,27.562742
Gambia,GMB,1991,1.1127,4.591837,685.55237,27.49615
Gambia,GMB,1992,1.2381,4.9382715,697.3066,27.432348
Gambia,GMB,1993,1.1892,4.968944,752.555,27.566689
Gambia,GMB,1994,1.1635001,4.4444447,867.776,27.459772
Gambia,GMB,1995,1.0352,5.1027026,859.1648,27.796564
Gambia,GMB,1996,1.1043001,4.236842,818.4621,27.652908
Gambia,GMB,1997,0.94060004,5.365854,677.34924,27.754248
Gambia,GMB,1998,1.0364001,11.627907,568.2845,28.200363
Gambia,GMB,1999,1.3037,5.3333335,836.1722,27.216103
Gambia,GMB,2000,1.3053001,3.4188035,758.2529,27.593267
Gambia,GMB,2001,1.2925,3.2786884,695.26904,27.63275
Gambia,GMB,2003,1.2077,10.685606,740.3762,27.524567
Gambia,GMB,2004,1.179,9.186813,541.81055,27.545385
Gambia,GMB,2005,1.0474001,11.204947,639.4088,28.04817
Gambia,GMB,2006,1.033,10.825938,595.76337,27.609194
Gambia,GMB,2007,0.8053,8.976897,523.5104,27.625092
Gambia,GMB,2008,0.98350006,4.2607527,837.29236,27.693962
Gambia,GMB,2009,1.0577,6.343458,763.74396,27.483925
Gambia,GMB,2010,1.1361,7.3,857.2665,28.276133
Gambia,GMB,2011,0.87920004,10.275556,592.2667,27.88759
Gambia,GMB,2012,0.92,2.5822222,853.21606,27.890244
Gambia,GMB,2013,0.9689001,0.40444446,831.7832,27.972609
Gambia,GMB,2014,0.75320005,0.45333335,557.86395,27.821777
Gambia,GMB,2015,0.95720005,0.5288889,727.5075,27.722748
Gambia,GMB,2016,0.72720003,0.6666667,688.2005,28.132765
Gambia,GMB,2017,0.56720006,0.3909091,643.6205,28.304102
Gambia,GMB,2018,0.5422,8.05,719.27246,27.633505
Gambia,GMB,2019,0.4609,4.2204547,655.0604,27.778656
Gambia,GMB,2020,0.6598,0.7818182,944.0718,28.350029
Gambia,GMB,2021,1.0541,2.2363636,743.11774,28.232061
Gambia,GMB,2022,0.8554001,2.2363636,928.16113,27.82253
Gambia,GMB,2023,0.9696,15.575,663.1536,28.329645
Georgia,GEO,1992,1.9962001,90.56604,1395.2384,5.983044
Georgia,GEO,1993,1.7680001,67.798744,1242.9326,6.199764
Georgia,GEO,1994,2.0156,38.99371,1256.6077,7.2971516
Georgia,GEO,1995,2.1509,40.207523,1326.1102,7.4957137
Georgia,GEO,1996,2.4929001,41.229195,1267.517,7.7896943
Georgia,GEO,1997,2.2035,46.496815,1358.7765,7.080588
Georgia,GEO,1998,1.5928001,42.929295,1130.4844,8.595692
Georgia,GEO,1999,2.1102002,50.63291,1322.2657,8.131701
Georgia,GEO,2000,1.3690001,52.96343,1053.0288,7.5138626
Georgia,GEO,2001,2.0122,35.220127,1272.6989,8.141778
Georgia,GEO,2002,1.8601,33.0413,1366.924,7.762648
Georgia,GEO,2003,2.1369,14.369078,1246.3235,7.1783714
Georgia,GEO,2004,2.0034,31.466814,1292.1422,7.6874824
Georgia,GEO,2005,2.0116,53.287235,1490.5477,7.955774
Georgia,GEO,2006,1.5838001,47.528137,1393.7948,8.062643
Georgia,GEO,2007,2.1145,41.339092,1364.7902,7.9840913
Georgia,GEO,2008,2.0904,40.150326,1217.4613,8.042676
Georgia,GEO,2009,1.9078002,48.344112,1322.9921,8.259677
Georgia,GEO,2010,1.2714001,46.888607,1315.8649,10.112088
Georgia,GEO,2011,2.2013001,46.526234,1331.2571,7.3017974
Georgia,GEO,2012,2.1864,58.078377,1218.7251,8.639963
Georgia,GEO,2013,2.2006001,73.4063,1308.9282,8.245225
Georgia,GEO,2014,2.0328002,68.68493,1270.0522,9.088067
Georgia,GEO,2015,1.9594002,64.468315,1220.7112,9.084532
Georgia,GEO,2016,2.5145001,75.11919,1488.3717,8.404998
Georgia,GEO,2017,1.9762001,65.580246,1277.9192,8.567051
Georgia,GEO,2018,2.5312002,68.791,1275.7589,9.816158
Georgia,GEO,2019,2.5391002,68.56677,1047.3906,9.148965
Georgia,GEO,2020,2.6495001,178.19678,1083.8584,9.047076
Georgia,GEO,2021,2.7507,169.46474,1309.454,9.040799
Georgia,GEO,2022,2.4085002,156.49051,1209.9711,8.708581
Georgia,GEO,2023,2.5685,170.24342,1478.273,9.355607
Germany,DEU,1961,2.4174001,268.06873,882.0518,9.224173
Germany,DEU,1962,2.9622002,291.78696,762.8355,7.4250684
Germany,DEU,1963,2.9252,304.4364,723.7723,7.369978
Germany,DEU,1964,3.1208003,324.97617,729.53143,8.3944
Germany,DEU,1965,2.8522,345.24826,1069.9663,7.7807603
Germany,DEU,1966,2.878,337.90152,1028.188,8.776225
Germany,DEU,1967,3.4833002,349.52518,949.3104,9.168199
Germany,DEU,1968,3.6196003,354.46643,914.99786,8.385281
Germany,DEU,1969,3.4475002,380.08856,831.68506,7.9785805
Germany,DEU,1970,3.1796002,398.56067,999.90546,7.9367085
Germany,DEU,1971,3.7886002,409.58472,712.2249,8.706584
Germany,DEU,1972,3.7702,404.5954,799.3746,8.0606985
Germany,DEU,1973,3.8734,411.67023,817.5819,8.4611225
Germany,DEU,1974,4.1788,423.34766,974.2515,9.043178
Germany,DEU,1975,3.8644001,409.63617,767.9621,9.095744
Germany,DEU,1976,3.4957001,430.97577,682.29626,8.710317
Germany,DEU,1977,3.8852,418.40833,919.3614,8.871465
Germany,DEU,1978,4.2852006,422.68765,881.4935,7.9544163
Germany,DEU,1979,4.1083,440.35068,909.35535,7.8206654
Germany,DEU,1980,4.2276,429.70483,935.98303,7.7516503
Germany,DEU,1981,4.1616,404.55182,1081.1852,8.31339
Germany,DEU,1982,4.5683002,396.9574,799.5167,8.932036
Germany,DEU,1983,4.3626003,383.33917,873.38995,9.043894
Germany,DEU,1984,5.0366,396.68088,911.213,7.9775105
Germany,DEU,1985,5.0727005,403.34164,847.6388,7.4577613
Germany,DEU,1986,5.0848002,404.2199,952.1443,7.931454
Germany,DEU,1987,4.8984003,402.67728,976.63477,7.444302
Germany,DEU,1988,5.1737003,408.00702,965.9128,9.103237
Germany,DEU,1989,5.2036004,384.2079,772.46783,9.514782
Germany,DEU,1990,5.4111004,279.90143,845.25037,9.4888315
Germany,DEU,1991,5.9861,256.82654,720.4842,8.29927
Germany,DEU,1992,5.3356004,248.00305,846.47394,9.311393
Germany,DEU,1993,5.7117004,228.8639,958.88043,8.458947
Germany,DEU,1994,5.8262005,246.20381,944.84326,9.750027
Germany,DEU,1995,6.1078,238.35623,931.8936,8.959167
Germany,DEU,1996,6.282,238.18547,751.04083,7.2201123
Germany,DEU,1997,6.4849,241.44853,801.4673,8.936277
Germany,DEU,1998,6.3302007,247.36325,996.7016,9.084323
Germany,DEU,1999,6.6999,256.56912,917.3083,9.516966
Germany,DEU,2000,6.4529004,232.35988,918.172,9.902544
Germany,DEU,2001,7.0552006,221.23195,1008.4868,9.03827
Germany,DEU,2002,6.2515,220.07404,1062.0842,9.605247
Germany,DEU,2003,5.7645,219.69806,637.5993,9.481328
Germany,DEU,2004,7.3553,215.12582,861.1517,9.054963
Germany,DEU,2005,6.7232003,208.75705,843.92554,9.144754
Germany,DEU,2006,6.4866004,194.419,813.86896,9.698983
Germany,DEU,2007,6.1829004,221.87177,1040.094,10.024604
Germany,DEU,2008,7.1188,159.58272,870.26526,9.64893
Germany,DEU,2009,7.2014003,181.4144,900.0743,9.349814
Germany,DEU,2010,6.6852007,211.59683,970.4147,8.006869
Germany,DEU,2011,6.4583,191.48698,791.7729,9.798554
Germany,DEU,2012,6.9649,198.92159,894.59076,9.237489
Germany,DEU,2013,7.3180003,203.47061,908.7223,8.840346
Germany,DEU,2014,8.050301,217.69568,858.37024,10.46869
Germany,DEU,2015,7.4978004,202.27393,802.5679,10.070582
Germany,DEU,2016,7.1821003,197.22826,837.37,9.678044
Germany,DEU,2017,7.2699003,178.11893,952.8395,9.709258
Germany,DEU,2018,6.1789002,166.48112,662.6127,10.607099
Germany,DEU,2019,6.952,174.09868,852.1982,10.416997
Germany,DEU,2020,7.1333003,163.24202,820.91364,10.541353
Germany,DEU,2021,6.9981003,130.14102,988.0402,9.241366
Germany,DEU,2022,7.1261005,116.87012,824.5667,10.615905
Germany,DEU,2023,7.0073,128.57555,1033.5343,10.706231
Ghana,GHA,1961,0.81640005,0.42235294,862.4499,26.533205
Ghana,GHA,1962,0.8096,1.1352941,1214.8557,26.215218
Ghana,GHA,1963,0.7882,1.2352941,1239.9553,26.49328
Ghana,GHA,1964,0.7776,0.8664706,907.2637,26.581442
Ghana,GHA,1965,0.80920005,0.6670588,1109.5465,26.33682
Ghana,GHA,1966,1.0887,0.7058824,1036.6385,26.678915
Ghana,GHA,1967,0.9161,0.77588236,1249.4404,26.201448
Ghana,GHA,1968,0.8593,0.79764706,1646.3395,26.288557
Ghana,GHA,1969,0.8248,0.6988235,1194.5679,26.590874
Ghana,GHA,1970,0.8582001,1.9664706,1205.2063,26.792183
Ghana,GHA,1971,0.8607001,1.6970588,1411.4705,26.274918
Ghana,GHA,1972,0.8671,2.6482353,1242.7805,26.596346
Ghana,GHA,1973,0.86370003,3.9070587,1223.9895,27.04215
Ghana,GHA,1974,0.95710003,5.7229414,1193.4365,26.413183
Ghana,GHA,1975,0.83430004,13.611111,1116.8492,26.272398
Ghana,GHA,1976,0.81670004,11.388889,1177.2344,26.074425
Ghana,GHA,1977,0.832,17.333334,1057.6058,26.859152
Ghana,GHA,1978,0.83720005,10.0,1193.3804,26.531982
Ghana,GHA,1979,0.8442001,9.736842,1396.6794,26.65963
Ghana,GHA,1980,0.7178,6.3157897,1397.4246,26.787252
Ghana,GHA,1981,0.86,15.263158,1167.7194,27.046087
Ghana,GHA,1982,0.76400006,12.904762,1163.8093,26.775942
Ghana,GHA,1983,0.5174,10.190476,872.44946,27.462954
Ghana,GHA,1984,0.8401,3.652174,1310.5448,27.044619
Ghana,GHA,1985,0.89070004,5.2083335,1390.4478,26.73057
Ghana,GHA,1986,0.98480004,3.1666667,1238.1157,26.764181
Ghana,GHA,1987,0.9386,4.3544,1292.1003,27.60787
Ghana,GHA,1988,1.0958,4.8673077,1448.3177,27.147573
Ghana,GHA,1989,1.0129001,3.2615385,1358.9644,26.81282
Ghana,GHA,1990,0.98920006,4.814815,1110.9237,27.05015
Ghana,GHA,1991,1.2208002,2.857143,1307.058,26.75841
Ghana,GHA,1992,1.0421001,3.607143,1097.8887,26.7413
Ghana,GHA,1993,1.3402001,2.7028573,1258.9249,26.984163
Ghana,GHA,1994,1.3275001,2.75,1195.8563,26.944448
Ghana,GHA,1995,1.3541,3.2333333,1288.093,26.970627
Ghana,GHA,1996,1.3892,5.4375,1151.5814,26.82525
Ghana,GHA,1997,1.3217,5.921111,1112.6172,27.085936
Ghana,GHA,1998,1.3338001,4.1619883,1068.6796,27.714163
Ghana,GHA,1999,1.297,4.1677117,1349.4589,26.755714
Ghana,GHA,2000,1.3092,3.174027,1006.39325,27.065071
Ghana,GHA,2001,1.1861,8.180013,888.4023,27.232805
Ghana,GHA,2002,1.3490001,4.076763,1126.2535,27.264856
Ghana,GHA,2003,1.3964001,7.358455,1144.9379,27.356756
Ghana,GHA,2004,1.3733001,13.409025,960.93567,27.258715
Ghana,GHA,2005,1.4323001,6.0197406,1025.1709,27.396301
Ghana,GHA,2006,1.3345001,20.883627,988.3599,27.43572
Ghana,GHA,2007,1.317,18.705887,1123.3136,27.441275
Ghana,GHA,2008,1.5981001,15.849874,1115.0345,27.361795
Ghana,GHA,2009,1.6598002,20.891209,1076.5283,27.591917
Ghana,GHA,2010,1.8143002,20.437227,1166.3259,27.8385
Ghana,GHA,2011,1.5942,14.6057,1056.6996,27.497421
Ghana,GHA,2012,1.7681,37.781395,1136.9774,27.370117
Ghana,GHA,2013,1.6888001,27.153515,1002.5544,27.522547
Ghana,GHA,2014,1.7034001,16.695469,1198.4973,27.511742
Ghana,GHA,2015,1.8303001,24.974167,979.2766,27.727411
Ghana,GHA,2016,1.8424001,22.29418,1213.7913,28.025581
Ghana,GHA,2017,1.9491,38.246445,1123.5358,27.932508
Ghana,GHA,2018,2.1726003,27.550257,1345.1051,27.684753
Ghana,GHA,2019,2.3462,40.13606,1340.6803,28.01622
Ghana,GHA,2020,2.4108002,50.111893,1019.4077,27.96106
Ghana,GHA,2021,2.3605,37.36385,1057.191,28.110945
Ghana,GHA,2022,2.4104,37.049618,1096.9565,27.4973
Ghana,GHA,2023,2.5623002,28.89021,1175.0565,27.967386
Greece,GRC,1961,1.2656001,56.808876,658.6743,14.512576
Greece,GRC,1962,1.3800001,69.16172,962.4518,14.6921425
Greece,GRC,1963,1.291,71.49199,966.181,14.500644
Greece,GRC,1964,1.6275,82.11263,852.6735,13.923958
Greece,GRC,1965,1.6526,83.80742,773.61304,13.876903
Greece,GRC,1966,1.8238001,87.33055,998.88354,14.813531
Greece,GRC,1967,1.9501001,91.048676,807.58044,14.260441
Greece,GRC,1968,1.5216,103.28235,955.5798,14.626847
Greece,GRC,1969,1.7170001,106.61651,838.92114,14.645279
Greece,GRC,1970,2.1131003,111.84452,769.1591,14.67958
Greece,GRC,1971,2.1425002,116.222,975.2227,14.04622
Greece,GRC,1972,2.1899,121.49749,1016.5511,14.156388
Greece,GRC,1973,2.2019,140.465,875.21545,14.149682
Greece,GRC,1974,2.4402,144.60312,843.94,14.177265
Greece,GRC,1975,2.4245002,159.12964,746.0871,14.152291
Greece,GRC,1976,2.6081002,170.25969,896.80725,13.62287
Greece,GRC,1977,2.0616002,175.66248,541.6989,14.869903
Greece,GRC,1978,2.7981002,198.24495,871.8423,14.008724
Greece,GRC,1979,2.6358001,198.36122,973.5272,14.405055
Greece,GRC,1980,3.3219001,181.46745,867.6612,14.043973
Greece,GRC,1981,3.3125002,198.39555,834.95044,14.329258
Greece,GRC,1982,3.4550002,201.70766,805.9509,14.198712
Greece,GRC,1983,2.9295,220.75862,714.67615,13.903722
Greece,GRC,1984,3.5961003,222.65572,711.2961,14.277896
Greece,GRC,1985,3.0156002,245.64014,729.5583,14.589531
Greece,GRC,1986,3.6028001,234.36923,735.80365,14.445774
Greece,GRC,1987,3.7145002,210.94077,830.1246,14.226094
Greece,GRC,1988,3.8627002,226.61543,703.2222,14.550267
Greece,GRC,1989,4.0220003,224.50743,546.4618,14.231758
Greece,GRC,1990,3.0358002,240.0828,588.25635,14.793223
Greece,GRC,1991,4.124,227.4503,751.8641,13.688859
Greece,GRC,1992,3.6068003,219.27374,559.6563,13.97709
Greece,GRC,1993,3.5532,179.28848,621.0484,14.309419
Greece,GRC,1994,3.8868003,185.8251,752.02783,15.326379
Greece,GRC,1995,3.7510002,179.01453,770.41455,14.3658285
Greece,GRC,1996,3.7103002,199.28825,851.8184,14.147739
Greece,GRC,1997,3.7990003,180.70993,708.7759,14.086658
Greece,GRC,1998,3.5811002,169.54024,777.25946,14.803772
Greece,GRC,1999,3.6488001,169.80449,791.2337,15.191592
Greece,GRC,2000,3.8688002,166.36264,523.7331,14.778256
Greece,GRC,2001,3.8476002,158.45589,705.389,15.049361
Greece,GRC,2002,3.7472,154.11078,881.08624,14.810874
Greece,GRC,2003,3.6936002,152.65892,882.2302,14.713124
Greece,GRC,2004,4.0174003,156.65424,741.5716,14.677887
Greece,GRC,2005,4.0498004,138.72375,839.6626,14.425949
Greece,GRC,2006,3.9189,133.32353,770.0703,14.430959
Greece,GRC,2007,3.9299002,139.709,689.73315,15.3619995
Greece,GRC,2008,4.5158,118.22105,582.88776,15.370812
Greece,GRC,2009,4.2662005,108.75932,953.2881,15.228275
Greece,GRC,2010,4.0649,126.18777,911.37787,15.67599
Greece,GRC,2011,4.3441005,110.032135,695.3989,14.521919
Greece,GRC,2012,4.2067003,109.230316,842.53253,15.435585
Greece,GRC,2013,4.3933,117.23227,774.2311,15.619227
Greece,GRC,2014,4.2865,123.0625,904.3041,15.503498
Greece,GRC,2015,4.2149,118.27268,865.68005,15.161926
Greece,GRC,2016,4.2235003,125.65514,760.97797,15.527691
Greece,GRC,2017,4.3172,129.9513,778.0223,15.20079
Greece,GRC,2018,3.7996004,134.77173,913.3514,15.795677
Greece,GRC,2019,4.0435004,141.50955,872.42957,15.710937
Greece,GRC,2020,4.1971,177.259,722.4183,15.573571
Greece,GRC,2021,4.1947002,188.1877,900.7059,15.526791
Greece,GRC,2022,4.1426,142.77869,749.6012,15.43478
Greece,GRC,2023,4.1399,142.18013,838.6767,15.891824
Guatemala,GTM,1961,0.82210004,13.704545,1945.9597,21.566393
Guatemala,GTM,1962,0.8715,13.870909,1756.0138,21.577848
Guatemala,GTM,1963,0.85630006,17.745455,1712.8854,21.941675
Guatemala,GTM,1964,0.9125,17.07091,1694.9637,22.015894
Guatemala,GTM,1965,0.96050006,13.174545,1698.011,21.84056
Guatemala,GTM,1966,0.9016,30.227272,1871.6345,21.570534
Guatemala,GTM,1967,0.87570006,22.672071,1663.9619,21.791428
Guatemala,GTM,1968,1.0105001,37.15946,1944.9418,21.553986
Guatemala,GTM,1969,1.0469,29.768183,2229.9653,22.293907
Guatemala,GTM,1970,1.1755,42.101818,1878.7631,21.856138
Guatemala,GTM,1971,1.1423001,22.56182,1650.134,22.010115
Guatemala,GTM,1972,1.2109001,38.188393,1805.319,22.288155
Guatemala,GTM,1973,1.6316,43.84522,2006.2241,22.266424
Guatemala,GTM,1974,1.4218001,55.219658,1768.8765,21.839746
Guatemala,GTM,1975,1.6398001,47.00855,1764.6135,22.184753
Guatemala,GTM,1976,1.3303001,78.7775,1832.1108,21.580032
Guatemala,GTM,1977,1.3233001,82.7424,1571.4718,22.046234
Guatemala,GTM,1978,1.5143001,76.2512,1988.2747,22.172865
Guatemala,GTM,1979,1.7604,80.38431,2185.5527,22.138456
Guatemala,GTM,1980,1.4488001,67.32284,1902.0715,22.144506
Guatemala,GTM,1981,1.5241001,70.00235,2093.4243,21.9242
Guatemala,GTM,1982,1.7078001,62.24692,1895.0359,22.281393
Guatemala,GTM,1983,1.8743001,52.360767,1893.0894,22.526175
Guatemala,GTM,1984,1.6131,69.38461,2062.5269,21.952217
Guatemala,GTM,1985,1.6596,73.13846,1696.4369,22.050505
Guatemala,GTM,1986,1.7794001,94.61539,1605.6993,21.991304
Guatemala,GTM,1987,1.6088002,96.46154,1667.1542,22.430962
Guatemala,GTM,1988,1.8852,82.53846,2024.7964,22.427599
Guatemala,GTM,1989,2.042,99.53846,1899.737,22.01252
Guatemala,GTM,1990,1.9976001,90.0,1893.7659,22.231512
Guatemala,GTM,1991,1.8100001,110.15385,1620.2286,22.528503
Guatemala,GTM,1992,1.8396001,121.46154,1849.4076,22.366278
Guatemala,GTM,1993,1.8136001,129.90936,1882.6532,22.446432
Guatemala,GTM,1994,1.8945001,124.81536,1440.8444,22.600006
Guatemala,GTM,1995,1.9120001,137.26938,2166.218,22.82244
Guatemala,GTM,1996,1.7857001,134.45996,1988.1646,22.27468
Guatemala,GTM,1997,1.4919001,145.033,1882.6084,22.91539
Guatemala,GTM,1998,1.6822001,113.11654,2094.3943,23.276102
Guatemala,GTM,1999,1.7412001,122.17946,2029.118,22.12539
Guatemala,GTM,2000,1.7764001,125.15378,1762.5093,22.264854
Guatemala,GTM,2001,2.0388002,115.5548,1681.8053,22.335817
Guatemala,GTM,2002,2.0172,76.63426,1622.5125,22.81398
Guatemala,GTM,2003,2.0537,91.67183,1715.6841,22.987547
Guatemala,GTM,2004,2.1171002,119.78071,1675.4731,22.611609
Guatemala,GTM,2005,2.3119,141.69072,2020.1547,23.06354
Guatemala,GTM,2006,2.5141003,136.04382,2083.4722,22.689247
Guatemala,GTM,2007,2.3058002,123.773476,1806.1084,22.882982
Guatemala,GTM,2008,2.0106,77.10753,2063.7888,22.561043
Guatemala,GTM,2009,1.9833001,103.96923,1544.2444,23.2805
Guatemala,GTM,2010,1.9966,150.80522,2171.1477,23.18194
Guatemala,GTM,2011,2.0004,172.99835,2074.0264,23.261625
Guatemala,GTM,2012,2.0367,200.83698,1749.0828,23.065329
Guatemala,GTM,2013,2.0824,207.0058,2123.503,23.29048
Guatemala,GTM,2014,2.0924,196.9269,1941.9846,23.115303
Guatemala,GTM,2015,2.1157,199.58775,1742.4298,23.603159
Guatemala,GTM,2016,2.1523001,175.73503,1671.6971,23.565138
Guatemala,GTM,2017,2.1533,206.23138,1949.2413,23.339104
Guatemala,GTM,2018,2.1533,211.31558,1627.4261,23.208267
Guatemala,GTM,2019,2.1144,176.95123,1539.4482,23.939682
Guatemala,GTM,2020,2.0234,237.09395,2200.9822,23.830988
Guatemala,GTM,2021,1.9495001,219.35007,1656.5806,23.635124
Guatemala,GTM,2022,1.7871001,164.0933,2081.8362,23.385366
Guatemala,GTM,2023,1.8014001,196.64671,1683.8694,24.117208
Guinea,GIN,1961,1.34,0.6167883,1726.1194,25.112022
Guinea,GIN,1962,1.3687,0.620438,1885.4558,25.023254
Guinea,GIN,1963,1.2567,0.69343066,1770.9333,25.612999
Guinea,GIN,1964,1.3638002,1.1313869,1762.5322,25.212175
Guinea,GIN,1965,1.3037,1.0948905,1702.127,25.065557
Guinea,GIN,1966,1.3926,1.2773722,1792.1206,25.401306
Guinea,GIN,1967,1.4097,1.2773722,2080.0488,24.943823
Guinea,GIN,1968,1.4115001,0.91240877,2017.961,25.216253
Guinea,GIN,1969,1.4124001,0.91240877,2234.3555,25.454712
Guinea,GIN,1970,1.4079001,1.0948905,1871.4995,25.546011
Guinea,GIN,1971,1.4351001,1.0583942,2062.0654,25.083796
Guinea,GIN,1972,1.4421,1.0218978,2148.2463,25.40911
Guinea,GIN,1973,1.4375001,0.3649635,1929.7788,25.704145
Guinea,GIN,1974,1.4360001,0.6671533,1717.3087,25.065695
Guinea,GIN,1975,1.4395001,0.54744524,1850.2908,25.158516
Guinea,GIN,1976,1.4547,0.47445256,1947.3351,24.838926
Guinea,GIN,1977,1.4374001,0.2919708,1732.5073,25.572212
Guinea,GIN,1978,1.4089001,0.3649635,2068.9668,25.507227
Guinea,GIN,1979,1.4345001,0.8029197,2271.1858,25.636406
Guinea,GIN,1980,1.4325001,0.10218978,2003.6316,25.86743
Guinea,GIN,1981,1.4508001,0.2981752,2000.8586,25.493284
Guinea,GIN,1982,1.4403001,0.30875912,1855.0798,25.288406
Guinea,GIN,1984,1.4739001,0.07189781,1842.6908,25.485327
Guinea,GIN,1985,1.5015001,0.13138686,1773.7957,25.592484
Guinea,GIN,1986,1.5172,0.23795621,1749.0651,25.391426
Guinea,GIN,1987,1.5286001,0.32846716,1788.7509,26.24961
Guinea,GIN,1988,1.5369,0.23029198,1760.0312,25.898668
Guinea,GIN,1989,1.4928001,0.29781023,1938.7953,25.68322
Guinea,GIN,1990,1.4551,0.42372262,1761.9415,25.85859
Guinea,GIN,1991,1.4219,0.7072993,1776.086,25.770273
Guinea,GIN,1992,1.3926,0.18467154,1780.6757,25.484385
Guinea,GIN,1993,1.4053001,0.57481754,1908.4247,25.661364
Guinea,GIN,1994,1.4223001,1.459854,1912.7151,25.468073
Guinea,GIN,1995,1.4548001,1.8635037,1738.765,25.6629
Guinea,GIN,1996,1.4589001,1.5507299,1767.111,25.887403
Guinea,GIN,1997,1.4632,0.6554744,1652.2347,25.759874
Guinea,GIN,1998,1.4682,1.1985401,1599.344,26.20874
Guinea,GIN,1999,1.4737,1.1678832,1788.0729,25.51188
Guinea,GIN,2000,1.4921,1.1678832,1796.3018,25.544653
Guinea,GIN,2001,1.483,1.1678832,1607.4633,25.833826
Guinea,GIN,2002,1.4872,0.8755928,1556.7898,26.133308
Guinea,GIN,2003,1.4848001,0.7166302,1750.2545,26.0731
Guinea,GIN,2004,1.4913001,0.95771056,1683.1935,26.107027
Guinea,GIN,2005,1.4956001,0.91973734,1712.1858,26.113897
Guinea,GIN,2006,1.5020001,0.8659791,1577.1641,25.996237
Guinea,GIN,2007,1.514,1.1581297,1586.1497,25.968237
Guinea,GIN,2008,1.4647,1.2076199,1723.4354,25.747711
Guinea,GIN,2009,1.4843001,0.61085343,1719.1904,25.968529
Guinea,GIN,2010,1.1847,0.7424819,1769.2433,26.200163
Guinea,GIN,2011,1.2260001,2.8324244,1577.6864,25.90428
Guinea,GIN,2012,1.1522,2.1153753,1753.2686,25.687769
Guinea,GIN,2013,1.1896,2.0952647,1578.1722,25.964615
Guinea,GIN,2014,1.123,0.6904225,1587.8811,25.909723
Guinea,GIN,2015,1.1224,0.5903162,1698.1158,25.952425
Guinea,GIN,2016,1.1555,0.4816354,1696.3894,26.214714
Guinea,GIN,2017,1.1654,5.2380943,1704.8933,26.348328
Guinea,GIN,2018,1.1867,4.102962,1825.0071,26.186522
Guinea,GIN,2019,1.2579001,4.321495,1784.2462,26.427383
Guinea,GIN,2020,1.3237001,4.2914557,1789.5975,26.6101
Guinea,GIN,2021,1.3565,4.0512195,1620.3524,26.673782
Guinea,GIN,2022,1.3695,5.1500134,1732.1038,26.192528
Guinea,GIN,2023,1.3695,2.9089558,1512.3171,26.59485
Guinea-Bissau,GNB,1973,0.66450006,0.4,1488.5372,27.093855
Guinea-Bissau,GNB,1974,0.6183,1.7764705,1581.4402,26.522842
Guinea-Bissau,GNB,1975,0.75820005,1.1764706,1604.7715,26.577942
Guinea-Bissau,GNB,1976,0.7857,0.78431374,1578.4036,26.35444
Guinea-Bissau,GNB,1978,0.62390006,2.745098,1604.7526,26.831238
Guinea-Bissau,GNB,1979,0.63780004,0.5803922,1665.9927,27.125277
Guinea-Bissau,GNB,1980,0.69920003,0.8235294,1275.1442,27.174562
Guinea-Bissau,GNB,1981,0.79520005,5.836576,1422.6727,27.11245
Guinea-Bissau,GNB,1982,0.6873,3.3333333,1366.6249,26.83699
Guinea-Bissau,GNB,1983,0.67570007,1.7857143,1319.3296,27.422243
Guinea-Bissau,GNB,1987,1.5300001,2.7708333,1466.9268,27.493536
Guinea-Bissau,GNB,1988,1.7694001,1.0869565,1344.8193,27.272017
Guinea-Bissau,GNB,1989,1.5207,3.5791667,1380.1548,27.156008
Guinea-Bissau,GNB,1990,1.5307,2.344,1310.5981,27.548782
Guinea-Bissau,GNB,1991,1.6145,2.176,1392.0931,27.407057
Guinea-Bissau,GNB,1992,1.4417,0.944,1294.3591,27.231133
Guinea-Bissau,GNB,1993,1.4316001,1.1111112,1355.0374,27.416084
Guinea-Bissau,GNB,1994,1.3948001,1.0714285,1422.0334,27.030905
Guinea-Bissau,GNB,1995,1.4022,1.0714285,1339.4331,27.709791
Guinea-Bissau,GNB,1996,1.3665,1.1111112,1316.2859,27.592833
Guinea-Bissau,GNB,1997,1.1103001,1.1111112,1238.4999,27.586996
Guinea-Bissau,GNB,1998,1.1450001,2.3076923,1123.7549,28.122862
Guinea-Bissau,GNB,1999,1.0382,2.142857,1486.9049,27.29499
Guinea-Bissau,GNB,2000,1.097,8.0,1351.4213,27.403006
Guinea-Bissau,GNB,2001,1.0049001,8.0,1331.7317,27.555925
Guinea-Bissau,GNB,2002,1.0673001,9.653571,972.5665,27.680895
Guinea-Bissau,GNB,2003,1.0759001,10.822222,1449.9673,27.552382
Guinea-Bissau,GNB,2004,1.164,9.710714,1154.6124,27.562967
Guinea-Bissau,GNB,2005,1.3256,10.564285,1160.5116,27.891298
Guinea-Bissau,GNB,2006,1.4126,14.178572,1075.0958,27.541101
Guinea-Bissau,GNB,2007,1.3461001,8.689285,1076.0115,27.573874
Guinea-Bissau,GNB,2008,1.4903002,9.921429,1408.1157,27.525373
Guinea-Bissau,GNB,2009,1.6322,9.992857,1267.5388,27.287367
Guinea-Bissau,GNB,2010,1.7238002,15.696667,1365.7151,27.859535
Guinea-Bissau,GNB,2011,1.5887,9.756667,1149.8469,27.508032
Guinea-Bissau,GNB,2012,1.5121001,14.0633335,1436.899,27.424582
Guinea-Bissau,GNB,2013,1.3977001,14.556666,1340.8429,27.402403
Guinea-Bissau,GNB,2014,1.3948001,14.486667,1117.298,27.271355
Guinea-Bissau,GNB,2015,1.4021001,14.446667,1553.9565,27.336128
Guinea-Bissau,GNB,2016,1.4144001,18.69489,1473.3743,27.650429
Guinea-Bissau,GNB,2017,1.3859001,23.805584,1281.662,27.757738
Guinea-Bissau,GNB,2018,1.3973001,21.99914,1645.2692,27.286783
Guinea-Bissau,GNB,2019,1.2870001,20.37317,1267.6406,27.780289
Guinea-Bissau,GNB,2020,1.3429,24.176378,1779.4161,28.095322
Guinea-Bissau,GNB,2021,1.3526001,17.966055,1273.9484,28.058525
Guinea-Bissau,GNB,2022,1.4627,13.862531,1512.5111,27.651358
Guinea-Bissau,GNB,2023,1.4069,13.599457,1253.1106,27.952698
Guyana,GUY,1961,2.0138001,90.84173,1857.3115,24.597153
Guyana,GUY,1962,2.2171001,92.62602,2044.4199,24.568335
Guyana,GUY,1963,2.0179002,101.075195,1973.9196,24.763481
Guyana,GUY,1964,2.0106,79.46421,1540.01,25.207243
Guyana,GUY,1965,2.0529,98.16784,1285.1859,24.998556
Guyana,GUY,1966,2.0308,87.55652,1297.6058,25.38427
Guyana,GUY,1967,1.8985001,100.20404,1612.5603,24.697851
Guyana,GUY,1968,1.5313001,91.32454,1828.5414,24.723993
Guyana,GUY,1969,1.6889001,113.44982,2060.2034,24.935251
Guyana,GUY,1970,1.8872,105.49396,2162.8428,24.562792
Guyana,GUY,1971,1.8210001,127.29387,1831.3158,24.169281
Guyana,GUY,1972,1.9712,156.56685,1960.7819,24.651281
Guyana,GUY,1973,1.8211001,168.56361,1963.0618,24.73091
Guyana,GUY,1974,2.4214,171.08263,1859.0785,24.183908
Guyana,GUY,1975,2.1732001,133.79082,2033.8843,24.18827
Guyana,GUY,1976,1.7605001,109.99668,1852.932,24.505417
Guyana,GUY,1977,2.5775,82.151146,1749.6168,24.653143
Guyana,GUY,1978,2.6330001,133.07709,1983.2186,24.665377
Guyana,GUY,1979,2.6519,113.89065,1919.2478,24.778933
Guyana,GUY,1980,2.9533002,62.104042,1761.7048,24.796638
Guyana,GUY,1981,3.1163,148.90486,2149.2727,24.77265
Guyana,GUY,1982,3.0608,108.40131,1856.4064,24.88222
Guyana,GUY,1983,3.2215002,109.27247,1721.594,25.173544
Guyana,GUY,1984,3.0787,155.93709,1932.1992,24.375818
Guyana,GUY,1985,3.2615001,129.44553,1702.8044,24.365591
Guyana,GUY,1986,3.2471004,225.53519,1791.6473,24.62863
Guyana,GUY,1987,3.1892002,139.59503,1602.3213,25.438637
Guyana,GUY,1988,3.0065002,150.0909,1899.4657,25.033869
Guyana,GUY,1989,3.3207002,171.08263,1883.5139,24.641571
Guyana,GUY,1990,2.9804,125.9504,2028.1895,25.05076
Guyana,GUY,1991,3.2856002,163.73552,1682.3723,24.959623
Guyana,GUY,1992,3.4381003,128.04958,1482.0378,25.122116
Guyana,GUY,1993,3.2584,125.9504,1871.0507,24.879702
Guyana,GUY,1994,3.6642,116.50412,1729.4998,24.891678
Guyana,GUY,1995,3.8991003,157.438,1606.9056,25.354858
Guyana,GUY,1996,3.9581003,139.59503,1918.4421,25.13791
Guyana,GUY,1997,3.9640002,164.51222,1560.959,25.477877
Guyana,GUY,1998,4.0033,156.38841,1832.8533,25.752815
Guyana,GUY,1999,3.7912002,198.72874,2007.0961,24.960457
Guyana,GUY,2000,3.7992,132.07999,2067.747,24.768438
Guyana,GUY,2001,3.9479,136.44627,1568.1847,25.030718
Guyana,GUY,2002,4.084,155.68398,2010.5404,25.28689
Guyana,GUY,2003,4.1555004,107.91801,1800.8848,25.421118
Guyana,GUY,2004,4.2166004,208.9182,1843.8567,25.352097
Guyana,GUY,2005,3.8614001,95.68041,1957.5128,25.63534
Guyana,GUY,2006,4.5230002,141.07216,2195.3735,25.196955
Guyana,GUY,2007,4.2222004,141.39175,2186.0117,25.074629
Guyana,GUY,2008,4.1615,245.92784,2166.2917,24.893541
Guyana,GUY,2009,4.3455,87.701035,1613.3304,25.432364
Guyana,GUY,2010,4.1654,170.24742,2339.1584,25.406736
Guyana,GUY,2011,4.3439,120.5567,2187.1292,25.281105
Guyana,GUY,2012,4.4654,188.53609,2272.5508,25.315672
Guyana,GUY,2013,4.9367003,266.57733,2151.531,25.16616
Guyana,GUY,2014,5.2107005,230.13402,1872.8048,25.252398
Guyana,GUY,2015,5.4769,264.1031,1809.4966,25.491302
Guyana,GUY,2016,5.3955,193.13402,2127.2837,25.755157
Guyana,GUY,2017,5.5234003,121.04124,2280.6895,25.6447
Guyana,GUY,2018,5.6962004,267.84537,2278.002,25.299377
Guyana,GUY,2019,5.8313003,269.16495,2096.6726,25.59498
Guyana,GUY,2020,5.6338,228.35051,2084.9268,25.676664
Guyana,GUY,2021,5.4432006,263.63916,2708.2048,25.285852
Guyana,GUY,2022,5.9417005,185.05154,2683.0984,25.14297
Guyana,GUY,2023,6.2277007,201.4433,1837.5917,26.035324
Haiti,HTI,1961,1.031,0.11111111,1063.1193,24.22923
Haiti,HTI,1962,1.0430001,0.11111111,871.15875,24.297323
Haiti,HTI,1963,1.0552,0.11111111,1254.4517,24.242537
Haiti,HTI,1964,1.0566,0.11111111,992.3072,24.350527
Haiti,HTI,1965,1.0717,0.11111111,828.39124,24.20793
Haiti,HTI,1966,1.0758001,0.16666667,1041.6072,24.295538
Haiti,HTI,1967,1.0919001,0.16666667,643.42413,24.368822
Haiti,HTI,1968,1.0497,0.16666667,831.4524,24.198912
Haiti,HTI,1969,1.1125001,0.2988889,1030.8691,24.77739
Haiti,HTI,1970,1.0973,0.39777777,876.9336,24.542204
Haiti,HTI,1971,1.1170001,0.3888889,1063.9354,23.977898
Haiti,HTI,1972,1.1487,1.8203125,1062.0968,24.293222
Haiti,HTI,1973,1.0664,1.8229166,1210.1874,24.315008
Haiti,HTI,1974,1.1754001,2.1041667,1217.941,23.991629
Haiti,HTI,1975,1.1177,2.734375,923.54865,24.120125
Haiti,HTI,1976,1.2389001,0.38961038,823.4059,24.09543
Haiti,HTI,1977,0.91880006,4.025974,1136.8501,24.647913
Haiti,HTI,1978,0.80390006,4.6153846,1165.2007,24.431513
Haiti,HTI,1979,0.9646,5.0,1234.8271,24.175573
Haiti,HTI,1980,1.0162001,0.51282054,1002.68085,24.701445
Haiti,HTI,1981,1.0467,7.4358974,1099.5787,24.253271
Haiti,HTI,1982,1.0396,5.8974357,817.8531,24.31086
Haiti,HTI,1983,1.0443001,4.1025643,963.302,24.885633
Haiti,HTI,1984,1.0411,4.8717947,972.12524,24.45424
Haiti,HTI,1985,1.0097001,4.1025643,902.5371,24.490522
Haiti,HTI,1986,0.99120003,2.6923077,993.44604,24.556932
Haiti,HTI,1987,0.96970004,2.9487178,1151.3636,25.044113
Haiti,HTI,1988,0.9577001,2.8205128,1118.0242,24.814478
Haiti,HTI,1989,0.97230005,4.74359,973.8055,24.65178
Haiti,HTI,1990,1.0267,1.2820513,1045.1226,25.028013
Haiti,HTI,1991,0.98770005,3.7179487,730.97546,24.965544
Haiti,HTI,1992,0.9761,5.5128207,930.3194,24.72021
Haiti,HTI,1993,0.94920003,5.25641,1059.9369,24.606161
Haiti,HTI,1994,0.92390007,6.375,904.36523,24.6631
Haiti,HTI,1995,0.9258,9.25,910.5497,24.700554
Haiti,HTI,1996,0.97400004,8.75,1057.6055,24.27244
Haiti,HTI,1997,1.0041,13.966666,707.3396,25.270884
Haiti,HTI,1998,0.9136,12.142222,1043.1213,25.226067
Haiti,HTI,1999,0.96940005,9.684444,1036.2291,24.354675
Haiti,HTI,2000,0.9318,16.032223,716.2635,24.585037
Haiti,HTI,2001,0.82650006,15.471111,831.1402,24.810722
Haiti,HTI,2002,0.9204001,11.281111,798.7557,25.017778
Haiti,HTI,2003,0.92080003,16.113333,962.19977,24.995367
Haiti,HTI,2004,0.93380004,4.2422223,840.3353,24.65216
Haiti,HTI,2005,0.95680004,5.126,1248.1923,24.93437
Haiti,HTI,2006,0.96290004,7.467,903.5421,25.068298
Haiti,HTI,2007,0.9598,5.704,1177.5165,25.12503
Haiti,HTI,2008,0.96110004,9.88,1068.794,24.765686
Haiti,HTI,2009,0.9946,9.852582,838.6317,24.934097
Haiti,HTI,2010,0.97740006,12.954237,1289.7793,25.105066
Haiti,HTI,2011,0.9822001,6.00339,1130.0186,24.87867
Haiti,HTI,2012,1.077,151.06271,1148.8026,24.937204
Haiti,HTI,2013,1.0599,10.648305,877.5482,25.199524
Haiti,HTI,2014,0.89500004,19.0,754.23883,25.394707
Haiti,HTI,2015,0.9781,8.044915,652.16895,25.716513
Haiti,HTI,2016,1.0123,3.720339,1166.2117,25.381342
Haiti,HTI,2017,0.89460003,12.344068,1180.4375,25.223776
Haiti,HTI,2018,0.7099001,45.97034,772.73346,25.286074
Haiti,HTI,2019,1.5993001,52.856,924.6364,25.519121
Haiti,HTI,2020,0.92770004,11.37,845.57446,25.690557
Haiti,HTI,2021,1.0549,7.4268656,825.4123,25.304296
Haiti,HTI,2022,1.0578,5.5462685,787.28503,25.221205
Haiti,HTI,2023,1.0604001,4.40597,907.84595,25.847712
Honduras,HND,1961,1.0512,4.3289576,1632.9874,22.523092
Honduras,HND,1962,1.0776,5.1088123,1721.3291,22.451162
Honduras,HND,1963,1.1024001,5.7633586,1596.173,22.74263
Honduras,HND,1964,1.1292,5.940594,1576.4993,23.129875
Honduras,HND,1965,1.1569,7.2078905,1516.4945,23.006323
Honduras,HND,1966,1.2116001,8.799093,1918.1226,22.795084
Honduras,HND,1967,1.2094,10.977444,1583.6176,22.900282
Honduras,HND,1968,1.2093002,13.513514,1917.7871,22.62149
Honduras,HND,1969,1.2091,16.942772,1956.906,23.068186
Honduras,HND,1970,1.2092,18.045113,1751.7018,22.681152
Honduras,HND,1971,1.2095001,20.630157,1527.3636,22.776718
Honduras,HND,1972,1.21,17.47076,1487.0485,23.288872
Honduras,HND,1973,1.1402,17.416546,1605.732,23.205923
Honduras,HND,1974,1.2153001,13.51156,1586.3868,22.663496
Honduras,HND,1975,1.0934001,14.154282,1696.8601,22.975632
Honduras,HND,1976,1.0007001,17.663422,1770.2703,22.51108
Honduras,HND,1977,0.92480004,18.562874,1474.1725,23.095825
Honduras,HND,1978,0.95220006,15.558511,1775.7799,23.094744
Honduras,HND,1979,1.0002,13.052209,1994.9176,23.195908
Honduras,HND,1980,1.1317,19.204851,1791.3623,23.133272
Honduras,HND,1981,1.3770001,19.176231,1751.3073,22.976496
Honduras,HND,1982,1.2823001,16.409891,1613.7991,23.24082
Honduras,HND,1983,1.4423001,19.218132,1546.0613,23.69885
Honduras,HND,1984,1.3438001,24.895493,1604.4282,22.945854
Honduras,HND,1985,1.4330001,15.683848,1491.0947,23.01924
Honduras,HND,1986,1.363,17.349415,1565.0898,22.633423
Honduras,HND,1987,1.5632,23.498959,1471.2941,23.259262
Honduras,HND,1988,1.2894001,27.865828,1837.6581,23.334345
Honduras,HND,1989,1.4246,23.146612,1567.5952,23.052164
Honduras,HND,1990,1.4685,10.255814,1807.1045,23.247152
Honduras,HND,1991,1.3169001,23.86126,1411.4248,23.491098
Honduras,HND,1992,1.3285,26.843565,1346.923,23.408617
Honduras,HND,1993,1.3286,32.679737,1816.7856,23.17006
Honduras,HND,1994,1.3108001,17.878788,1210.2039,23.426847
Honduras,HND,1995,1.5404001,55.5625,1821.3091,23.514368
Honduras,HND,1996,1.5790001,51.625,1884.7446,22.855753
Honduras,HND,1997,1.57,94.56513,1504.4122,23.432564
Honduras,HND,1998,1.0899,92.03487,1955.1143,23.858446
Honduras,HND,1999,1.1702,111.58038,1890.9978,22.70281
Honduras,HND,2000,1.3681,169.00749,1429.1708,22.716698
Honduras,HND,2001,1.4471,141.85393,1500.7368,22.94873
Honduras,HND,2002,1.3418001,41.574905,1483.3479,23.42877
Honduras,HND,2003,1.5334,54.9588,1638.7117,23.549957
Honduras,HND,2004,1.3881,36.591427,1497.8237,23.425127
Honduras,HND,2005,1.5065001,60.62381,2004.2216,23.683952
Honduras,HND,2006,1.5223001,98.4419,1704.7247,23.521666
Honduras,HND,2007,1.6827,90.17238,1727.0361,23.456385
Honduras,HND,2008,1.6805,77.61493,1949.4016,23.265886
Honduras,HND,2009,1.7272,62.222004,1475.1392,23.520617
Honduras,HND,2010,1.6603001,85.65717,1953.8271,23.397856
Honduras,HND,2011,1.7115,131.49017,1810.7401,23.475996
Honduras,HND,2012,1.6469,107.91061,1543.2971,23.376297
Honduras,HND,2013,1.6714001,123.96464,1686.9858,23.732634
Honduras,HND,2014,1.8547001,140.01768,1664.0472,23.678175
Honduras,HND,2015,1.8213001,131.90767,1541.7782,24.084929
Honduras,HND,2016,1.8909001,164.31532,1620.4181,24.102743
Honduras,HND,2017,1.8657,184.5118,2008.0594,23.760023
Honduras,HND,2018,1.8470001,205.41257,1573.6622,23.57686
Honduras,HND,2019,1.8626001,157.45088,1335.3988,24.29406
Honduras,HND,2020,1.8832,238.37328,2003.6831,24.247932
Honduras,HND,2021,1.8937,191.11984,1417.3527,24.099195
Honduras,HND,2022,1.8951001,191.10805,1832.682,23.793312
Honduras,HND,2023,1.8864001,187.97054,1611.964,24.610764
Hungary,HUN,1961,1.8575001,41.43608,494.1675,11.68164
Hungary,HUN,1962,2.0423002,52.85555,627.0678,10.332385
Hungary,HUN,1963,2.0416,57.673725,679.3681,10.183221
Hungary,HUN,1964,2.1117,65.63917,691.8061,9.977504
Hungary,HUN,1965,2.3206003,68.35705,871.9207,9.642024
Hungary,HUN,1966,2.4017,74.10718,763.7347,11.305561
Hungary,HUN,1967,2.4915001,98.4861,579.09644,10.856465
Hungary,HUN,1968,2.5763001,120.79662,615.2037,10.836417
Hungary,HUN,1969,2.986,134.3423,774.4903,10.102939
Hungary,HUN,1970,2.5382001,161.2099,835.0522,10.180202
Hungary,HUN,1971,3.1320002,183.95428,575.64557,10.572242
Hungary,HUN,1972,3.3398001,196.37628,845.8236,10.664424
Hungary,HUN,1973,3.5936003,232.26294,583.0212,10.42695
Hungary,HUN,1974,3.8258002,260.52603,852.23236,11.007937
Hungary,HUN,1975,3.9027002,296.0749,703.96674,11.089183
Hungary,HUN,1976,3.6862001,271.72043,660.32855,10.193034
Hungary,HUN,1977,4.1065,297.94617,680.19226,10.592643
Hungary,HUN,1978,4.4604,305.06976,637.0939,9.584605
Hungary,HUN,1979,4.1319003,298.166,716.1459,10.592869
Hungary,HUN,1980,4.8061004,278.32205,796.4727,9.222784
Hungary,HUN,1981,4.6196003,295.25143,649.91815,10.626028
Hungary,HUN,1982,5.1779003,304.49612,665.10675,10.579161
Hungary,HUN,1983,4.7343,316.01016,563.7466,11.089245
Hungary,HUN,1984,5.4012003,303.13528,676.807,10.237588
Hungary,HUN,1985,5.1588,265.6815,700.00085,9.506878
Hungary,HUN,1986,4.9608,274.31052,559.67694,10.313994
Hungary,HUN,1987,4.9803,271.90015,743.9662,9.925102
Hungary,HUN,1988,5.2246003,280.7004,631.06323,10.614924
Hungary,HUN,1989,5.4728003,238.67775,668.7086,11.069318
Hungary,HUN,1990,4.5208,134.53581,532.6213,11.251655
Hungary,HUN,1991,5.4862003,64.503365,686.37726,9.892929
Hungary,HUN,1992,3.6460001,39.8566,578.39246,11.369109
Hungary,HUN,1993,3.0853002,61.625946,560.0259,10.51278
Hungary,HUN,1994,3.9688003,66.06085,576.6316,11.982324
Hungary,HUN,1995,4.0641003,76.60112,761.573,10.780937
Hungary,HUN,1996,3.9996002,94.55976,792.9905,9.6312065
Hungary,HUN,1997,4.7857003,88.60747,622.9174,10.192976
Hungary,HUN,1998,4.5542006,76.90392,785.7632,10.656613
Hungary,HUN,1999,4.7062006,89.84424,909.64276,10.89674
Hungary,HUN,2000,3.6327002,90.61799,517.38104,12.051697
Hungary,HUN,2001,4.8849,98.51302,741.9042,10.796158
Hungary,HUN,2002,3.9632,94.87625,675.29785,11.787506
Hungary,HUN,2003,3.0389001,95.49706,492.19025,10.821044
Hungary,HUN,2004,5.5899,98.521095,746.81366,10.636189
Hungary,HUN,2005,5.5266004,85.19887,822.9804,10.218748
Hungary,HUN,2006,5.0973,99.19513,650.9223,10.976776
Hungary,HUN,2007,3.492,110.40941,653.19366,12.150689
Hungary,HUN,2008,5.8002005,96.70076,627.1158,11.887729
Hungary,HUN,2009,4.7152004,77.48222,687.4096,11.803159
Hungary,HUN,2010,4.7190003,84.33424,1044.866,10.638519
Hungary,HUN,2011,5.1051,93.288284,469.67142,11.230254
Hungary,HUN,2012,3.7611003,99.61542,568.4319,11.836331
Hungary,HUN,2013,4.8315,113.55862,782.6166,11.547375
Hungary,HUN,2014,5.8970003,112.70824,880.7855,12.418071
Hungary,HUN,2015,5.2434,114.147545,613.8659,12.1271515
Hungary,HUN,2016,6.4866004,138.17303,788.983,11.535934
Hungary,HUN,2017,5.8355002,152.37868,710.6444,11.5332155
Hungary,HUN,2018,6.2862005,150.85893,709.47687,12.459348
Hungary,HUN,2019,6.3658,145.98564,732.6129,12.5901985
Hungary,HUN,2020,6.6591005,162.61673,736.68964,11.952118
Hungary,HUN,2021,5.92,165.49178,625.4184,11.396577
Hungary,HUN,2022,4.0321,108.32579,594.6814,12.367064
Hungary,HUN,2023,6.2520003,89.5253,862.53436,12.739921
Iceland,ISL,2015,3.1868002,147.75206,1610.4105,1.4421979
Iceland,ISL,2016,3.2126002,181.52893,1371.8767,2.8428192
Iceland,ISL,2017,3.5238001,148.00827,1488.703,2.6768303
Iceland,ISL,2018,2.6000001,136.28099,1630.162,2.1566794
Iceland,ISL,2019,3.5909002,117.68595,1359.5902,2.0690942
Iceland,ISL,2020,4.8580003,130.09917,1577.6597,1.5840303
Iceland,ISL,2021,3.1208003,139.86777,1337.8298,1.896273
Iceland,ISL,2022,2.9667,126.03306,1545.7601,1.7226977
Iceland,ISL,2023,2.4301002,97.28925,1322.1385,1.5489918
India,IND,1961,0.9473,2.17129,1323.6628,23.245031
India,IND,1962,0.9297001,2.885769,1209.676,23.341255
India,IND,1963,0.96580005,3.4539912,1213.2882,23.797043
India,IND,1964,0.9936,4.9019856,1329.7123,23.775696
India,IND,1965,0.85440004,4.9590435,1103.6233,23.754347
India,IND,1966,0.86420006,6.939908,1258.5763,23.794573
India,IND,1967,0.9937001,9.631994,1341.1575,23.74472
India,IND,1968,1.0366,10.999632,1223.2911,23.566889
India,IND,1969,1.0537,12.3893585,1076.6775,24.230844
India,IND,1970,1.1348001,14.054559,1234.3206,23.705942
India,IND,1971,1.1361,16.630362,1242.7834,23.311172
India,IND,1972,1.1078001,17.279287,983.6838,24.013382
India,IND,1973,1.1528001,17.625618,1270.081,24.050018
India,IND,1974,1.0745001,15.933647,974.10016,23.815836
India,IND,1975,1.2608001,21.588255,1280.9257,23.449295
India,IND,1976,1.1987,21.08394,1102.4774,23.82105
India,IND,1977,1.3311,26.50763,1086.6967,23.893166
India,IND,1978,1.3702,31.43244,1133.4935,23.598825
India,IND,1979,1.2223,32.261204,958.54034,24.244698
India,IND,1980,1.35,33.97276,1143.8743,24.20513
India,IND,1981,1.3988001,37.349,1025.6759,23.725878
India,IND,1982,1.3464001,35.930435,978.02734,23.735601
India,IND,1983,1.5644001,40.77563,1229.5223,23.512537
India,IND,1984,1.5638001,48.89071,1084.9587,23.719175
India,IND,1985,1.5922,52.986423,1011.7491,24.014442
India,IND,1986,1.5854001,58.856,1062.8413,23.84437
India,IND,1987,1.5837001,51.11792,895.0952,24.2932
India,IND,1988,1.7758001,66.09647,1237.4207,24.20491
India,IND,1989,1.9164001,69.21077,1141.2878,23.65773
India,IND,1990,1.8912001,73.523026,1431.0149,23.640028
India,IND,1991,1.9139001,77.99932,1134.923,23.87922
India,IND,1992,2.035,74.70167,1000.0663,23.786295
India,IND,1993,2.0608,76.176735,1174.9967,23.925177
India,IND,1994,2.1279,83.455894,1275.7301,23.809832
India,IND,1995,2.1056,85.70286,1186.0588,24.025053
India,IND,1996,2.0469,89.04233,1191.4233,23.924788
India,IND,1997,2.2315001,100.17256,1206.3059,23.493256
India,IND,1998,2.1897001,104.067955,1201.0219,24.171572
India,IND,1999,2.3368,112.17102,1088.3833,24.057663
India,IND,2000,2.2870002,103.78612,1079.3531,23.941797
India,IND,2001,2.4257,108.1822,1107.9402,24.018225
India,IND,2002,2.2256002,100.329056,999.93604,24.381563
India,IND,2003,2.3861003,105.1772,1225.7537,24.12349
India,IND,2004,2.3367,115.27151,1104.7363,24.167746
India,IND,2005,2.3998,127.61459,1156.1407,24.089312
India,IND,2006,2.4494,136.40392,1180.9954,24.34047
India,IND,2007,2.5818002,142.83522,1294.9424,24.218033
India,IND,2008,2.644,153.3494,1261.435,23.98672
India,IND,2009,2.5634,167.45729,1115.5985,24.703722
India,IND,2010,2.6664,179.03587,1351.2405,24.658434
India,IND,2011,2.8852,180.74829,1250.4109,24.01088
India,IND,2012,2.9981003,163.12202,1133.577,24.120453
India,IND,2013,2.9699001,156.4957,1350.3315,23.933027
India,IND,2014,2.9906003,163.49808,1102.0253,24.16243
India,IND,2015,2.8524,171.03821,1160.0048,24.441114
India,IND,2016,3.0129,166.00305,1213.0835,24.822632
India,IND,2017,3.1276002,170.56929,1206.1223,24.683939
India,IND,2018,3.3011003,176.07121,1110.0332,24.487251
India,IND,2019,3.3941002,186.45676,1374.6685,24.450323
India,IND,2020,3.3910003,210.69196,1315.3904,24.16279
India,IND,2021,3.5279,193.60101,1241.8716,24.26062
India,IND,2022,3.5640001,193.75497,1277.7179,24.43696
India,IND,2023,3.6020002,199.14122,1157.6791,24.442795
Indonesia,IDN,1961,1.5417,9.325476,2681.9238,24.229795
Indonesia,IDN,1962,1.5535,10.140829,3016.4604,24.204865
Indonesia,IDN,1963,1.5019001,8.735606,2574.6047,24.28436
Indonesia,IDN,1964,1.5128001,6.4028506,3127.2048,24.147621
Indonesia,IDN,1965,1.5598001,6.224914,2650.3787,24.073652
Indonesia,IDN,1966,1.5143001,9.458774,3378.2822,23.920477
Indonesia,IDN,1967,1.5493001,8.184966,3046.7876,23.900644
Indonesia,IDN,1968,1.8085,17.365562,3147.8706,24.00924
Indonesia,IDN,1969,1.9441,11.281554,2952.0967,24.307169
Indonesia,IDN,1970,2.0008001,15.079844,3388.3977,24.243017
Indonesia,IDN,1971,2.0817,14.126135,3202.1045,23.901934
Indonesia,IDN,1972,2.1524,27.772358,2360.089,24.291395
Indonesia,IDN,1973,2.1272001,29.53611,3403.081,24.45928
Indonesia,IDN,1974,2.2803001,30.194738,2933.7832,24.137527
Indonesia,IDN,1975,2.3073,29.330362,3327.8894,24.157072
Indonesia,IDN,1976,2.4726002,29.277779,2714.2695,24.200884
Indonesia,IDN,1977,2.4245002,36.254295,2910.392,24.393372
Indonesia,IDN,1978,2.493,44.57974,3429.7769,24.51655
Indonesia,IDN,1979,2.6224,49.53956,3041.806,24.606653
Indonesia,IDN,1980,2.8657,67.32614,2956.2598,24.680597
Indonesia,IDN,1981,3.0221002,82.724915,3120.4026,24.614027
Indonesia,IDN,1982,3.3321002,89.88612,2613.0273,24.604301
Indonesia,IDN,1983,3.3203,86.439384,3132.2783,24.885168
Indonesia,IDN,1984,3.3794,104.20621,3504.0469,24.37018
Indonesia,IDN,1985,3.5133002,102.3587,3206.6794,24.447723
Indonesia,IDN,1986,3.4762,101.56606,3172.3337,24.535385
Indonesia,IDN,1987,3.6047,105.5078,2946.2883,24.852045
Indonesia,IDN,1988,3.5683002,117.26697,3463.7642,24.815048
Indonesia,IDN,1989,3.7786002,111.77373,3270.0737,24.525866
Indonesia,IDN,1990,3.8002002,123.478004,2936.2212,24.70223
Indonesia,IDN,1991,3.8621004,132.74155,2860.8015,24.614914
Indonesia,IDN,1992,3.8171003,142.66777,3067.416,24.58094
Indonesia,IDN,1993,3.9163003,127.806274,2990.4817,24.720621
Indonesia,IDN,1994,3.8655002,144.04999,3005.0403,24.725851
Indonesia,IDN,1995,3.8428001,145.84247,3588.3894,24.832312
Indonesia,IDN,1996,3.9449,151.37952,3279.4084,24.841108
Indonesia,IDN,1997,4.0114,124.16253,2342.6814,25.030828
Indonesia,IDN,1998,3.8169,152.03723,3524.3354,25.449814
Indonesia,IDN,1999,3.8957002,140.71123,3380.8242,24.797277
Indonesia,IDN,2000,4.0264,138.98334,3345.4768,24.831553
Indonesia,IDN,2001,4.0449,147.05467,3229.5308,24.932646
Indonesia,IDN,2002,4.1695004,138.74489,2710.366,25.087202
Indonesia,IDN,2003,4.2481003,163.76718,3076.247,25.052223
Indonesia,IDN,2004,4.2745004,180.47609,2796.858,25.05004
Indonesia,IDN,2005,4.3113,184.32626,3123.9282,25.124704
Indonesia,IDN,2006,4.3658,189.62752,2938.029,25.09938
Indonesia,IDN,2007,4.4139,222.92638,3324.9883,25.104311
Indonesia,IDN,2008,4.703,234.02202,3469.9106,24.928862
Indonesia,IDN,2009,4.8087006,239.60359,2958.5574,25.298113
Indonesia,IDN,2010,4.8724003,239.55339,3773.515,25.424742
Indonesia,IDN,2011,4.8913,260.87195,3257.664,25.103395
Indonesia,IDN,2012,5.0868,324.10513,3340.6816,25.17441
Indonesia,IDN,2013,5.0870004,303.53375,3652.3726,25.292559
Indonesia,IDN,2014,5.0991,334.11588,3072.5667,25.349745
Indonesia,IDN,2015,5.3138,341.49698,2802.0144,25.458136
Indonesia,IDN,2016,5.1587005,332.6894,3754.9534,25.770737
Indonesia,IDN,2017,5.1384,374.48178,3661.763,25.434715
Indonesia,IDN,2018,5.2278,388.94565,3210.189,25.43818
Indonesia,IDN,2019,5.3512006,304.31604,2868.7268,25.568398
Indonesia,IDN,2020,5.2003,336.10797,3613.3914,25.664236
Indonesia,IDN,2021,5.3243003,381.22992,3506.876,25.479937
Indonesia,IDN,2022,5.3928,311.0881,3572.854,25.425005
Indonesia,IDN,2023,5.4182005,311.072,2951.8508,25.733643
Iran,IRN,1961,0.84990007,0.9234312,257.95825,16.700613
Iran,IRN,1962,0.8836,1.2020681,200.4432,16.97479
Iran,IRN,1963,0.85740006,1.6228666,288.7817,17.495085
Iran,IRN,1964,0.85020006,2.0800133,240.85114,16.083044
Iran,IRN,1965,0.88210005,2.4633822,278.13687,17.112154
Iran,IRN,1966,0.8836,3.2601464,223.83966,17.84873
Iran,IRN,1967,0.8798,5.003322,258.59705,16.595741
Iran,IRN,1968,0.8751,5.152318,322.62915,16.896193
Iran,IRN,1969,0.88420004,5.7539682,346.75836,16.978666
Iran,IRN,1970,0.88470006,6.2689767,214.52162,17.942015
Iran,IRN,1971,0.82190007,11.362429,262.99435,17.404867
Iran,IRN,1972,0.9179001,12.35521,404.57077,15.777438
Iran,IRN,1973,0.92480004,19.435951,194.97975,17.348211
Iran,IRN,1974,0.90800005,20.311178,350.72803,16.436327
Iran,IRN,1975,1.0529001,21.197475,269.77133,16.817625
Iran,IRN,1976,1.2204001,22.273973,346.28043,16.720922
Iran,IRN,1977,1.1434001,27.282717,308.77878,17.748928
Iran,IRN,1978,1.2006,21.979637,256.92218,17.544365
Iran,IRN,1979,1.2349001,31.10932,305.66907,17.310669
Iran,IRN,1980,1.0669001,47.240196,311.07227,17.623106
Iran,IRN,1981,1.0209001,50.561623,276.57385,17.220917
Iran,IRN,1982,1.1968001,63.416306,365.0214,15.861748
Iran,IRN,1983,1.0928001,72.0809,233.04352,16.61645
Iran,IRN,1984,1.2013001,63.18628,282.80786,16.423275
Iran,IRN,1985,1.2233001,60.7153,235.19028,17.051777
Iran,IRN,1986,1.3570001,60.10383,360.6899,16.31781
Iran,IRN,1987,1.3027,61.45013,260.1043,17.434282
Iran,IRN,1988,1.2871001,65.85346,299.76843,17.518
Iran,IRN,1989,1.1403002,82.58442,244.53749,17.043438
Iran,IRN,1990,1.4453001,76.43186,225.98561,17.731283
Iran,IRN,1991,1.6115,68.88076,347.2507,17.406265
Iran,IRN,1992,1.7066001,79.55448,364.72092,16.179327
Iran,IRN,1993,1.7734001,51.99054,335.07208,17.174824
Iran,IRN,1994,1.8174001,57.910828,300.33398,17.797422
Iran,IRN,1995,1.9091,58.500114,287.6221,17.819067
Iran,IRN,1996,1.8492,63.129498,354.08945,17.481787
Iran,IRN,1997,1.8573002,73.15489,317.71347,17.592737
Iran,IRN,1998,2.1608002,75.310326,292.05215,18.43643
Iran,IRN,1999,2.0497,81.43478,259.2404,18.477892
Iran,IRN,2000,1.8351,93.37731,236.22432,18.362158
Iran,IRN,2001,1.9326,83.57726,210.38548,19.017376
Iran,IRN,2002,2.2729,87.896126,276.10388,18.578974
Iran,IRN,2003,2.3834,93.43422,282.98727,18.323158
Iran,IRN,2004,2.4171002,98.490685,324.23276,18.550676
Iran,IRN,2005,2.3012002,103.49695,280.87274,18.262953
Iran,IRN,2006,2.3918002,126.78061,290.87946,18.618221
Iran,IRN,2007,2.4543002,97.724464,285.0334,18.124987
Iran,IRN,2008,1.7209,108.09926,202.84282,18.368649
Iran,IRN,2009,1.9972,90.393036,295.44366,18.48614
Iran,IRN,2010,2.1735,90.24886,198.69025,19.494516
Iran,IRN,2011,1.7137,48.305706,296.24268,18.380583
Iran,IRN,2012,1.7454001,52.309883,286.47266,18.15188
Iran,IRN,2013,1.8471,56.80895,261.21686,18.702002
Iran,IRN,2014,2.0515,73.21304,259.73563,18.399834
Iran,IRN,2015,2.2310002,47.47709,296.90427,19.06797
Iran,IRN,2016,2.6533003,47.535576,252.5467,19.174204
Iran,IRN,2017,2.5310001,51.83091,260.03693,19.020617
Iran,IRN,2018,2.6573002,57.942173,294.34033,19.460905
Iran,IRN,2019,2.6537,63.245583,389.2463,18.738478
Iran,IRN,2020,2.6173003,68.45952,359.46164,18.338884
Iran,IRN,2021,2.5319,68.289444,171.44714,19.742678
Iran,IRN,2022,2.6377,68.289444,234.03809,19.529238
Iran,IRN,2023,2.6695,68.289444,240.4344,19.696218
Iraq,IRQ,1961,0.90580004,0.4021739,226.378,21.324282
Iraq,IRQ,1962,0.95140004,0.37634408,137.86874,22.794401
Iraq,IRQ,1963,0.7878,0.51212764,274.12555,21.67481
Iraq,IRQ,1964,0.74780005,0.6237895,151.17406,20.745224
Iraq,IRQ,1965,0.80890006,0.73604167,236.83446,21.545889
Iraq,IRQ,1966,0.78020006,1.52375,179.15521,22.454323
Iraq,IRQ,1967,0.83000004,1.9228866,243.93138,20.500517
Iraq,IRQ,1968,1.1961,2.2478352,258.43524,21.499123
Iraq,IRQ,1969,1.1428001,2.9942267,255.14764,21.770529
Iraq,IRQ,1970,1.0122001,3.5066006,135.18118,21.78375
Iraq,IRQ,1971,1.0780001,4.176155,263.80106,21.155844
Iraq,IRQ,1972,1.4431001,4.534,318.94202,20.602924
Iraq,IRQ,1973,0.94170004,5.7338,133.07832,21.411375
Iraq,IRQ,1974,0.89300007,6.7533336,335.02866,21.172304
Iraq,IRQ,1975,0.6794001,6.4117646,229.54651,21.273592
Iraq,IRQ,1976,0.9743,8.431373,237.25197,21.094149
Iraq,IRQ,1977,0.96230006,10.627451,202.77803,21.94327
Iraq,IRQ,1978,0.7727001,11.276154,141.72987,22.19613
Iraq,IRQ,1979,0.7676,19.428572,188.35823,22.946428
Iraq,IRQ,1980,0.8259001,17.580952,251.08969,21.968294
Iraq,IRQ,1981,0.90220004,14.6285715,205.3876,22.211359
Iraq,IRQ,1982,0.8769001,15.276191,267.04248,20.763468
Iraq,IRQ,1983,0.73490006,16.742857,168.88687,21.316095
Iraq,IRQ,1984,1.0159,29.485714,202.61543,21.520027
Iraq,IRQ,1985,0.98510003,34.38095,204.33746,21.934782
Iraq,IRQ,1986,0.8212001,37.369522,253.9084,22.023804
Iraq,IRQ,1987,0.8917,41.466667,227.38887,22.33944
Iraq,IRQ,1988,1.0522,44.849056,279.16046,21.89258
Iraq,IRQ,1989,0.92090005,43.0754,184.8576,22.16088
Iraq,IRQ,1990,1.0610001,41.4,147.02551,22.368652
Iraq,IRQ,1991,0.7996,24.944445,246.22726,22.176691
Iraq,IRQ,1992,0.75500005,39.622643,255.1693,20.682926
Iraq,IRQ,1993,0.7061,62.142857,284.5512,21.892189
Iraq,IRQ,1994,0.7925,76.039604,276.24265,22.814972
Iraq,IRQ,1995,0.80120003,69.5625,177.98213,22.402872
Iraq,IRQ,1996,0.89970005,73.833336,281.03024,23.192434
Iraq,IRQ,1997,0.79990005,81.09091,250.55504,21.8859
Iraq,IRQ,1998,0.86480004,87.11364,177.99417,23.502398
Iraq,IRQ,1999,0.59000003,90.25581,133.10025,23.638727
Iraq,IRQ,2000,0.36320004,86.325584,172.28464,22.974562
Iraq,IRQ,2001,0.6927,148.65117,187.91936,23.45611
Iraq,IRQ,2002,1.3064001,141.02222,226.87128,22.957968
Iraq,IRQ,2003,1.2098001,25.48889,209.70486,22.937819
Iraq,IRQ,2004,1.1916001,24.696,208.4516,22.887735
Iraq,IRQ,2005,0.94810003,47.05097,181.86021,22.959417
Iraq,IRQ,2006,1.3292,46.545834,274.1481,23.13458
Iraq,IRQ,2007,1.2648001,37.850506,155.77419,23.141973
Iraq,IRQ,2008,1.4035001,57.19,131.99036,23.172445
Iraq,IRQ,2009,1.7745001,60.196438,156.56061,23.020416
Iraq,IRQ,2010,1.6971,34.29,152.80746,24.62488
Iraq,IRQ,2011,1.7985001,39.097675,180.41129,22.34279
Iraq,IRQ,2012,2.3189,49.416,189.85913,23.314117
Iraq,IRQ,2013,2.2939,50.624817,259.3305,22.71319
Iraq,IRQ,2014,2.1167,19.704166,232.79182,23.358727
Iraq,IRQ,2015,2.7266002,15.565908,255.69518,23.494797
Iraq,IRQ,2016,3.1389,28.960756,203.69127,23.54371
Iraq,IRQ,2017,2.8338,50.636547,144.37646,23.690191
Iraq,IRQ,2018,2.6826003,55.176697,365.2817,24.03763
Iraq,IRQ,2019,2.6737,52.303684,307.506,23.443193
Iraq,IRQ,2020,2.6393,55.581203,230.37848,23.817102
Iraq,IRQ,2021,2.7933002,50.76273,92.53169,24.52275
Iraq,IRQ,2022,2.9786003,51.10807,148.28801,23.951925
Iraq,IRQ,2023,2.6696002,50.531296,235.81529,23.996191
Ireland,IRL,1961,3.1415002,310.98987,980.82074,9.837208
Ireland,IRL,1962,3.3308003,358.63483,860.0626,8.8034935
Ireland,IRL,1963,3.1256003,385.38287,917.73663,8.429355
Ireland,IRL,1964,2.9292002,394.09494,927.1653,9.560394
Ireland,IRL,1965,3.1112,383.18173,1055.1279,8.799145
Ireland,IRL,1966,3.2700002,566.6108,1090.1559,9.330064
Ireland,IRL,1967,3.5638003,622.7987,1021.5872,9.294575
Ireland,IRL,1968,4.0025,681.5864,1059.6426,9.450558
Ireland,IRL,1969,3.9202,741.31573,798.35046,9.166942
Ireland,IRL,1970,3.6338003,795.3777,1027.0255,9.420277
Ireland,IRL,1971,4.0902,784.3324,866.37036,10.0255
Ireland,IRL,1972,3.8467002,1036.6882,1021.3808,9.07862
Ireland,IRL,1973,3.69,1046.3501,952.09485,9.7243
Ireland,IRL,1974,4.1407003,765.1435,1087.7999,9.3375845
Ireland,IRL,1975,4.0702,943.2328,853.71967,9.953715
Ireland,IRL,1976,3.5815,1028.5211,912.772,9.705539
Ireland,IRL,1977,4.9208,1215.9229,1061.8556,9.500609
Ireland,IRL,1978,4.5586004,1318.9435,1043.0022,9.580297
Ireland,IRL,1979,4.7787004,1142.995,1145.9551,8.709763
Ireland,IRL,1980,4.6505003,1085.6368,1193.266,9.43524
Ireland,IRL,1981,4.7711005,1115.2325,1115.3302,9.575415
Ireland,IRL,1982,5.2793,1209.9768,1197.0775,9.738729
Ireland,IRL,1983,5.0359,1362.4121,1084.6656,9.992505
Ireland,IRL,1984,6.1794,1314.7356,1058.6294,9.645266
Ireland,IRL,1985,5.2382007,1247.5842,1157.617,8.97448
Ireland,IRL,1986,5.3630004,1539.7081,1238.8562,8.611409
Ireland,IRL,1987,6.2863,1509.3607,999.80566,9.336593
Ireland,IRL,1988,6.4110003,1616.0057,1198.8173,9.759685
Ireland,IRL,1989,5.9963,1704.3918,1043.4584,10.195378
Ireland,IRL,1990,6.5774,1754.4348,1071.7999,10.092351
Ireland,IRL,1991,6.5210004,1697.7279,994.6255,9.6214905
Ireland,IRL,1992,6.7412004,1700.1782,1115.7389,9.544224
Ireland,IRL,1993,5.7281003,1772.7161,1124.9807,9.378337
Ireland,IRL,1994,5.9883003,1878.5911,1202.7144,9.678559
Ireland,IRL,1995,6.5787005,1886.0312,1020.6077,10.266621
Ireland,IRL,1996,7.3220005,1689.3733,1032.681,9.283563
Ireland,IRL,1997,6.2971005,1553.6724,1099.8889,10.3876705
Ireland,IRL,1998,6.2366004,1596.7706,1259.9609,10.108747
Ireland,IRL,1999,6.9857006,1481.7987,1181.6694,10.076346
Ireland,IRL,2000,7.7957006,1228.0475,1202.3029,9.72386
Ireland,IRL,2001,7.5809,1158.1245,904.6849,9.622928
Ireland,IRL,2002,6.5671005,1153.707,1285.4817,10.052369
Ireland,IRL,2003,7.1007004,1187.6588,944.67303,10.11834
Ireland,IRL,2004,8.0779,1077.4465,1033.8684,10.023137
Ireland,IRL,2005,6.9047008,1109.7341,1026.7565,10.191103
Ireland,IRL,2006,7.4652004,1066.1,1152.6091,10.250212
Ireland,IRL,2007,7.1888003,973.62335,1082.4647,10.452836
Ireland,IRL,2008,7.6449003,857.1976,1214.7668,9.722066
Ireland,IRL,2009,6.8871,1123.803,1332.818,9.679278
Ireland,IRL,2010,7.4563003,1065.3723,918.2538,8.68949
Ireland,IRL,2011,8.441501,995.70935,1133.7546,9.940957
Ireland,IRL,2012,6.7412004,1138.7808,1142.706,9.672502
Ireland,IRL,2013,7.8021007,1110.3346,1032.3745,9.690859
Ireland,IRL,2014,8.471401,991.39685,1204.0597,10.195059
Ireland,IRL,2015,9.008201,1019.32007,1278.5177,9.562084
Ireland,IRL,2016,8.2228,1023.29065,1039.1006,9.87319
Ireland,IRL,2017,8.7836,1127.2798,1063.9592,10.186477
Ireland,IRL,2018,6.8395004,1275.2749,1056.1262,9.996663
Ireland,IRL,2019,8.5052,1183.5756,1193.9227,10.076142
Ireland,IRL,2020,7.1248,1220.2567,1285.2833,10.0146675
Ireland,IRL,2021,8.606501,1303.1055,1103.3082,10.224656
Ireland,IRL,2022,8.7015,1056.1592,1124.0818,10.484427
Ireland,IRL,2023,7.0628,895.8702,1319.3188,10.869229
Israel,ISR,1961,1.108,113.91509,224.39566,18.953505
Israel,ISR,1962,1.1601,107.56958,137.86247,20.183483
Israel,ISR,1963,1.0565001,106.94375,226.60689,20.11284
Israel,ISR,1964,2.0444002,115.21739,222.01965,18.746077
Israel,ISR,1965,1.8528001,128.84616,229.70363,19.424524
Israel,ISR,1966,1.0527,123.61801,222.59935,19.9165
Israel,ISR,1967,2.0608,144.19505,297.43744,18.591822
Israel,ISR,1968,1.4813001,142.53105,240.16483,19.510773
Israel,ISR,1969,1.3484001,165.46729,256.8773,19.831799
Israel,ISR,1970,1.1863002,176.35385,207.89604,19.398523
Israel,ISR,1971,1.7916001,186.15031,368.97833,19.209888
Israel,ISR,1972,2.6425002,192.87692,249.78146,19.072018
Israel,ISR,1973,2.278,170.01497,175.39818,19.320196
Israel,ISR,1974,2.3538,190.38052,288.94257,19.252659
Israel,ISR,1975,2.1797001,221.99405,210.57372,19.149578
Israel,ISR,1976,1.7908001,227.42769,172.9446,19.171091
Israel,ISR,1977,1.9112,245.52307,233.03078,19.404554
Israel,ISR,1978,1.5300001,257.41537,171.23375,19.579714
Israel,ISR,1979,1.2497001,239.51384,220.49046,19.900333
Israel,ISR,1980,2.3166003,243.85231,264.5361,19.475029
Israel,ISR,1981,1.9547,231.96924,176.3465,19.240028
Israel,ISR,1982,1.6695001,252.87692,216.43399,18.655159
Israel,ISR,1983,3.2612002,265.68253,233.77066,18.521835
Israel,ISR,1984,1.6389002,292.68292,208.31076,19.105972
Israel,ISR,1985,2.2405002,281.65137,200.21283,19.497786
Israel,ISR,1986,2.46,277.21893,251.37268,19.332705
Israel,ISR,1987,3.5667002,289.08554,218.41602,19.260654
Israel,ISR,1988,2.8466003,287.61063,294.16547,19.429928
Israel,ISR,1989,2.7765002,294.08286,157.48247,19.271479
Israel,ISR,1990,3.486,299.12537,177.80136,19.4418
Israel,ISR,1991,2.6441002,269.74063,316.27585,19.38737
Israel,ISR,1992,3.2669,281.8444,310.45944,18.441008
Israel,ISR,1993,3.0149,282.42075,167.85759,19.451965
Israel,ISR,1994,1.8856001,297.99426,304.18314,19.992517
Israel,ISR,1995,3.1337001,301.44928,151.52884,19.567993
Israel,ISR,1996,2.7970002,354.16666,212.58153,20.077261
Israel,ISR,1997,1.9692,357.14285,251.56364,19.503408
Israel,ISR,1998,2.4701002,361.19403,184.2678,20.573797
Israel,ISR,1999,1.6684,267.26727,113.1913,20.454306
Israel,ISR,2000,2.4433002,278.1065,201.2547,19.822472
Israel,ISR,2001,2.4548001,261.4035,153.3748,20.45202
Israel,ISR,2002,2.6895,251.86246,258.3282,20.39329
Israel,ISR,2003,3.3065002,282.93414,232.04173,20.21823
Israel,ISR,2004,3.0667,320.90033,205.9252,20.030848
Israel,ISR,2005,2.9519,292.6045,175.85945,19.925688
Israel,ISR,2006,2.3985002,304.9505,186.46529,19.815979
Israel,ISR,2007,2.7521002,344.99673,185.00346,20.186213
Israel,ISR,2008,2.4388,280.61395,157.25111,20.492579
Israel,ISR,2009,3.1741002,200.46007,194.83806,20.596046
Israel,ISR,2010,3.0376003,206.40327,168.28716,21.945038
Israel,ISR,2011,3.6693003,251.60635,221.57901,19.994776
Israel,ISR,2012,4.2995,278.8331,244.81314,20.688528
Israel,ISR,2013,4.1771,296.0112,213.67062,20.493546
Israel,ISR,2014,4.9101005,264.2263,184.35983,20.580502
Israel,ISR,2015,4.9789,243.607,234.44064,20.529655
Israel,ISR,2016,4.8349,280.67798,205.74844,21.023207
Israel,ISR,2017,3.1969001,229.85013,122.340164,20.690401
Israel,ISR,2018,2.4617,240.67796,283.2538,21.54854
Israel,ISR,2019,3.6242,211.67725,263.40662,20.80841
Israel,ISR,2020,3.8359,240.31227,275.50473,21.028465
Israel,ISR,2021,2.1476002,282.18716,164.17506,21.314743
Israel,ISR,2022,4.5629,267.29608,177.15654,20.616018
Israel,ISR,2023,3.6639001,248.25719,223.37259,21.404333
Italy,ITA,1961,2.1815002,67.79505,867.8976,12.977103
Italy,ITA,1962,2.2253,69.36249,956.8307,12.018634
Italy,ITA,1963,2.1152,68.76463,1189.4258,11.587677
Italy,ITA,1964,2.243,74.639626,1047.0962,12.051781
Italy,ITA,1965,2.3993,86.39548,1064.737,11.562932
Italy,ITA,1966,2.3998,89.303764,1204.2682,12.087197
Italy,ITA,1967,2.6288002,90.61079,941.2951,12.211734
Italy,ITA,1968,2.5271003,93.92629,1136.1655,11.9692545
Italy,ITA,1969,2.6761003,100.74258,1102.5903,11.774909
Italy,ITA,1970,2.7547002,111.67014,950.1192,12.041514
Italy,ITA,1971,2.9631002,152.43034,1050.3663,11.938782
Italy,ITA,1972,2.9268003,164.09209,1360.4718,11.849135
Italy,ITA,1973,2.983,152.00592,1025.9933,12.020542
Italy,ITA,1974,3.157,136.50273,1005.5707,11.993592
Italy,ITA,1975,3.302,159.67053,1041.9215,12.096314
Italy,ITA,1976,3.206,153.2042,1233.7593,11.699117
Italy,ITA,1977,3.1987002,191.75659,1062.1488,12.279121
Italy,ITA,1978,3.4375002,236.85526,1123.7125,11.561535
Italy,ITA,1979,3.4350002,248.49304,1212.8047,11.9135475
Italy,ITA,1980,3.5211003,222.66002,1044.5751,11.352841
Italy,ITA,1981,3.6867,217.2678,996.1216,11.884518
Italy,ITA,1982,3.5850003,211.83612,986.23615,12.532321
Italy,ITA,1983,3.5266004,226.16542,876.9039,12.23733
Italy,ITA,1984,3.9272,229.81511,1098.557,11.5360985
Italy,ITA,1985,3.7393003,237.52475,925.50305,12.116174
Italy,ITA,1986,3.8554,236.21957,966.33563,12.145835
Italy,ITA,1987,3.9201002,251.13226,981.21594,12.280625
Italy,ITA,1988,3.8070002,233.53215,869.2384,12.613688
Italy,ITA,1989,3.7027001,201.59224,821.5045,12.30366
Italy,ITA,1990,3.9449,215.75455,891.4965,12.667102
Italy,ITA,1991,4.3663,223.2236,914.02106,11.820924
Italy,ITA,1992,4.7074003,219.65715,942.3314,12.545629
Italy,ITA,1993,4.8509,222.67836,906.19775,12.483924
Italy,ITA,1994,4.6753,227.18213,864.9073,13.416947
Italy,ITA,1995,4.6674004,219.96861,925.82355,12.391438
Italy,ITA,1996,4.9483,223.83582,1173.6422,12.203578
Italy,ITA,1997,4.7476006,213.01344,887.5693,13.038521
Italy,ITA,1998,5.0782003,209.86913,879.793,12.910877
Italy,ITA,1999,5.0474,208.77707,990.53424,12.958425
Italy,ITA,2000,4.9939003,204.26938,1009.0866,13.330879
Italy,ITA,2001,4.8214,168.59491,842.95374,13.123935
Italy,ITA,2002,4.9592004,171.12187,1140.3444,13.151782
Italy,ITA,2003,4.3072004,177.70247,868.064,13.376731
Italy,ITA,2004,5.4444003,181.41809,1054.0092,12.819343
Italy,ITA,2005,5.3614,171.75308,979.4761,12.27148
Italy,ITA,2006,5.3161,177.03159,831.3964,13.0107
Italy,ITA,2007,5.1740003,190.22995,846.328,13.383342
Italy,ITA,2008,5.353,143.47626,1133.4637,13.248412
Italy,ITA,2009,5.0869,120.11159,1122.5974,13.254895
Italy,ITA,2010,5.3225,122.74596,1322.8486,12.570264
Italy,ITA,2011,5.6772003,134.32246,878.0085,13.380397
Italy,ITA,2012,5.3151,122.506325,1010.26935,13.405064
Italy,ITA,2013,5.2646003,129.3035,1195.0719,13.068585
Italy,ITA,2014,5.7175,126.564064,1240.2909,13.719563
Italy,ITA,2015,5.4022,134.12695,954.5829,13.734695
Italy,ITA,2016,5.5990005,131.50067,1075.6913,13.549911
Italy,ITA,2017,5.1748,130.43524,850.35156,13.504548
Italy,ITA,2018,5.3508,129.83698,1212.4795,13.814866
Italy,ITA,2019,5.3362,128.00514,1170.8456,13.72412
Italy,ITA,2020,5.6265,129.28343,981.3541,13.7081
Italy,ITA,2021,5.5628,112.80011,990.3465,13.434563
Italy,ITA,2022,4.75,113.921326,818.1664,14.372977
Italy,ITA,2023,5.0594,114.10722,1025.3726,14.32829
Jamaica,JAM,1961,0.8683,81.36144,1237.8741,24.666533
Jamaica,JAM,1962,1.0422,73.09036,1039.5476,24.571495
Jamaica,JAM,1963,1.1057,88.64458,1480.2155,24.566683
Jamaica,JAM,1964,1.2273,131.16264,1265.3418,24.674715
Jamaica,JAM,1965,1.2448001,106.99333,893.0929,24.644392
Jamaica,JAM,1966,1.0658001,105.63333,1060.4362,24.73275
Jamaica,JAM,1967,1.2212,162.64516,738.1815,25.00914
Jamaica,JAM,1968,0.9329001,149.67741,927.05774,24.837997
Jamaica,JAM,1969,1.2364001,147.09677,1061.2299,25.470413
Jamaica,JAM,1970,1.368,150.57932,1035.318,25.07897
Jamaica,JAM,1971,1.2828001,147.08966,1080.5865,24.65
Jamaica,JAM,1972,1.1062,156.55173,1061.1128,24.762352
Jamaica,JAM,1973,1.1580001,128.27586,1215.3302,24.858679
Jamaica,JAM,1974,1.5526,176.55173,1158.9293,24.680824
Jamaica,JAM,1975,1.8711001,126.206894,925.33545,24.732346
Jamaica,JAM,1976,1.8444002,98.62069,824.4418,24.771173
Jamaica,JAM,1977,2.1568003,102.06896,1159.5945,25.202555
Jamaica,JAM,1978,1.6997,110.082756,1214.2704,24.94184
Jamaica,JAM,1979,1.5601001,98.82222,1316.3131,24.678543
Jamaica,JAM,1980,1.7852,129.67407,1040.9546,25.303268
Jamaica,JAM,1981,1.6552,140.84445,1190.789,25.165949
Jamaica,JAM,1982,1.5690001,96.128,847.95337,25.346579
Jamaica,JAM,1983,1.9079001,110.73913,978.8393,25.713964
Jamaica,JAM,1984,2.0415,200.86957,995.47455,25.17449
Jamaica,JAM,1985,1.8568001,102.608696,935.5602,25.075272
Jamaica,JAM,1986,1.3590001,150.43478,1087.2211,25.066154
Jamaica,JAM,1987,1.3558002,213.91304,1349.813,25.648237
Jamaica,JAM,1988,1.6031001,254.50435,1202.5393,25.492208
Jamaica,JAM,1989,1.2957,259.16666,1002.7007,25.22656
Jamaica,JAM,1990,1.1157,160.5042,1172.6484,25.566725
Jamaica,JAM,1991,1.2851,203.96825,850.06586,25.49774
Jamaica,JAM,1992,1.4935001,156.61765,880.4454,25.424385
Jamaica,JAM,1993,1.5728002,134.48276,1211.5894,25.258398
Jamaica,JAM,1994,1.4058001,144.09938,996.45874,25.481499
Jamaica,JAM,1995,1.3623002,167.83545,1050.0547,25.43558
Jamaica,JAM,1996,1.3745,153.54839,1114.3097,24.85293
Jamaica,JAM,1997,1.1598,155.98,838.98865,25.434591
Jamaica,JAM,1998,1.1496,161.68965,1052.3948,25.911581
Jamaica,JAM,1999,1.2205001,161.13986,1204.8431,25.09477
Jamaica,JAM,2000,1.1468002,160.0,915.03613,25.126892
Jamaica,JAM,2001,1.2091,148.96428,992.6914,25.445038
Jamaica,JAM,2002,1.1798002,94.67407,1202.3011,25.632986
Jamaica,JAM,2003,1.2303001,112.19259,1105.4458,25.720253
Jamaica,JAM,2004,1.1854001,123.947365,1110.5933,25.595098
Jamaica,JAM,2005,1.2559,115.84375,1529.6837,25.566328
Jamaica,JAM,2006,1.2289001,63.515625,1043.7133,25.827936
Jamaica,JAM,2007,1.2222,36.216,1433.4792,25.68688
Jamaica,JAM,2008,1.2942001,37.641666,1161.0914,25.336164
Jamaica,JAM,2009,1.3157,58.191666,1009.00934,25.739923
Jamaica,JAM,2010,1.2669001,62.625,1446.3314,25.592308
Jamaica,JAM,2011,1.3564001,71.175,1252.6814,25.470276
Jamaica,JAM,2012,1.2828001,87.375,1062.8176,25.609268
Jamaica,JAM,2013,1.2003001,83.15,943.5013,25.850998
Jamaica,JAM,2014,1.1387,115.28333,896.2097,25.96543
Jamaica,JAM,2015,1.1431,37.833332,784.55206,26.238901
Jamaica,JAM,2016,1.0901,57.241665,1057.7341,26.147863
Jamaica,JAM,2017,1.1625,66.28333,1332.5476,26.143608
Jamaica,JAM,2018,1.1485001,102.458336,1006.09863,26.155998
Jamaica,JAM,2019,1.1258001,77.59167,973.4692,26.503174
Jamaica,JAM,2020,1.1143001,65.291664,1149.3063,26.533598
Jamaica,JAM,2021,1.118,65.291664,937.0942,26.27124
Jamaica,JAM,2022,1.1624001,59.291668,1037.0724,26.12879
Jamaica,JAM,2023,1.1404,59.191666,1018.48346,26.734354
Japan,JPN,1961,4.1735,279.8887,1779.7322,11.8334055
Japan,JPN,1962,4.3396,294.4573,1704.2603,11.232457
Japan,JPN,1963,4.224,322.6212,1764.059,11.126595
Japan,JPN,1964,4.3184,318.8969,1803.8329,11.369437
Japan,JPN,1965,4.3982005,337.9883,1788.6967,10.041436
Japan,JPN,1966,4.5093,362.7361,1982.397,10.402943
Japan,JPN,1967,5.1366005,391.42645,1698.0432,11.0864935
Japan,JPN,1968,5.2273,404.21054,1782.9015,11.109111
Japan,JPN,1969,5.0722003,408.79504,1788.3438,10.735291
Japan,JPN,1970,5.1254,376.17398,1765.9792,10.816593
Japan,JPN,1971,4.9170003,373.65854,1923.2772,10.897656
Japan,JPN,1972,5.5072002,407.81094,2345.8276,11.611018
Japan,JPN,1973,5.7481003,447.67697,1672.7286,11.332954
Japan,JPN,1974,5.63,411.9325,1885.9526,10.792667
Japan,JPN,1975,5.9333,364.26694,2013.8424,11.312634
Japan,JPN,1976,5.2762003,423.89758,2039.5184,10.754033
Japan,JPN,1977,5.9316006,432.49847,1807.4237,11.195301
Japan,JPN,1978,5.8970003,453.45038,1573.8009,11.382979
Japan,JPN,1979,5.7056003,480.1311,2027.541,11.599873
Japan,JPN,1980,4.8432,372.58926,2037.9023,10.742096
Japan,JPN,1981,5.2069,386.546,1727.9944,10.579545
Japan,JPN,1982,5.3084,409.0066,1796.385,11.3628845
Japan,JPN,1983,5.3005004,433.28516,1791.0332,11.155597
Japan,JPN,1984,5.9577003,433.80893,1375.1718,10.63262
Japan,JPN,1985,5.8472004,419.0476,1790.1427,11.220977
Japan,JPN,1986,5.8989,425.85062,1541.4462,10.718156
Japan,JPN,1987,5.6835003,423.05774,1636.0793,11.561292
Japan,JPN,1988,5.4692006,404.28632,1716.5514,10.960544
Japan,JPN,1989,5.6737003,404.42404,1814.4033,11.961032
Japan,JPN,1990,5.8463,385.48657,1818.8562,12.607227
Japan,JPN,1991,5.4156003,369.62024,1904.6643,11.978959
Japan,JPN,1992,5.8767004,378.44717,1652.9504,11.59187
Japan,JPN,1993,4.4294,387.85486,2036.5869,11.183681
Japan,JPN,1994,6.4487004,378.43347,1377.0823,12.276671
Japan,JPN,1995,6.0032005,354.44925,1661.7977,11.420222
Japan,JPN,1996,6.1545005,339.63495,1593.6426,11.048
Japan,JPN,1997,6.0615,330.42242,1718.3021,11.74556
Japan,JPN,1998,5.8095,312.81146,2019.177,12.344616
Japan,JPN,1999,5.9989004,319.4981,1761.105,12.078224
Japan,JPN,2000,6.2566004,324.60886,1754.5348,11.876288
Japan,JPN,2001,6.1070004,304.68048,1668.17,11.514995
Japan,JPN,2002,6.0855002,292.87326,1654.5751,11.906783
Japan,JPN,2003,5.451,301.859,1817.3926,11.666081
Japan,JPN,2004,5.9423003,295.08746,1943.2725,12.531399
Japan,JPN,2005,6.1540003,296.78165,1488.8596,11.648875
Japan,JPN,2006,5.8524003,294.39005,1803.8998,11.926738
Japan,JPN,2007,6.0621004,327.1424,1536.8411,12.316644
Japan,JPN,2008,6.2624,235.86328,1546.4927,12.054314
Japan,JPN,2009,5.9195004,208.49324,1755.1625,12.110658
Japan,JPN,2010,5.8537006,255.09038,1930.964,12.367088
Japan,JPN,2011,6.0106006,249.83992,1874.6235,11.857816
Japan,JPN,2012,6.2485003,252.82524,1798.8704,11.687241
Japan,JPN,2013,6.2815003,244.6437,1769.8966,12.055607
Japan,JPN,2014,6.3251004,253.19754,1799.4451,11.806275
Japan,JPN,2015,6.3167005,225.327,1865.0631,12.540666
Japan,JPN,2016,6.2534003,236.01816,1925.7568,12.606738
Japan,JPN,2017,6.2845,243.2348,1759.556,11.920608
Japan,JPN,2018,6.1323,235.9971,1896.7704,12.538939
Japan,JPN,2019,6.2955003,226.50339,1740.861,12.661652
Japan,JPN,2020,6.2300005,216.00877,1922.7869,12.7505
Japan,JPN,2021,6.4170003,209.814,1965.7185,12.751911
Japan,JPN,2022,6.32,201.74619,1708.3485,12.688298
Japan,JPN,2023,6.2438,202.84372,1723.1647,13.431987
Jordan,JOR,1961,0.5507,5.788889,77.29763,17.7256
Jordan,JOR,1962,0.38170004,7.7389708,27.036608,19.28287
Jordan,JOR,1963,0.3535,8.9706955,85.8679,19.027353
Jordan,JOR,1964,1.0107001,15.938182,62.10154,17.481352
Jordan,JOR,1965,1.0246,18.47826,98.224,18.417915
Jordan,JOR,1966,0.4463,12.194244,106.78528,19.014853
Jordan,JOR,1967,0.7588,13.767025,132.90903,17.16632
Jordan,JOR,1968,0.3959,14.02847,82.799774,18.639736
Jordan,JOR,1969,0.9104001,9.1453905,80.99227,19.113686
Jordan,JOR,1970,0.2265,9.602113,47.50682,18.53704
Jordan,JOR,1971,0.6573,8.4245615,126.283516,18.223946
Jordan,JOR,1972,0.86420006,10.487804,99.77879,17.934628
Jordan,JOR,1973,0.42520005,13.888889,52.392925,18.436905
Jordan,JOR,1974,0.9154001,15.931034,127.46712,18.267637
Jordan,JOR,1975,0.36370003,19.93127,85.3437,18.022144
Jordan,JOR,1976,0.42290002,27.191126,60.14048,18.068937
Jordan,JOR,1977,0.43260002,18.707483,69.78564,18.48466
Jordan,JOR,1978,0.36910003,27.27365,39.57642,18.886425
Jordan,JOR,1979,0.15130001,48.82155,75.092514,19.282358
Jordan,JOR,1980,0.93270004,48.160534,113.28483,18.803255
Jordan,JOR,1981,0.4778,25.0,49.293907,18.593136
Jordan,JOR,1982,0.47860003,50.351234,114.14329,17.44752
Jordan,JOR,1983,0.8292,53.960526,65.047005,17.635508
Jordan,JOR,1984,0.5381,70.81565,70.14761,18.241518
Jordan,JOR,1985,0.61520004,55.780346,84.07623,18.761137
Jordan,JOR,1986,0.61770004,28.359827,99.47357,18.56271
Jordan,JOR,1987,0.9186,42.59736,82.618164,18.77994
Jordan,JOR,1988,1.0106,88.1461,154.70508,18.483385
Jordan,JOR,1989,0.91450006,70.013664,62.49583,18.56791
Jordan,JOR,1990,1.22,93.75,80.988174,18.67034
Jordan,JOR,1991,0.93770003,136.60643,117.80392,18.583136
Jordan,JOR,1992,1.1975001,60.45437,94.45668,17.388792
Jordan,JOR,1993,1.3704001,71.17904,76.17596,18.60467
Jordan,JOR,1994,1.2469001,66.35071,117.46933,18.970877
Jordan,JOR,1995,1.1864,63.49206,58.486454,18.757877
Jordan,JOR,1996,1.3253001,106.388885,88.95466,19.425817
Jordan,JOR,1997,0.89970005,128.45454,103.57854,18.326914
Jordan,JOR,1998,1.0383002,123.32105,68.86206,19.768404
Jordan,JOR,1999,1.8418001,121.17895,37.267456,19.533674
Jordan,JOR,2000,1.2058,108.54211,66.12256,18.99409
Jordan,JOR,2001,1.0978001,114.583336,66.96067,19.599297
Jordan,JOR,2002,1.1451,154.35898,102.48589,19.133785
Jordan,JOR,2003,1.2372,174.57628,96.823845,19.151663
Jordan,JOR,2004,0.9663,46.411484,65.19183,19.157227
Jordan,JOR,2005,1.0877,90.27027,61.021492,19.01406
Jordan,JOR,2006,0.7486,55.789474,69.09096,18.970741
Jordan,JOR,2007,0.71040004,92.65859,62.603123,19.27954
Jordan,JOR,2008,0.6984001,102.34114,55.060787,19.431526
Jordan,JOR,2009,0.85890007,105.57769,44.046223,19.410954
Jordan,JOR,2010,1.3559,130.63063,81.16173,21.291815
Jordan,JOR,2011,1.5550001,132.11845,62.114357,18.899845
Jordan,JOR,2012,1.3231001,108.29493,69.491066,19.851957
Jordan,JOR,2013,1.4469001,131.0,88.399,19.43744
Jordan,JOR,2014,1.3159001,92.56842,82.33858,19.66267
Jordan,JOR,2015,1.1153,176.92848,106.98431,19.702812
Jordan,JOR,2016,1.2749001,112.33668,88.254745,20.149868
Jordan,JOR,2017,1.3096,133.86096,51.21682,20.095156
Jordan,JOR,2018,1.2217,114.04478,119.847946,20.510424
Jordan,JOR,2019,1.3543001,112.31378,98.64566,19.876366
Jordan,JOR,2020,1.8581,84.78641,105.07836,20.331957
Jordan,JOR,2021,1.5320001,88.584335,48.27209,20.628866
Jordan,JOR,2022,1.4347,223.82108,70.601814,20.07979
Jordan,JOR,2023,1.7333001,231.13235,94.45528,20.57112
Kazakhstan,KAZ,1992,1.3384001,13.550136,357.58597,5.932892
Kazakhstan,KAZ,1993,0.98850006,9.246575,412.08035,4.8028708
Kazakhstan,KAZ,1994,0.83930004,3.488741,362.05188,5.7019463
Kazakhstan,KAZ,1995,0.58070004,2.736451,294.4284,7.6754584
Kazakhstan,KAZ,1996,0.7225,3.968783,305.18707,5.342228
Kazakhstan,KAZ,1997,0.8761,1.723407,319.7345,7.3228555
Kazakhstan,KAZ,1998,0.5611,0.40429422,325.2837,6.4043007
Kazakhstan,KAZ,1999,1.3038001,1.066873,360.3574,7.14204
Kazakhstan,KAZ,2000,0.94250005,1.2268189,357.48773,6.9645934
Kazakhstan,KAZ,2001,1.2166001,1.7166388,354.91208,7.032685
Kazakhstan,KAZ,2002,1.1457,0.83609974,385.21527,7.617971
Kazakhstan,KAZ,2003,1.0775001,1.1903921,370.7564,6.361431
Kazakhstan,KAZ,2004,0.88430005,1.4782926,362.6311,7.8308682
Kazakhstan,KAZ,2005,0.99820006,1.4284564,296.64163,7.457325
Kazakhstan,KAZ,2006,1.1709001,1.4467431,328.63605,7.350385
Kazakhstan,KAZ,2007,1.3269001,2.056478,302.99677,7.6984572
Kazakhstan,KAZ,2008,1.0113001,1.0834578,277.41916,7.55337
Kazakhstan,KAZ,2009,1.2531,1.9707738,340.67828,6.8647733
Kazakhstan,KAZ,2010,0.80410004,2.046033,292.82587,7.171963
Kazakhstan,KAZ,2011,1.6886001,2.9955518,306.77402,6.1998825
Kazakhstan,KAZ,2012,0.8651,4.4202504,274.2489,6.6506805
Kazakhstan,KAZ,2013,1.1649001,2.888582,354.01694,8.116227
Kazakhstan,KAZ,2014,1.1727,3.9527047,300.0047,6.1870103
Kazakhstan,KAZ,2015,1.2756001,4.2954483,367.8779,7.773174
Kazakhstan,KAZ,2016,1.3478001,3.8402684,416.6105,7.6916556
Kazakhstan,KAZ,2017,1.355,5.3345923,299.3504,7.506721
Kazakhstan,KAZ,2018,1.3596001,4.053718,320.53876,6.2722454
Kazakhstan,KAZ,2019,1.1476,2.9173913,313.4723,7.709892
Kazakhstan,KAZ,2020,1.2825,5.5746922,283.0406,7.908974
Kazakhstan,KAZ,2021,1.0383002,4.445613,277.17856,7.6718287
Kazakhstan,KAZ,2022,1.3718001,3.8726377,311.50174,7.8128295
Kazakhstan,KAZ,2023,1.0284001,3.8793786,365.68118,8.687648
Kenya,KEN,1961,1.2447,3.1714287,1062.6687,24.281105
Kenya,KEN,1962,1.2067,3.4571428,793.87494,23.948496
Kenya,KEN,1963,1.2497001,4.5777144,1031.4285,23.875029
Kenya,KEN,1964,1.1996,5.504286,805.92,23.98493
Kenya,KEN,1965,1.143,6.864,677.6098,24.251396
Kenya,KEN,1966,1.1399001,8.763429,721.2806,24.648834
Kenya,KEN,1967,1.2353001,9.514286,911.2792,24.108076
Kenya,KEN,1968,1.2867,9.3714285,964.69464,23.664606
Kenya,KEN,1969,1.3030001,12.085714,560.46454,24.529383
Kenya,KEN,1970,1.2782,14.142858,713.3791,24.481062
Kenya,KEN,1971,1.2702,13.485714,770.21014,24.194246
Kenya,KEN,1972,1.2865001,15.196857,810.6226,24.625488
Kenya,KEN,1973,1.3063002,14.560572,630.0074,25.058655
Kenya,KEN,1974,1.3522,15.085714,669.1953,24.470276
Kenya,KEN,1975,1.3968002,11.708947,718.68274,24.368155
Kenya,KEN,1976,1.5828001,14.183158,706.2092,24.523401
Kenya,KEN,1977,1.5508001,13.558421,1175.5012,24.247969
Kenya,KEN,1978,1.4095001,13.421579,963.6607,23.99666
Kenya,KEN,1979,1.2827001,10.078947,961.6389,24.090498
Kenya,KEN,1980,1.2417,16.210526,648.8412,24.941122
Kenya,KEN,1981,1.5616001,21.789474,862.56885,24.584337
Kenya,KEN,1982,1.9627,16.5,878.7187,24.573011
Kenya,KEN,1983,1.6759001,19.763159,777.3723,25.09707
Kenya,KEN,1984,1.3431001,21.948189,622.1939,24.684526
Kenya,KEN,1985,1.6338001,22.431133,816.512,24.39041
Kenya,KEN,1986,1.8862001,21.423906,842.98474,24.572954
Kenya,KEN,1987,1.5685,23.708485,684.7453,25.272593
Kenya,KEN,1988,1.7456001,24.805408,830.8281,24.982964
Kenya,KEN,1989,1.723,20.121372,840.0983,24.365183
Kenya,KEN,1990,1.5618001,21.382765,855.5777,24.501938
Kenya,KEN,1991,1.7124001,22.111046,696.9556,24.789091
Kenya,KEN,1992,1.6611,19.25548,679.28687,24.714132
Kenya,KEN,1993,1.4612,19.762846,624.21326,24.591423
Kenya,KEN,1994,1.9182,23.807777,797.9284,24.98355
Kenya,KEN,1995,1.7531,14.417065,679.64,25.033165
Kenya,KEN,1996,1.4026,34.42518,612.6134,25.01985
Kenya,KEN,1997,1.3972,27.918571,1020.57983,24.89412
Kenya,KEN,1998,1.59,27.169731,860.5289,24.762602
Kenya,KEN,1999,1.4277,29.06201,564.8048,24.896925
Kenya,KEN,2000,1.3750001,29.790432,487.31097,25.104141
Kenya,KEN,2001,1.6396,29.24922,699.1121,24.970266
Kenya,KEN,2002,1.4883001,27.3131,721.69934,25.05404
Kenya,KEN,2003,1.5940001,33.096775,630.88367,25.236532
Kenya,KEN,2004,1.8057001,27.680868,679.4096,25.229311
Kenya,KEN,2005,1.6461,34.326557,543.1577,25.568314
Kenya,KEN,2006,1.6464001,33.1548,891.52423,25.331648
Kenya,KEN,2007,1.7731,36.395283,684.0099,25.326632
Kenya,KEN,2008,1.4175,33.287548,597.96344,25.26992
Kenya,KEN,2009,1.2428001,34.042908,500.1391,25.711843
Kenya,KEN,2010,1.7101,32.477283,739.14923,25.467123
Kenya,KEN,2011,1.5146,37.802113,750.05554,25.464212
Kenya,KEN,2012,1.7448001,43.63466,731.0627,25.32406
Kenya,KEN,2013,1.6615001,50.964466,803.0355,25.186506
Kenya,KEN,2014,1.5834001,43.32163,661.5399,25.465178
Kenya,KEN,2015,1.7727001,35.463852,772.164,25.707964
Kenya,KEN,2016,1.3831,43.230736,608.628,25.689596
Kenya,KEN,2017,1.4260001,59.545727,607.79553,25.797071
Kenya,KEN,2018,1.7092,42.433647,892.2928,25.07859
Kenya,KEN,2019,1.6047,50.09952,878.8429,25.87288
Kenya,KEN,2020,1.8426001,57.556973,962.36774,25.452744
Kenya,KEN,2021,1.5224001,53.0506,494.32962,25.784853
Kenya,KEN,2022,1.4774001,33.247242,434.32883,25.657228
Kenya,KEN,2023,1.7575,50.461094,716.34454,25.605726
Kuwait,KWT,1977,2.0769,100.0,114.034645,25.224037
Kuwait,KWT,1978,2.9773002,100.0,109.525,25.119661
Kuwait,KWT,1979,3.1250002,660.0,134.62546,25.991064
Kuwait,KWT,1980,3.1884,440.0,157.65976,25.280294
Kuwait,KWT,1981,3.0593002,250.0,85.95597,25.756193
Kuwait,KWT,1982,3.0606003,250.0,138.09332,24.709473
Kuwait,KWT,1983,3.0469,250.0,85.26181,24.979067
Kuwait,KWT,1984,3.0195003,166.66667,128.31757,25.236366
Kuwait,KWT,1985,5.2606006,233.33333,89.60281,25.625216
Kuwait,KWT,1986,5.6721005,101.75,167.08076,25.432459
Kuwait,KWT,1987,5.5528,82.0,73.47721,26.23527
Kuwait,KWT,1988,5.2747006,193.75,78.12245,25.864471
Kuwait,KWT,1989,3.5774,125.0,109.90929,25.127562
Kuwait,KWT,1992,5.9391003,200.0,117.97517,24.081755
Kuwait,KWT,1993,4.6023,200.0,140.33514,25.434494
Kuwait,KWT,1994,9.1481,200.0,120.02259,25.795692
Kuwait,KWT,1995,6.7388,200.0,149.0436,25.426537
Kuwait,KWT,1996,6.4962006,333.33334,252.34352,26.170057
Kuwait,KWT,1997,6.1184,200.0,263.48718,25.15357
Kuwait,KWT,1998,4.9223,166.66667,116.115364,26.57862
Kuwait,KWT,1999,4.4700003,157.14285,187.20827,26.614035
Kuwait,KWT,2000,5.6112003,62.9,126.39221,26.024246
Kuwait,KWT,2001,5.8440003,80.46154,108.37792,26.569977
Kuwait,KWT,2002,7.3296003,83.333336,111.04065,26.266464
Kuwait,KWT,2003,10.253401,83.333336,108.074905,26.304285
Kuwait,KWT,2004,6.1889,90.90909,180.6073,26.103424
Kuwait,KWT,2005,6.4232006,90.90909,172.28656,26.062506
Kuwait,KWT,2006,8.717701,317.0909,100.12017,26.38349
Kuwait,KWT,2007,10.4989,294.42477,110.51201,26.18145
Kuwait,KWT,2008,9.2358,533.5398,49.80356,26.163317
Kuwait,KWT,2009,7.9774003,95.2381,125.076805,26.111277
Kuwait,KWT,2010,10.8058,228.4,34.103065,27.463766
Kuwait,KWT,2011,14.1715,441.61905,84.569275,25.728243
Kuwait,KWT,2012,13.7825,468.6,138.03119,26.3649
Kuwait,KWT,2013,17.9751,494.48276,167.87567,25.93249
Kuwait,KWT,2014,21.865501,777.1579,123.46662,26.564638
Kuwait,KWT,2015,6.5425005,1204.5454,122.245155,26.875237
Kuwait,KWT,2016,5.2205005,1050.75,60.314743,26.777473
Kuwait,KWT,2017,5.6562004,1147.6744,61.29449,26.966446
Kuwait,KWT,2018,10.483201,1122.25,265.06284,27.314415
Kuwait,KWT,2019,17.6254,946.875,135.72575,26.839302
Kuwait,KWT,2020,15.627201,1208.25,130.48434,26.944712
Kuwait,KWT,2021,14.893001,1208.25,51.37932,27.695848
Kuwait,KWT,2022,13.498501,1358.5,116.10332,27.152647
Kuwait,KWT,2023,13.739301,2008.5,177.24666,26.960167
Kyrgyzstan,KGZ,1992,2.7826002,24.242424,951.4055,-0.005161842
Kyrgyzstan,KGZ,1993,2.4716003,20.71006,1080.0154,-0.46371087
Kyrgyzstan,KGZ,1994,1.8132,20.679468,929.4809,-0.1506737
Kyrgyzstan,KGZ,1995,1.6308001,20.648968,881.6707,-0.123529434
Kyrgyzstan,KGZ,1996,2.1582,22.84451,948.3088,-0.52436566
Kyrgyzstan,KGZ,1997,2.3730001,22.827688,765.2309,0.92858505
Kyrgyzstan,KGZ,1998,2.4935002,21.380882,1086.6586,0.8765623
Kyrgyzstan,KGZ,1999,2.4836001,20.519737,1055.4509,0.36522236
Kyrgyzstan,KGZ,2000,2.6693,21.533186,989.06836,0.13590598
Kyrgyzstan,KGZ,2001,2.8669,20.549107,955.66394,0.5570037
Kyrgyzstan,KGZ,2002,2.6654,7.0505576,976.35236,0.98280954
Kyrgyzstan,KGZ,2003,2.7742002,24.710566,1017.56635,0.105219044
Kyrgyzstan,KGZ,2004,2.8765001,21.68216,926.22015,0.82762647
Kyrgyzstan,KGZ,2005,2.6779,24.628504,894.64056,0.26840734
Kyrgyzstan,KGZ,2006,2.5506003,22.196775,879.1477,1.019337
Kyrgyzstan,KGZ,2007,2.5129,22.454687,884.47345,1.0206809
Kyrgyzstan,KGZ,2008,2.3802001,18.973818,860.85675,0.5517612
Kyrgyzstan,KGZ,2009,3.0342002,22.068182,951.3211,0.1712219
Kyrgyzstan,KGZ,2010,2.6105,22.659458,1048.47,0.76788265
Kyrgyzstan,KGZ,2011,2.6031003,19.16843,957.24634,0.49651465
Kyrgyzstan,KGZ,2012,2.3671002,24.316153,805.43494,-0.27071127
Kyrgyzstan,KGZ,2013,2.904,27.430202,844.1159,0.91575074
Kyrgyzstan,KGZ,2014,2.2763002,32.000626,842.58,-0.0035838287
Kyrgyzstan,KGZ,2015,2.999,10.402936,932.81433,0.915754
Kyrgyzstan,KGZ,2016,3.1042001,12.693741,1088.638,1.3381424
Kyrgyzstan,KGZ,2017,3.0934,7.690635,871.996,0.49701038
Kyrgyzstan,KGZ,2018,3.1622002,21.229815,935.59607,0.34848198
Kyrgyzstan,KGZ,2019,3.2340002,22.669722,864.23083,0.9785803
Kyrgyzstan,KGZ,2020,3.2605002,22.64642,892.2955,0.44589472
Kyrgyzstan,KGZ,2021,2.335,26.100668,821.6997,0.75468683
Kyrgyzstan,KGZ,2022,3.2497,25.655617,943.09534,1.4229232
Kyrgyzstan,KGZ,2023,2.7988002,25.655617,864.14996,1.6253499
Laos,LAO,1963,0.87700003,0.078125,2148.5146,21.91308
Laos,LAO,1964,0.81250006,0.078125,2073.882,22.173197
Laos,LAO,1965,0.8195,0.40625,2014.0269,22.293203
Laos,LAO,1966,0.8208,1.7230769,1860.0431,22.650488
Laos,LAO,1967,0.85520005,0.63384616,1682.4558,22.065674
Laos,LAO,1968,1.1881,2.8981762,1920.5127,22.444075
Laos,LAO,1969,1.3576001,1.0939394,1871.8191,22.705336
Laos,LAO,1970,1.3657,0.3037594,1917.2765,22.600183
Laos,LAO,1971,1.2299001,0.29850745,2092.9985,21.772451
Laos,LAO,1972,1.2406,0.2857143,2325.0398,22.383265
Laos,LAO,1973,1.3387,0.2777778,2178.5732,22.765572
Laos,LAO,1974,1.3279,0.27027026,2185.2026,22.086555
Laos,LAO,1975,1.3438001,0.13333334,2260.0674,22.137491
Laos,LAO,1976,1.2486,0.13157895,2061.2944,21.984793
Laos,LAO,1977,1.2423002,0.12987013,2025.3358,22.123327
Laos,LAO,1978,1.2417,0.08645161,2468.562,22.38115
Laos,LAO,1979,1.2524,0.15897436,2013.9723,22.841486
Laos,LAO,1980,1.4223001,5.1282053,2101.9578,22.954521
Laos,LAO,1981,1.5302,5.1282053,2534.9458,22.639647
Laos,LAO,1982,1.4668001,0.3299363,2170.936,22.559267
Laos,LAO,1983,1.5639001,0.7146497,1969.7234,22.632284
Laos,LAO,1985,2.0692,2.5252526,2036.7715,22.502214
Laos,LAO,1987,2.1929,0.630517,1971.5963,22.962532
Laos,LAO,1988,1.8737,0.3773585,1836.9042,22.882818
Laos,LAO,1989,2.3111002,0.3773585,2020.8285,22.621544
Laos,LAO,1990,2.2680001,1.8773466,2150.0903,22.81649
Laos,LAO,1991,2.1866002,3.1939924,1933.5923,23.088194
Laos,LAO,1992,2.611,4.2377973,1886.8611,22.506927
Laos,LAO,1993,2.2428002,3.7546933,1808.7196,22.49653
Laos,LAO,1994,2.5552,2.1824818,2310.9753,22.776917
Laos,LAO,1995,2.4927,7.4746375,2041.3944,22.709368
Laos,LAO,1996,2.5233002,4.6116505,2083.2861,22.505539
Laos,LAO,1997,2.7191002,9.087822,2026.592,22.84037
Laos,LAO,1998,2.6876001,5.2946634,1578.5013,23.68318
Laos,LAO,1999,2.8998003,11.291904,1924.377,22.67602
Laos,LAO,2000,3.0177002,6.526087,2051.5583,22.701714
Laos,LAO,2001,3.0944002,12.662887,2039.2495,23.01663
Laos,LAO,2002,3.2445002,10.733005,2228.4624,23.084543
Laos,LAO,2003,3.1167002,3.554717,1742.3584,23.152174
Laos,LAO,2004,3.2614,6.00362,1861.3574,22.721588
Laos,LAO,2005,3.5772002,7.4669566,1985.8981,23.11386
Laos,LAO,2006,3.6344001,7.298333,1914.7982,23.246948
Laos,LAO,2007,3.8373003,8.326612,1915.616,23.072006
Laos,LAO,2008,4.0155,7.332558,2099.545,22.423273
Laos,LAO,2009,4.1701,11.338235,1886.3555,23.137243
Laos,LAO,2010,3.8315003,11.499286,1908.2947,23.628693
Laos,LAO,2011,4.0433,17.978992,2152.1133,22.44354
Laos,LAO,2012,4.0817003,29.435768,1868.653,23.569693
Laos,LAO,2013,4.1956005,25.094454,2055.029,23.141745
Laos,LAO,2014,4.5078,33.995605,1854.0664,23.246353
Laos,LAO,2015,4.6082006,43.846153,1876.2892,23.69584
Laos,LAO,2016,4.6267004,32.574455,1900.7953,23.65354
Laos,LAO,2017,4.4977,36.862144,2114.555,23.462336
Laos,LAO,2018,4.5042005,48.168056,2265.8806,23.312078
Laos,LAO,2019,4.3176003,68.690956,1590.5499,24.183836
Laos,LAO,2020,3.9930003,72.13644,1737.3104,23.813034
Laos,LAO,2021,3.9938002,72.10049,1848.1522,23.444715
Laos,LAO,2022,4.0408,58.093136,2060.0674,23.366953
Laos,LAO,2023,4.1015,77.406044,1817.6981,23.943329
Latvia,LVA,1992,1.6412001,99.52607,682.8632,6.9142365
Latvia,LVA,1993,1.7744001,56.49081,787.4119,5.7020993
Latvia,LVA,1994,1.8427,55.730995,776.3783,5.9803805
Latvia,LVA,1995,1.687,21.956087,736.8195,6.589632
Latvia,LVA,1996,2.1533,23.584906,615.1847,5.023427
Latvia,LVA,1997,2.1442,32.53012,793.77234,6.257843
Latvia,LVA,1998,2.0577002,46.458923,901.2329,6.0124555
Latvia,LVA,1999,1.8850001,55.19453,703.6698,7.1274924
Latvia,LVA,2000,2.1990001,51.84433,703.1801,7.518099
Latvia,LVA,2001,2.0915,59.14927,816.82135,6.528612
Latvia,LVA,2002,2.4783,45.674202,677.1986,6.963659
Latvia,LVA,2003,2.176,61.4744,703.4344,6.2982507
Latvia,LVA,2004,2.4262002,59.979187,767.5202,6.3081017
Latvia,LVA,2005,2.8029,68.04029,678.6274,6.2730885
Latvia,LVA,2006,2.2640002,62.6556,611.2527,6.9747486
Latvia,LVA,2007,2.9416003,67.72475,799.85956,7.224465
Latvia,LVA,2008,3.1044002,66.94701,821.01666,7.6583676
Latvia,LVA,2009,3.0753002,64.88356,817.57227,6.440885
Latvia,LVA,2010,2.7755,77.64791,857.8565,5.591991
Latvia,LVA,2011,2.7380002,83.2323,704.53845,7.165158
Latvia,LVA,2012,3.7675002,91.56537,917.7246,5.995115
Latvia,LVA,2013,3.3738003,100.656456,676.38257,6.862798
Latvia,LVA,2014,3.4865003,101.12407,773.6653,7.245671
Latvia,LVA,2015,4.5131,104.75931,682.898,7.700977
Latvia,LVA,2016,3.8284001,104.19254,820.62274,6.9950905
Latvia,LVA,2017,4.2502003,103.4845,893.13416,6.743683
Latvia,LVA,2018,3.0263002,101.15289,557.9807,7.4917626
Latvia,LVA,2019,4.3101,105.57013,760.249,8.041894
Latvia,LVA,2020,4.6628,113.42654,738.30273,8.631309
Latvia,LVA,2021,3.9002001,111.81498,785.1434,6.847259
Latvia,LVA,2022,4.1860003,101.658806,742.87213,7.2792115
Latvia,LVA,2023,3.5575001,94.50368,839.9829,7.7870154
Lebanon,LBN,1961,1.0675,90.0,567.0,14.569198
Lebanon,LBN,1962,1.1631,64.8,512.85583,15.8977585
Lebanon,LBN,1963,1.1619,106.77778,646.5323,15.292038
Lebanon,LBN,1964,0.95600003,131.86316,588.2257,14.283387
Lebanon,LBN,1965,0.8298,71.485435,591.26575,14.815204
Lebanon,LBN,1966,1.0672,97.08738,524.7992,15.547509
Lebanon,LBN,1967,1.0724001,104.31481,837.43463,13.429553
Lebanon,LBN,1968,0.74660003,106.95575,756.2764,14.502632
Lebanon,LBN,1969,0.80100006,143.47826,728.1085,14.85712
Lebanon,LBN,1970,0.93280005,187.23404,512.81396,14.625056
Lebanon,LBN,1971,0.8715,199.58333,814.47626,14.101082
Lebanon,LBN,1972,1.2221,230.83333,639.6171,13.843804
Lebanon,LBN,1973,1.0736,303.0625,540.17114,14.261784
Lebanon,LBN,1974,1.4165001,176.87764,546.492,14.470613
Lebanon,LBN,1975,1.253,55.555557,527.05817,14.219124
Lebanon,LBN,1976,0.96700007,138.96104,613.75604,14.15715
Lebanon,LBN,1977,1.1231,122.36842,715.5758,14.492321
Lebanon,LBN,1978,1.0235001,140.625,597.4404,14.882977
Lebanon,LBN,1979,0.9135001,204.54546,533.34546,15.185841
Lebanon,LBN,1980,1.1689001,126.666664,676.58325,14.535214
Lebanon,LBN,1981,1.2615,167.61905,644.9047,14.657882
Lebanon,LBN,1982,1.2529001,233.65384,582.9163,13.713879
Lebanon,LBN,1983,1.1284001,201.4423,673.49774,13.663489
Lebanon,LBN,1984,1.1925001,242.35577,609.6547,14.277374
Lebanon,LBN,1985,1.3389001,175.0,525.2267,14.767621
Lebanon,LBN,1986,1.5015001,88.0,632.352,14.689361
Lebanon,LBN,1987,1.8246001,107.44681,669.7599,14.673153
Lebanon,LBN,1988,1.8389001,121.50538,750.4193,14.611697
Lebanon,LBN,1989,1.9608002,150.0,315.15216,14.764178
Lebanon,LBN,1990,1.8783002,138.79782,404.60974,14.904386
Lebanon,LBN,1991,2.0249002,164.0884,659.07513,14.780389
Lebanon,LBN,1992,2.0999,188.88889,742.82526,13.363341
Lebanon,LBN,1993,2.1546001,201.11111,494.8801,14.619263
Lebanon,LBN,1994,2.0679,155.55556,814.6518,15.364499
Lebanon,LBN,1995,2.5689,244.44444,421.3172,14.927998
Lebanon,LBN,1996,2.4497,306.01093,572.6806,15.437721
Lebanon,LBN,1997,1.6391001,336.44324,622.78577,14.601285
Lebanon,LBN,1998,1.9433001,340.64172,554.3206,15.948506
Lebanon,LBN,1999,1.7383001,493.79846,357.235,16.07651
Lebanon,LBN,2000,2.4149,405.09302,582.3719,15.343616
Lebanon,LBN,2001,2.9117,488.14166,505.48727,16.196775
Lebanon,LBN,2002,2.4675002,263.4,702.2888,15.660504
Lebanon,LBN,2003,2.3720002,307.875,813.0464,15.5133705
Lebanon,LBN,2004,2.7276003,357.27808,628.0266,15.268407
Lebanon,LBN,2005,2.7031002,288.53915,591.4273,14.978253
Lebanon,LBN,2006,2.6848001,228.22058,525.22064,15.056748
Lebanon,LBN,2007,2.1897001,289.25485,574.3322,15.454006
Lebanon,LBN,2008,2.6877,290.82925,421.08417,15.703553
Lebanon,LBN,2009,2.6189,295.64227,622.9151,15.596474
Lebanon,LBN,2010,2.6249,365.0263,411.46616,17.295025
Lebanon,LBN,2011,2.7632,343.88,626.8808,15.068027
Lebanon,LBN,2012,2.8891003,303.11365,815.85126,15.716175
Lebanon,LBN,2013,2.9811003,278.75,565.5987,15.749427
Lebanon,LBN,2014,3.3856003,277.64395,442.5295,16.041338
Lebanon,LBN,2015,3.2687001,257.34586,578.20776,15.732652
Lebanon,LBN,2016,3.1558,273.34308,559.6351,16.381687
Lebanon,LBN,2017,2.8989,288.02945,431.9928,16.125158
Lebanon,LBN,2018,2.6720002,264.33884,659.4053,16.90113
Lebanon,LBN,2019,2.1996002,236.33408,720.5943,16.12708
Lebanon,LBN,2020,2.9026003,204.7422,662.6407,16.585844
Lebanon,LBN,2021,2.8518002,143.92772,547.7774,16.724598
Lebanon,LBN,2022,2.8429,123.74254,505.78323,16.012428
Lebanon,LBN,2023,2.7438002,190.09222,636.46747,16.7575
Lesotho,LSO,1961,0.83620006,0.8407821,1192.7521,10.916236
Lesotho,LSO,1962,0.81470007,1.2209631,1063.891,11.046247
Lesotho,LSO,1963,0.8133,0.8668555,1291.633,10.288868
Lesotho,LSO,1964,0.8096,1.2112676,1104.3943,10.112636
Lesotho,LSO,1965,0.7562001,1.5492958,776.6852,10.090388
Lesotho,LSO,1966,0.7993,1.8055556,978.083,11.1891775
Lesotho,LSO,1967,0.74700004,2.2222223,1145.6792,10.377598
Lesotho,LSO,1968,0.68020004,0.89863014,973.9903,9.908207
Lesotho,LSO,1969,0.6804001,1.2328767,957.987,10.838309
Lesotho,LSO,1970,0.60550004,1.0163044,1072.9012,10.916321
Lesotho,LSO,1971,0.6228,2.9777777,1173.8314,10.486258
Lesotho,LSO,1972,0.37510002,1.7802817,1078.6698,10.689976
Lesotho,LSO,1973,0.588,2.5295775,1080.1759,10.520272
Lesotho,LSO,1974,0.90950006,2.259155,1268.6008,9.8519
Lesotho,LSO,1975,0.7031,4.032258,1187.7216,10.157283
Lesotho,LSO,1976,0.6401,3.6619718,1290.0118,9.919934
Lesotho,LSO,1977,1.5077,7.638889,1169.9839,10.938061
Lesotho,LSO,1978,1.4022,15.224914,1108.3717,10.511661
Lesotho,LSO,1979,1.1395,14.4262295,1094.2819,10.843148
Lesotho,LSO,1980,0.9598,15.410959,860.4908,10.98545
Lesotho,LSO,1981,0.8309001,15.100671,1009.0508,10.533215
Lesotho,LSO,1982,0.66440004,15.625,942.9965,11.224907
Lesotho,LSO,1983,0.67980003,15.90106,1029.676,11.632106
Lesotho,LSO,1984,0.64890003,15.488215,923.86884,10.999451
Lesotho,LSO,1985,0.7206,11.513158,1138.1836,11.3090105
Lesotho,LSO,1986,0.6794001,13.58885,1233.8184,11.098041
Lesotho,LSO,1987,0.6018,12.269938,1443.3772,11.063605
Lesotho,LSO,1988,0.83100003,13.274336,1484.0845,10.466079
Lesotho,LSO,1989,0.9194001,15.2823925,1319.1726,10.280323
Lesotho,LSO,1990,1.0369,14.511041,995.67444,10.599062
Lesotho,LSO,1991,0.4603,18.495298,1280.6605,10.894048
Lesotho,LSO,1992,0.6121,17.168674,744.1334,11.455773
Lesotho,LSO,1993,0.97260004,18.181818,1174.5419,11.102131
Lesotho,LSO,1994,0.81820005,16.307692,951.2226,10.263583
Lesotho,LSO,1995,0.7764001,18.45,1093.2435,10.952104
Lesotho,LSO,1996,1.1836001,18.888199,1319.3849,10.042224
Lesotho,LSO,1997,1.0158,17.249231,1186.1322,10.36226
Lesotho,LSO,1998,1.3533001,18.461538,1112.8118,11.340897
Lesotho,LSO,1999,0.9433,15.504616,988.75574,11.601602
Lesotho,LSO,2000,0.7188,24.224243,1262.7059,10.638852
Lesotho,LSO,2001,0.9955,34.366665,1222.0184,10.813964
Lesotho,LSO,2002,0.73630005,14.7,1140.9795,10.948735
Lesotho,LSO,2003,0.6091,10.016666,931.2398,11.588242
Lesotho,LSO,2004,0.59540004,3.4612904,1113.0323,11.324394
Lesotho,LSO,2005,0.6868,3.5882354,1052.4294,11.696345
Lesotho,LSO,2006,0.49080002,5.89769,1299.9359,10.648262
Lesotho,LSO,2007,0.4144,8.095385,913.85266,11.282349
Lesotho,LSO,2008,0.3745,2.3882682,944.4179,11.4617605
Lesotho,LSO,2009,0.40220004,2.8955224,986.55505,11.174259
Lesotho,LSO,2010,0.9091,1.5714285,1083.1912,11.945007
Lesotho,LSO,2011,0.6643,6.12987,1067.9431,10.631001
Lesotho,LSO,2012,0.6556,2.8012798,1013.7413,11.177753
Lesotho,LSO,2013,0.76900005,18.686014,871.39026,11.645172
Lesotho,LSO,2014,0.68320006,17.74146,1014.6318,11.599635
Lesotho,LSO,2015,0.66150004,7.26484,750.69257,12.602119
Lesotho,LSO,2016,0.47140002,5.5795455,1020.36163,12.280982
Lesotho,LSO,2017,0.99020004,8.099667,926.57806,11.798165
Lesotho,LSO,2018,0.71590006,15.58316,885.6642,11.732808
Lesotho,LSO,2019,0.70500004,22.30718,787.50146,13.003791
Lesotho,LSO,2020,0.4368,10.773017,1179.4968,11.6816
Lesotho,LSO,2021,0.97260004,15.771961,1227.0725,11.3139
Lesotho,LSO,2022,0.7289001,8.198232,1315.2462,11.580508
Lesotho,LSO,2023,0.80350006,8.698016,1134.26,11.677695
Liberia,LBR,1961,0.57500005,0.13227513,1931.2253,24.55057
Liberia,LBR,1962,0.57140005,0.13297872,2111.752,24.43522
Liberia,LBR,1963,0.523,0.26595744,2492.317,24.601456
Liberia,LBR,1964,0.5098,0.536193,1931.0183,24.472404
Liberia,LBR,1965,0.5253,0.8042895,2201.2283,24.201279
Liberia,LBR,1966,1.0602,3.7837837,2169.0403,24.739878
Liberia,LBR,1967,1.0597,4.324324,2285.0295,24.488008
Liberia,LBR,1968,1.0857,3.2608695,3090.1672,24.460936
Liberia,LBR,1969,1.1088,4.8913045,2443.1262,24.631935
Liberia,LBR,1970,1.2338,6.284153,2345.9395,24.730753
Liberia,LBR,1971,1.2346001,5.191257,2422.3506,24.38458
Liberia,LBR,1972,1.2353001,10.202186,2562.8923,24.714998
Liberia,LBR,1973,1.2363001,8.994535,2311.0732,25.238274
Liberia,LBR,1974,1.2338,9.016394,2194.8367,24.619455
Liberia,LBR,1975,1.199,13.267759,2258.7512,24.534927
Liberia,LBR,1976,1.225,16.0847,2331.386,24.268751
Liberia,LBR,1977,1.2427,16.746632,2226.1365,24.855604
Liberia,LBR,1978,1.2577,11.212938,2453.3315,24.68722
Liberia,LBR,1979,1.2388,14.816711,2668.8748,24.953802
Liberia,LBR,1980,1.2335,8.374663,2748.9365,24.886293
Liberia,LBR,1981,1.281,13.746631,2416.3076,24.951523
Liberia,LBR,1982,1.3524001,3.4666667,2217.0642,24.79746
Liberia,LBR,1983,1.2303001,7.368421,2074.5803,25.126444
Liberia,LBR,1984,1.2867,2.8947368,2632.1558,24.862045
Liberia,LBR,1985,1.2525,3.8421052,2417.4094,24.807869
Liberia,LBR,1986,1.2355001,4.253846,2146.2646,24.878595
Liberia,LBR,1987,1.2623001,8.974359,2452.6973,25.439566
Liberia,LBR,1988,1.2766,8.5,2514.2932,25.21354
Liberia,LBR,1989,1.1661,6.75,2352.794,25.083641
Liberia,LBR,1990,1.0286,0.85714287,2237.6165,24.967566
Liberia,LBR,2002,0.91670007,7.795,2419.4531,24.91805
Liberia,LBR,2003,0.83330005,8.5725,2448.2644,25.048256
Liberia,LBR,2004,0.91670007,7.8875,2406.6584,25.045534
Liberia,LBR,2005,1.2900001,8.5775,2455.6455,25.092558
Liberia,LBR,2006,1.2615,11.5175,2320.411,25.106508
Liberia,LBR,2007,1.4488001,7.055,2406.1167,25.145346
Liberia,LBR,2008,1.5534,7.67907,2440.91,25.016823
Liberia,LBR,2009,1.1835,7.302128,1996.8813,25.032494
Liberia,LBR,2010,1.1786001,11.76875,2516.485,25.227644
Liberia,LBR,2011,1.2169001,7.502,2123.047,24.938883
Liberia,LBR,2012,1.2052,10.892,2206.3455,24.896051
Liberia,LBR,2013,1.2063001,11.274,2133.7952,25.137665
Liberia,LBR,2014,1.1568002,11.218,2328.5173,24.982765
Liberia,LBR,2015,1.2313001,11.032,2104.6353,25.197916
Liberia,LBR,2016,1.1608001,14.588,2211.9275,25.59815
Liberia,LBR,2017,1.0595001,18.578,2589.106,25.53054
Liberia,LBR,2018,1.0836,17.514,2604.0916,25.363846
Liberia,LBR,2019,1.1282,17.01,2762.9092,25.711706
Liberia,LBR,2020,1.1481,20.384,2193.7673,25.763151
Liberia,LBR,2021,1.0519,15.498,2553.5044,25.643852
Liberia,LBR,2022,1.0667,11.676,2380.7803,25.526375
Liberia,LBR,2023,1.1368,11.676,2282.1099,25.922842
Libya,LBY,1961,0.21470001,2.5882354,22.080776,20.29054
Libya,LBY,1962,0.22100002,2.3391812,29.963531,21.369974
Libya,LBY,1963,0.25530002,2.1994152,29.99396,21.65729
Libya,LBY,1964,0.23500001,2.2110786,21.816288,21.07655
Libya,LBY,1965,0.34190002,2.6623907,23.257183,20.805326
Libya,LBY,1966,0.3199,3.9418604,37.198547,21.373245
Libya,LBY,1967,0.2924,5.3005815,27.482277,20.792297
Libya,LBY,1968,0.24230002,5.9669566,22.363197,21.483704
Libya,LBY,1969,0.326,4.998261,45.095924,22.100975
Libya,LBY,1970,0.21960002,7.2231884,14.7462635,21.201736
Libya,LBY,1971,0.22980002,10.115607,22.907562,21.330008
Libya,LBY,1972,0.5811,9.595376,49.787792,21.861132
Libya,LBY,1973,0.6271,8.184438,17.214151,21.167244
Libya,LBY,1974,0.39800003,12.6224785,29.33741,21.187037
Libya,LBY,1975,0.4724,20.632183,21.80414,21.017385
Libya,LBY,1976,0.46300003,24.94253,54.697887,21.17824
Libya,LBY,1977,0.2868,29.340975,14.50752,21.367071
Libya,LBY,1978,0.4354,21.085714,29.643501,21.467667
Libya,LBY,1979,0.35170004,34.365715,20.857563,21.740526
Libya,LBY,1980,0.3869,30.318312,23.217613,21.503618
Libya,LBY,1981,0.55020005,42.281002,16.110662,21.570036
Libya,LBY,1982,0.76960003,49.11048,31.320494,21.24948
Libya,LBY,1983,0.7569001,51.41521,19.517279,21.095175
Libya,LBY,1984,0.5799,44.895504,25.32058,21.39785
Libya,LBY,1985,0.595,37.884724,38.176723,21.646078
Libya,LBY,1986,0.6721,43.883007,30.48318,21.488485
Libya,LBY,1987,0.6208,56.716667,20.011068,21.734175
Libya,LBY,1988,0.65990007,48.833332,34.437435,22.19475
Libya,LBY,1989,0.6657,43.65651,17.15137,21.661974
Libya,LBY,1990,0.67450005,42.99169,27.188368,22.049408
Libya,LBY,1991,0.70100003,46.85083,40.53185,21.712439
Libya,LBY,1992,0.70210004,47.438015,22.10093,21.162428
Libya,LBY,1993,0.6965,61.10193,27.638178,21.91392
Libya,LBY,1994,0.67620003,40.82192,28.839556,21.810226
Libya,LBY,1995,0.67910004,47.593582,25.803041,22.032457
Libya,LBY,1996,0.67800003,30.76923,25.44392,22.231977
Libya,LBY,1997,0.83690006,30.424063,21.155416,21.988039
Libya,LBY,1998,0.70570004,27.823692,19.875528,22.190691
Libya,LBY,1999,0.6521,47.6584,22.645319,22.484705
Libya,LBY,2000,0.6377,30.30303,23.404438,21.61026
Libya,LBY,2001,0.6194,40.330578,12.3773775,22.387346
Libya,LBY,2002,0.6323,35.997246,21.130163,22.273882
Libya,LBY,2003,0.62,19.547108,21.54404,22.203253
Libya,LBY,2004,0.62,28.827429,20.03156,22.18632
Libya,LBY,2005,0.6228,29.98,29.919436,22.445114
Libya,LBY,2006,0.6226,31.463428,28.794386,22.35465
Libya,LBY,2007,0.623,30.443428,22.142487,22.575134
Libya,LBY,2008,0.62170005,29.42,28.733181,22.651184
Libya,LBY,2009,0.6341,33.48857,15.106964,22.61872
Libya,LBY,2010,0.66990006,38.555943,13.603221,24.016893
Libya,LBY,2011,0.66450006,47.166668,31.007774,21.923323
Libya,LBY,2012,0.68140006,47.97384,20.577242,22.433817
Libya,LBY,2013,0.6638,36.20814,18.604298,22.838213
Libya,LBY,2014,0.6668,22.91686,18.19937,22.877504
Libya,LBY,2015,0.6653,15.672674,26.914343,22.252874
Libya,LBY,2016,0.66990006,15.6406975,12.996592,23.194992
Libya,LBY,2017,0.67600006,26.051744,29.424969,21.781794
Libya,LBY,2018,0.68050003,16.415697,24.205824,23.637459
Libya,LBY,2019,0.6797,18.110466,27.339493,22.648
Libya,LBY,2020,0.67240006,18.483139,21.92927,22.584566
Libya,LBY,2021,0.67340004,14.723837,10.937752,23.300217
Libya,LBY,2022,0.67190003,16.320349,15.375473,22.604929
Libya,LBY,2023,0.6722,22.040697,16.765036,23.031916
Lithuania,LTU,1992,1.9332,54.072792,683.54785,7.435238
Lithuania,LTU,1993,2.102,30.76379,799.0507,6.260489
Lithuania,LTU,1994,1.7534001,30.50193,796.9678,6.8062367
Lithuania,LTU,1995,1.8528001,41.172367,776.05774,6.991959
Lithuania,LTU,1996,2.4172,41.521282,627.5804,5.4250712
Lithuania,LTU,1997,2.5294,47.70674,752.77844,6.7767444
Lithuania,LTU,1998,2.4484,48.373703,914.48395,6.676191
Lithuania,LTU,1999,2.0208,52.150356,721.6146,7.6896863
Lithuania,LTU,2000,2.7075002,53.16192,719.3284,8.075689
Lithuania,LTU,2001,2.505,99.32557,824.9768,7.0776286
Lithuania,LTU,2002,2.7659001,115.31422,698.4543,7.714989
Lithuania,LTU,2003,3.0370002,124.590164,651.97296,6.868826
Lithuania,LTU,2004,3.2549,119.40114,801.9565,6.7597594
Lithuania,LTU,2005,2.9402,102.28167,719.4313,6.8240666
Lithuania,LTU,2006,1.9294001,115.49925,639.51575,7.335093
Lithuania,LTU,2007,3.0071003,119.30704,823.10016,7.733683
Lithuania,LTU,2008,3.3482,90.94816,761.06476,8.162353
Lithuania,LTU,2009,3.4496002,102.44924,750.25073,7.026118
Lithuania,LTU,2010,2.7635002,103.976685,872.2831,6.2540665
Lithuania,LTU,2011,3.0299,104.77193,681.9612,7.5891976
Lithuania,LTU,2012,4.0153003,107.05596,851.6913,6.733242
Lithuania,LTU,2013,3.6878002,109.63589,684.36383,7.419874
Lithuania,LTU,2014,3.9752002,111.75219,702.79987,7.872391
Lithuania,LTU,2015,4.5646005,122.58207,662.90204,8.280396
Lithuania,LTU,2016,3.8598003,131.85272,845.6997,7.5904593
Lithuania,LTU,2017,4.2302003,141.109,900.51917,7.487807
Lithuania,LTU,2018,3.0941002,133.51678,585.67725,8.075481
Lithuania,LTU,2019,3.8016002,137.0835,651.4047,8.791871
Lithuania,LTU,2020,4.7342005,140.00356,709.13995,9.121173
Lithuania,LTU,2021,3.9372,139.68451,822.3112,7.231296
Lithuania,LTU,2022,4.2102003,96.13331,776.8251,7.830204
Lithuania,LTU,2023,4.1873,93.802864,804.21765,8.631011
Luxembourg,LUX,2002,5.748,267.46774,937.9727,9.969181
Luxembourg,LUX,2003,5.6780005,267.46774,716.2373,9.928145
Luxembourg,LUX,2004,6.3966002,333.6129,774.877,9.194584
Luxembourg,LUX,2005,5.6348,313.15,713.21136,9.567686
Luxembourg,LUX,2006,5.5968,293.63333,871.5062,9.974946
Luxembourg,LUX,2007,5.2029,276.40985,964.7057,10.017363
Luxembourg,LUX,2008,6.1064,250.51613,966.6633,9.333043
Luxembourg,LUX,2009,6.2021003,244.58475,854.89294,9.559352
Luxembourg,LUX,2010,5.5933,258.19208,884.2577,8.42089
Luxembourg,LUX,2011,5.1932006,270.6053,730.65924,10.176242
Luxembourg,LUX,2012,5.5227003,258.5198,974.23816,9.328287
Luxembourg,LUX,2013,5.9674,247.59007,951.79663,8.76735
Luxembourg,LUX,2014,5.9355,240.76027,916.9165,10.569438
Luxembourg,LUX,2015,6.0271006,242.67516,757.4812,10.056115
Luxembourg,LUX,2016,4.9996004,262.10797,938.93915,9.514765
Luxembourg,LUX,2017,5.3395004,252.21638,856.991,9.901361
Luxembourg,LUX,2018,5.9935,217.1652,761.3084,10.641153
Luxembourg,LUX,2019,5.9726005,225.81062,935.1278,10.258414
Luxembourg,LUX,2020,5.7368,218.71881,879.6623,10.871834
Luxembourg,LUX,2021,5.5933,226.9977,1084.051,9.29719
Luxembourg,LUX,2022,6.1543,141.00206,913.9765,10.905862
Luxembourg,LUX,2023,5.5395,171.10197,1033.1604,10.873714
Madagascar,MDG,1961,1.7848002,0.772987,1384.53,22.117752
Madagascar,MDG,1962,1.7616,0.8896907,1359.448,21.586739
Madagascar,MDG,1963,1.7582,1.9800512,1322.8354,21.50028
Madagascar,MDG,1964,1.8064001,2.180203,1228.7605,21.442818
Madagascar,MDG,1965,1.7449001,2.7209067,1440.4298,21.085482
Madagascar,MDG,1966,1.5855001,3.125,1168.605,21.81388
Madagascar,MDG,1967,1.6527001,3.8213398,1544.365,21.871695
Madagascar,MDG,1968,1.6862,3.291133,1393.3344,21.576109
Madagascar,MDG,1969,1.7703001,6.292683,1501.1093,22.10029
Madagascar,MDG,1970,1.8578001,6.990291,1378.6655,21.857119
Madagascar,MDG,1971,1.7924001,6.1188407,1559.8721,21.604164
Madagascar,MDG,1972,1.7976,6.4732056,1736.0181,21.93692
Madagascar,MDG,1973,1.7418002,4.2380953,1652.7444,22.136902
Madagascar,MDG,1974,1.8095001,4.076271,1406.1904,21.632074
Madagascar,MDG,1975,1.7590001,2.5901568,1499.3748,21.590668
Madagascar,MDG,1976,1.8474001,3.853211,1440.4479,22.044779
Madagascar,MDG,1977,1.6958002,3.1952517,1550.177,22.380243
Madagascar,MDG,1978,1.6212001,4.3132,1302.2764,22.361944
Madagascar,MDG,1979,1.6875001,2.936508,1339.6322,22.205818
Madagascar,MDG,1980,1.6818001,3.464567,1365.4158,22.206541
Madagascar,MDG,1981,1.6217,2.734375,1378.5026,22.086977
Madagascar,MDG,1982,1.5937,6.070039,1685.2535,22.07448
Madagascar,MDG,1983,1.7297001,5.3846154,1419.3966,22.489977
Madagascar,MDG,1984,1.7426001,2.519084,1695.655,21.79191
Madagascar,MDG,1985,1.7493001,3.6603773,1432.7496,21.836716
Madagascar,MDG,1986,1.7822,4.0621724,1452.8965,21.86038
Madagascar,MDG,1987,1.8846,2.3402984,1184.6738,22.512781
Madagascar,MDG,1988,1.8233001,3.971111,1303.9312,22.493307
Madagascar,MDG,1989,1.9557,2.294834,1547.0809,22.163506
Madagascar,MDG,1990,1.9453001,3.9908087,1178.7657,22.375214
Madagascar,MDG,1991,1.9275001,3.4443636,1320.7715,22.321281
Madagascar,MDG,1992,1.9342,2.7687051,1226.3828,22.126776
Madagascar,MDG,1993,1.9244001,3.8217242,1313.841,22.100706
Madagascar,MDG,1994,1.9263002,3.8848276,1589.5823,22.205256
Madagascar,MDG,1995,1.968,4.3262067,1422.6534,22.45786
Madagascar,MDG,1996,2.0079002,5.747931,1417.8895,22.257599
Madagascar,MDG,1997,2.0008001,3.275862,1503.9492,22.406708
Madagascar,MDG,1998,1.8754001,2.992069,1459.5756,22.710648
Madagascar,MDG,1999,1.9623002,2.7151725,1137.528,22.34472
Madagascar,MDG,2000,1.8909001,3.141724,1470.0999,22.382086
Madagascar,MDG,2001,2.0207,3.0681355,1293.4574,22.572876
Madagascar,MDG,2002,1.9674001,2.1033897,1479.2484,22.63988
Madagascar,MDG,2003,2.2017,2.359661,1561.2263,22.611153
Madagascar,MDG,2004,2.3532,2.2633898,1627.0046,22.61049
Madagascar,MDG,2005,2.5145001,5.5676665,1251.0876,22.631609
Madagascar,MDG,2006,2.5653002,2.5263333,1204.4547,22.853304
Madagascar,MDG,2007,2.6201003,3.211,1695.19,22.66497
Madagascar,MDG,2008,2.8113003,4.273667,1454.6656,22.439589
Madagascar,MDG,2009,3.1834002,2.6053333,1403.1919,22.811201
Madagascar,MDG,2010,3.2716002,2.9773333,1389.0073,23.054266
Madagascar,MDG,2011,3.2380002,4.204,1388.976,22.822004
Madagascar,MDG,2012,3.2892,7.0383334,1519.9838,22.703375
Madagascar,MDG,2013,3.2032,4.8,1293.954,22.701712
Madagascar,MDG,2014,3.0101001,8.734333,1412.7032,22.813517
Madagascar,MDG,2015,3.0578003,7.531,1787.7446,22.849451
Madagascar,MDG,2016,2.8521001,5.989,1280.912,22.769442
Madagascar,MDG,2017,2.7502,12.995334,1426.7931,23.066622
Madagascar,MDG,2018,2.6451,12.601,1436.0679,22.812632
Madagascar,MDG,2019,2.3890002,11.945666,1483.9191,23.261576
Madagascar,MDG,2020,2.4694,10.580334,1321.145,23.025717
Madagascar,MDG,2021,2.7773001,6.5256667,1137.4299,22.979239
Madagascar,MDG,2022,2.9645002,6.877333,1411.6143,22.622236
Madagascar,MDG,2023,2.4656003,7.283,1453.6003,23.23143
Malawi,MWI,1961,0.98450005,3.4384615,1745.1508,21.434912
Malawi,MWI,1962,1.0270001,2.7714286,1462.3253,21.54683
Malawi,MWI,1963,0.87670004,2.862069,1605.229,21.304296
Malawi,MWI,1964,1.0768001,3.2333333,1152.3767,21.327868
Malawi,MWI,1965,0.8565,2.9411764,1279.4908,20.915773
Malawi,MWI,1966,0.90520006,2.857143,1234.1906,21.733284
Malawi,MWI,1967,1.3813001,3.5294118,1349.3055,21.405634
Malawi,MWI,1968,0.99530005,3.8888888,1302.1462,21.440649
Malawi,MWI,1969,0.96730006,3.8313513,1254.257,21.89253
Malawi,MWI,1970,0.8884001,6.1105556,1329.9584,21.710472
Malawi,MWI,1971,1.1334001,7.7241025,1366.1185,21.278849
Malawi,MWI,1972,1.1498001,6.6715,1463.7108,21.498938
Malawi,MWI,1973,1.1040001,7.9960976,1256.4155,21.73761
Malawi,MWI,1974,1.1331,5.1853657,1673.9053,21.11444
Malawi,MWI,1975,1.0149001,7.5105,1214.3693,21.431099
Malawi,MWI,1976,1.1102,13.449,1419.6245,21.288717
Malawi,MWI,1977,1.2988001,11.746,1466.1649,21.910149
Malawi,MWI,1978,1.2468001,14.082927,1882.153,21.532572
Malawi,MWI,1979,1.1750001,12.314146,1444.4854,21.612783
Malawi,MWI,1980,1.1874001,17.507368,1438.7571,21.582651
Malawi,MWI,1981,1.1219001,17.078,1266.782,21.487215
Malawi,MWI,1982,1.1691,15.380953,1579.3363,21.549208
Malawi,MWI,1983,1.1462001,21.5005,1274.9658,22.454054
Malawi,MWI,1984,1.1806,21.840975,1472.1154,21.638021
Malawi,MWI,1985,1.169,14.276586,1515.934,21.283842
Malawi,MWI,1986,1.0761,17.432093,1664.5995,21.394857
Malawi,MWI,1987,1.0018001,22.513023,1136.0408,22.314783
Malawi,MWI,1988,1.1564001,23.826046,1342.6515,21.974451
Malawi,MWI,1989,1.1794001,24.90909,1790.9172,21.532938
Malawi,MWI,1990,0.9915,21.333334,1130.4775,22.165915
Malawi,MWI,1991,1.141,29.787233,1397.8561,21.842804
Malawi,MWI,1992,0.48160002,32.086956,1026.0828,22.44143
Malawi,MWI,1993,1.4888002,32.173912,1252.1584,22.054754
Malawi,MWI,1994,0.8964001,10.134762,1154.8,22.079697
Malawi,MWI,1995,1.3092,18.921305,1175.3989,22.40885
Malawi,MWI,1996,1.3906001,24.25,1336.3079,22.025446
Malawi,MWI,1997,1.0544001,23.183674,1629.3655,21.983175
Malawi,MWI,1998,1.3221,19.307692,1171.5619,22.328169
Malawi,MWI,1999,1.7454001,18.555555,1349.4762,21.642288
Malawi,MWI,2000,1.6755,18.105818,1536.0093,21.660719
Malawi,MWI,2001,1.1755,9.642807,1340.2155,22.030703
Malawi,MWI,2002,1.0457,29.713684,1372.7681,22.011177
Malawi,MWI,2003,1.2090001,31.077333,1371.3466,21.917791
Malawi,MWI,2004,1.0206001,34.406,1454.1034,21.666693
Malawi,MWI,2005,0.7778,30.491875,994.9733,22.46174
Malawi,MWI,2006,1.4447,36.824547,1460.9137,21.937025
Malawi,MWI,2007,2.467,37.92606,1496.9323,21.946478
Malawi,MWI,2008,1.5987,34.870434,1356.142,21.677446
Malawi,MWI,2009,2.1243002,30.845715,1362.3602,21.92373
Malawi,MWI,2010,1.9069002,37.398,1324.3721,22.329077
Malawi,MWI,2011,2.0943,30.366285,1280.4807,22.213448
Malawi,MWI,2012,2.0871003,26.396856,1381.0984,22.136034
Malawi,MWI,2013,2.0688002,29.25811,1356.3489,22.258917
Malawi,MWI,2014,2.2181003,39.764786,1351.4728,22.319319
Malawi,MWI,2015,1.5906,41.999454,1257.3792,22.637596
Malawi,MWI,2016,1.3474001,23.768858,1212.2687,22.720161
Malawi,MWI,2017,1.9031,33.99363,1506.1093,22.404303
Malawi,MWI,2018,1.5312,34.317028,1450.4365,22.329742
Malawi,MWI,2019,1.8740001,29.426508,1612.9446,22.479498
Malawi,MWI,2020,2.0044,47.48729,1340.2494,22.540907
Malawi,MWI,2021,2.3196,41.86125,1277.8713,22.337023
Malawi,MWI,2022,1.9386001,23.70975,1648.9185,22.025667
Malawi,MWI,2023,1.8471,87.35575,1606.264,22.777624
Malaysia,MYS,1961,2.0970001,98.74526,2366.5288,24.628408
Malaysia,MYS,1962,2.0581002,99.76091,2868.6968,24.536438
Malaysia,MYS,1963,2.1438003,98.194466,2653.5098,24.625929
Malaysia,MYS,1964,1.9865001,102.44014,2716.5754,24.667282
Malaysia,MYS,1965,2.1442,126.20581,2594.2598,24.389252
Malaysia,MYS,1966,2.1290002,148.10907,3307.205,24.250433
Malaysia,MYS,1967,2.0155,148.34914,2764.6382,24.308496
Malaysia,MYS,1968,2.1642,140.76044,2690.2527,24.47355
Malaysia,MYS,1969,2.3181002,175.07307,2916.2468,24.714533
Malaysia,MYS,1970,2.3830001,202.91374,2987.0347,24.661524
Malaysia,MYS,1971,2.4686003,176.95964,2795.987,24.336731
Malaysia,MYS,1972,2.3961003,212.32336,2500.9685,24.722322
Malaysia,MYS,1973,2.6322,263.26373,2879.0237,24.925102
Malaysia,MYS,1974,2.8266003,225.12967,2632.6716,24.47928
Malaysia,MYS,1975,2.6412,235.05885,2735.6982,24.550852
Malaysia,MYS,1976,2.697,287.73373,2560.582,24.580534
Malaysia,MYS,1977,2.6117,299.79208,2688.164,24.839287
Malaysia,MYS,1978,2.5428002,342.88373,2559.025,25.050049
Malaysia,MYS,1979,2.8228002,401.43793,2689.472,25.133276
Malaysia,MYS,1980,2.8359,428.16635,2706.1306,25.083906
Malaysia,MYS,1981,2.8244,387.02252,2563.0076,25.071634
Malaysia,MYS,1982,2.7429001,445.11908,2396.05,25.024559
Malaysia,MYS,1983,2.5799,496.74893,2573.752,25.40937
Malaysia,MYS,1984,2.4979,680.2507,3250.5344,24.638407
Malaysia,MYS,1985,2.6424,657.7684,2781.0925,24.838806
Malaysia,MYS,1986,2.6194,735.6129,2807.4937,24.929266
Malaysia,MYS,1987,2.4509,829.3765,2810.4602,25.287104
Malaysia,MYS,1988,2.5056002,972.9107,3185.9468,25.170843
Malaysia,MYS,1989,2.6019,983.69507,2778.086,24.917414
Malaysia,MYS,1990,2.7403002,977.3265,2517.9956,25.280357
Malaysia,MYS,1991,2.8178003,1004.8051,2893.0847,25.129496
Malaysia,MYS,1992,2.9918003,1041.4463,2505.2256,25.10031
Malaysia,MYS,1993,3.0348003,1126.2836,2875.287,25.056246
Malaysia,MYS,1994,3.0614,1247.225,2811.4976,25.177773
Malaysia,MYS,1995,3.1619,1211.9867,3179.8052,25.231508
Malaysia,MYS,1996,3.2510002,1267.795,3094.186,25.132017
Malaysia,MYS,1997,3.0676003,1408.7993,2519.9407,25.325731
Malaysia,MYS,1998,2.8829,1607.4082,2782.5146,26.015556
Malaysia,MYS,1999,2.9415002,1509.292,3120.2715,25.155104
Malaysia,MYS,2000,3.0640001,1367.8773,2963.9946,25.285833
Malaysia,MYS,2001,3.1101003,1289.301,2989.4102,25.361465
Malaysia,MYS,2002,3.2385,1183.446,2321.6917,25.629343
Malaysia,MYS,2003,3.3596003,1235.8302,2589.8374,25.51162
Malaysia,MYS,2004,3.3260002,1802.7506,2361.7563,25.535437
Malaysia,MYS,2005,3.4221003,1658.2488,2476.1064,25.690004
Malaysia,MYS,2006,3.3907,2012.9556,2944.8538,25.431635
Malaysia,MYS,2007,3.5277002,2299.421,3280.7231,25.413702
Malaysia,MYS,2008,3.5836003,2110.61,3518.5122,25.219343
Malaysia,MYS,2009,3.7205002,1301.9846,2922.3713,25.590624
Malaysia,MYS,2010,3.6361003,2166.7493,3116.2285,25.795502
Malaysia,MYS,2011,3.7468002,2183.6448,3134.2332,25.423773
Malaysia,MYS,2012,3.7972002,1916.8402,3169.128,25.49662
Malaysia,MYS,2013,3.8763003,1985.8652,3105.3228,25.652166
Malaysia,MYS,2014,4.6292005,2263.3977,2850.7173,25.613195
Malaysia,MYS,2015,4.0223002,1896.1638,2687.2253,25.842722
Malaysia,MYS,2016,3.9775002,1995.781,2734.0088,26.291616
Malaysia,MYS,2017,3.7496002,2011.317,3257.1455,25.806318
Malaysia,MYS,2018,3.7704,1953.7252,2909.1565,25.858
Malaysia,MYS,2019,3.5009,1347.4949,2523.0012,26.154617
Malaysia,MYS,2020,3.6538002,1591.1803,3143.626,26.026184
Malaysia,MYS,2021,3.7681003,2148.0486,3160.4644,25.730385
Malaysia,MYS,2022,3.5765002,1612.1045,3444.339,25.644648
Malaysia,MYS,2023,3.5417001,2926.4287,3155.8706,26.092478
Mali,MLI,1961,0.70750004,0.04029304,269.36935,27.35282
Mali,MLI,1962,0.72940004,0.2008521,319.03024,27.415422
Mali,MLI,1963,0.6448,0.21237864,294.435,27.714598
Mali,MLI,1964,0.7486,0.1814882,319.45126,27.449547
Mali,MLI,1965,0.8119001,0.3504222,357.84457,27.137888
Mali,MLI,1966,0.78730005,1.0234658,290.77032,27.938927
Mali,MLI,1967,0.74820006,0.9406475,385.89694,27.289526
Mali,MLI,1968,0.76680005,1.3920864,341.602,27.723068
Mali,MLI,1969,0.87290007,1.438849,371.47983,28.385956
Mali,MLI,1970,0.82960004,3.201397,315.6133,28.204552
Mali,MLI,1971,0.83140004,4.19092,315.9685,27.73551
Mali,MLI,1972,0.68790007,4.2176948,288.30774,27.918182
Mali,MLI,1973,0.67340004,5.1903377,258.55865,27.914948
Mali,MLI,1974,0.79620004,4.209276,299.9988,27.04956
Mali,MLI,1975,0.88060004,1.210121,299.7554,27.228357
Mali,MLI,1976,0.67910004,5.8502727,303.3244,26.868973
Mali,MLI,1977,0.61570007,7.344913,268.78568,27.859056
Mali,MLI,1978,1.0775001,5.767742,350.35974,27.938597
Mali,MLI,1979,0.8478,7.0273633,323.51816,28.076126
Mali,MLI,1980,0.7261,7.0616918,312.2327,28.458414
Mali,MLI,1981,0.83790004,4.3238945,294.7245,27.97325
Mali,MLI,1982,0.785,5.58768,242.10583,27.610529
Mali,MLI,1983,0.84040004,5.049677,213.9889,28.439194
Mali,MLI,1984,0.6966,24.956781,256.97437,27.925184
Mali,MLI,1985,1.0840001,9.693065,280.5376,27.816605
Mali,MLI,1986,1.0898001,7.243124,274.5754,27.748995
Mali,MLI,1987,1.0334,7.6689587,239.62077,29.0274
Mali,MLI,1988,0.9620001,6.527034,322.9026,28.153566
Mali,MLI,1989,0.93970007,8.6702385,302.97723,28.293411
Mali,MLI,1990,0.7264001,7.4037995,235.14404,28.601233
Mali,MLI,1991,1.0553001,7.2709646,279.13815,28.26938
Mali,MLI,1992,0.73800004,12.621359,264.23962,27.818014
Mali,MLI,1993,0.76280004,8.169934,237.0774,28.442175
Mali,MLI,1994,0.81780005,7.911392,345.33575,27.839674
Mali,MLI,1995,0.8101,8.16944,275.15933,28.182344
Mali,MLI,1996,1.1006,6.02649,233.86337,28.595232
Mali,MLI,1997,1.0639001,10.551876,234.76802,28.268965
Mali,MLI,1998,1.2042,10.13245,257.54678,28.83602
Mali,MLI,1999,1.1741,10.993378,310.29532,27.883245
Mali,MLI,2000,1.0065,8.7962475,248.01071,28.354181
Mali,MLI,2001,0.98630005,9.271523,210.23245,28.731323
Mali,MLI,2002,0.7886,18.414898,215.13799,28.952753
Mali,MLI,2003,0.9814001,12.862673,291.81387,28.994629
Mali,MLI,2004,1.2065,16.674215,202.93095,28.890795
Mali,MLI,2005,1.0895001,14.924684,246.22563,29.040077
Mali,MLI,2006,1.1248001,17.83988,224.01308,28.518408
Mali,MLI,2007,1.1012,13.526343,236.53029,28.664385
Mali,MLI,2008,1.3977001,17.392141,256.7934,28.355637
Mali,MLI,2009,1.8004001,17.646353,233.72589,28.960144
Mali,MLI,2010,1.4528002,18.507906,297.93585,29.777594
Mali,MLI,2011,1.0468001,9.604806,208.04349,29.04996
Mali,MLI,2012,1.5068002,8.914596,264.45776,28.408377
Mali,MLI,2013,1.5124002,13.698009,219.42194,28.792948
Mali,MLI,2014,1.5507001,19.224882,215.11003,28.710922
Mali,MLI,2015,1.5755001,24.461838,255.11987,28.673744
Mali,MLI,2016,1.6075001,29.427122,245.74869,29.279886
Mali,MLI,2017,1.6019001,20.92116,220.0482,29.098999
Mali,MLI,2018,1.7289001,20.412529,277.9179,29.056221
Mali,MLI,2019,1.7677001,29.979279,284.72528,28.777086
Mali,MLI,2020,1.6860001,18.670387,276.58563,29.239273
Mali,MLI,2021,1.4412,8.0894375,189.6882,29.79422
Mali,MLI,2022,1.6710001,7.6603527,249.6267,28.895966
Mali,MLI,2023,1.5876,8.539024,197.59589,29.533531
Mauritania,MRT,1966,0.3693,0.18796992,93.61313,26.7753
Mauritania,MRT,1967,0.3749,0.37453184,111.77469,26.116045
Mauritania,MRT,1968,0.3873,0.74626863,80.52908,26.441467
Mauritania,MRT,1969,0.39910004,0.7194245,150.65143,26.993467
Mauritania,MRT,1970,0.34300002,1.0791367,74.70841,27.49645
Mauritania,MRT,1973,0.21700001,0.9778761,51.523487,26.772911
Mauritania,MRT,1974,0.33020002,2.4540815,67.69429,25.95434
Mauritania,MRT,1975,0.43570003,5.9895835,66.35929,26.242785
Mauritania,MRT,1976,0.55880004,2.5641026,79.454865,25.465612
Mauritania,MRT,1977,0.4143,11.734694,49.167503,26.839422
Mauritania,MRT,1978,0.32820004,10.442708,71.13623,26.790812
Mauritania,MRT,1979,0.30810001,10.769231,94.135475,27.239113
Mauritania,MRT,1980,0.4223,6.1904764,75.12675,27.156965
Mauritania,MRT,1982,0.45110002,0.4,41.575226,26.390564
Mauritania,MRT,1983,0.4643,1.6296296,31.95505,27.948732
Mauritania,MRT,1984,0.50130004,1.9285715,60.31886,26.746046
Mauritania,MRT,1985,0.63870007,6.7,58.339424,26.873055
Mauritania,MRT,1986,0.6991,3.125,75.28836,26.332764
Mauritania,MRT,1987,1.0108,3.235294,46.12142,28.241186
Mauritania,MRT,1988,0.86320007,8.888889,99.421326,27.080362
Mauritania,MRT,1989,0.9498,6.0526314,89.15308,27.431534
Mauritania,MRT,1990,0.86980003,9.75,56.105026,27.607658
Mauritania,MRT,1991,0.67370003,12.560976,62.03912,26.9721
Mauritania,MRT,1992,0.8621,17.340477,45.75094,26.738747
Mauritania,MRT,1993,0.84900004,10.691416,70.212555,26.781303
Mauritania,MRT,1994,0.6678,8.888889,108.87912,26.983797
Mauritania,MRT,1995,0.7723,8.888889,100.99977,27.03726
Mauritania,MRT,1996,0.8496,11.111111,60.14102,27.350967
Mauritania,MRT,1997,0.7821,3.8266666,71.566444,27.276709
Mauritania,MRT,1998,0.8945,4.0,75.96293,27.796644
Mauritania,MRT,1999,0.86420006,5.3333335,92.82336,26.931444
Mauritania,MRT,2001,0.6391,6.4444447,49.318985,28.005173
Mauritania,MRT,2002,1.0118,4.8533335,42.52697,27.521635
Mauritania,MRT,2003,0.79770005,5.7466664,116.28882,27.66585
Mauritania,MRT,2004,0.63750005,5.2422223,51.248363,27.356497
Mauritania,MRT,2005,0.84120005,5.7044444,79.16079,27.870316
Mauritania,MRT,2006,0.6613,7.6555557,62.02189,27.453302
Mauritania,MRT,2007,0.7058,4.693333,53.49259,27.34555
Mauritania,MRT,2008,0.7658,5.3555555,62.45837,27.434708
Mauritania,MRT,2009,0.71330005,5.3977776,56.846615,27.6848
Mauritania,MRT,2010,0.9552001,8.748889,97.64324,28.789267
Mauritania,MRT,2011,1.3745,5.437778,48.043537,27.800962
Mauritania,MRT,2012,1.0344001,7.84,80.87216,27.303442
Mauritania,MRT,2013,1.197,8.115556,67.58858,27.754541
Mauritania,MRT,2014,1.6788001,8.075556,48.52681,27.688574
Mauritania,MRT,2015,1.2634001,8.055555,83.405975,27.88156
Mauritania,MRT,2016,1.2324001,10.651111,65.1196,28.23011
Mauritania,MRT,2017,1.9105,13.564445,42.808002,28.18943
Mauritania,MRT,2018,1.5064001,12.786667,57.701363,27.143305
Mauritania,MRT,2019,1.3914001,12.42,66.32996,27.314001
Mauritania,MRT,2020,1.322,14.882222,63.27776,28.483034
Mauritania,MRT,2021,2.0356002,11.315556,33.910088,28.505552
Mauritania,MRT,2022,1.4994001,8.524445,81.433044,28.098417
Mauritania,MRT,2023,1.817,8.524445,37.0666,28.538778
Mauritius,MUS,1961,1.5126001,223.25555,1364.8356,23.221405
Mauritius,MUS,1962,1.7807001,250.38461,1286.1472,22.97519
Mauritius,MUS,1963,1.2895001,273.94507,997.8221,22.7538
Mauritius,MUS,1964,1.0,291.64835,1357.1693,22.840775
Mauritius,MUS,1965,1.6444001,247.82608,1319.2627,22.862816
Mauritius,MUS,1966,2.5249,212.2809,1010.82965,23.155966
Mauritius,MUS,1967,1.7239001,234.08511,1330.2205,23.301043
Mauritius,MUS,1968,2.4098,217.69,1118.7075,23.035131
Mauritius,MUS,1969,2.8587,218.2,1255.021,23.636087
Mauritius,MUS,1970,2.7756002,219.96,1425.7639,23.307817
Mauritius,MUS,1971,3.5928001,215.38,1068.1351,23.12217
Mauritius,MUS,1972,3.1559,319.58,1689.5067,23.507006
Mauritius,MUS,1973,3.2005002,261.64,1161.5889,23.520027
Mauritius,MUS,1974,2.7573001,269.14,1214.826,22.866217
Mauritius,MUS,1975,2.2120001,243.85858,1127.6681,23.168282
Mauritius,MUS,1976,2.7840002,214.77,1087.9102,23.532816
Mauritius,MUS,1977,2.7734,261.89,1198.0718,23.801188
Mauritius,MUS,1978,2.5019,254.73,869.5007,23.550379
Mauritius,MUS,1979,2.5453002,274.32,1175.0798,23.734495
Mauritius,MUS,1980,2.4545002,266.61,1402.237,23.611017
Mauritius,MUS,1981,2.6091,223.25,1294.7788,23.61402
Mauritius,MUS,1982,2.5413,256.25,1432.1827,23.313002
Mauritius,MUS,1983,3.0385,271.54,1102.0901,23.226702
Mauritius,MUS,1984,4.4417005,270.43,809.66345,22.832155
Mauritius,MUS,1985,4.7406,279.73,1248.5515,22.948372
Mauritius,MUS,1986,4.4075003,253.06,1245.5526,22.974413
Mauritius,MUS,1987,3.5436003,328.42,1644.4344,23.63334
Mauritius,MUS,1988,3.8455002,282.09,1027.2151,23.533834
Mauritius,MUS,1989,3.7384,310.101,1264.6609,23.1831
Mauritius,MUS,1990,4.1908,282.9898,919.45703,23.217005
Mauritius,MUS,1991,3.7238002,284.27835,933.8238,23.284365
Mauritius,MUS,1992,4.4346004,277.47916,976.0053,22.798347
Mauritius,MUS,1993,4.243,276.64893,967.0322,22.889505
Mauritius,MUS,1994,3.7288003,314.0645,799.6958,23.229776
Mauritius,MUS,1995,3.8533003,346.6413,1601.5322,23.141937
Mauritius,MUS,1996,4.8667006,414.58243,981.15405,22.934649
Mauritius,MUS,1997,5.0435004,371.73334,931.2039,23.10164
Mauritius,MUS,1998,5.1800003,363.74725,912.1946,23.381805
Mauritius,MUS,1999,4.9024,396.6292,597.6808,23.101496
Mauritius,MUS,2000,8.900001,416.66666,991.5808,22.905848
Mauritius,MUS,2001,7.2037005,313.73627,946.22815,23.322418
Mauritius,MUS,2002,7.7632008,318.3708,1070.7334,23.608099
Mauritius,MUS,2003,6.5556006,299.45456,1014.47925,23.943382
Mauritius,MUS,2004,6.4737005,307.68967,1148.9767,23.67566
Mauritius,MUS,2005,7.5397005,352.15295,1177.5327,23.704706
Mauritius,MUS,2006,7.7931004,257.86746,1106.5238,23.776484
Mauritius,MUS,2007,9.453701,282.22223,1088.65,23.489296
Mauritius,MUS,2008,7.5410004,228.775,1234.3617,23.39681
Mauritius,MUS,2009,8.0,227.9625,1210.0803,23.80996
Mauritius,MUS,2010,6.8333,163.2,903.10706,23.89968
Mauritius,MUS,2011,3.9018002,243.23077,900.32153,23.776957
Mauritius,MUS,2012,3.3896003,274.8421,896.57635,23.615387
Mauritius,MUS,2013,3.2191002,248.14667,1018.89526,23.779634
Mauritius,MUS,2014,3.7651002,313.29333,1162.5437,24.05327
Mauritius,MUS,2015,2.6959,183.82666,1346.6273,24.095823
Mauritius,MUS,2016,3.4550002,273.25333,954.53625,23.768547
Mauritius,MUS,2017,5.2348,257.61334,1203.5729,23.98629
Mauritius,MUS,2018,5.2727003,187.12,1499.9108,23.860281
Mauritius,MUS,2019,6.88,194.88,1052.2747,24.16186
Mauritius,MUS,2020,8.9425,150.48,1175.7716,23.450308
Mauritius,MUS,2021,8.6406,186.49333,959.35974,23.722214
Mauritius,MUS,2022,9.3006,126.41333,1056.119,23.310417
Mauritius,MUS,2023,11.630501,101.16,1401.8857,24.06829
Mexico,MEX,1961,1.1049001,9.791357,664.93,19.798717
Mexico,MEX,1962,1.1245,10.527405,581.1366,20.147799
Mexico,MEX,1963,1.1301,14.485981,672.57526,20.019087
Mexico,MEX,1964,1.302,15.023879,651.0402,19.71286
Mexico,MEX,1965,1.3356,17.63801,675.12683,19.808836
Mexico,MEX,1966,1.2900001,20.867508,731.86273,19.453678
Mexico,MEX,1967,1.3714001,22.748337,757.7228,19.954433
Mexico,MEX,1968,1.4304001,26.454695,727.87787,19.561476
Mexico,MEX,1969,1.4927,29.877357,718.0754,20.186785
Mexico,MEX,1970,1.5408001,30.400328,698.6515,19.85066
Mexico,MEX,1971,1.5300001,34.74922,730.56335,19.922794
Mexico,MEX,1972,1.5136,38.40596,778.1415,20.22767
Mexico,MEX,1973,1.5016,44.02771,909.39636,19.580347
Mexico,MEX,1974,1.6138002,48.87421,795.1724,19.847101
Mexico,MEX,1975,1.7450001,60.606594,762.66144,19.745256
Mexico,MEX,1976,1.7298001,63.16317,841.2484,19.418625
Mexico,MEX,1977,1.7794001,60.045666,722.65424,20.145123
Mexico,MEX,1978,1.9185001,59.97273,907.09753,20.06256
Mexico,MEX,1979,2.009,64.50952,747.0794,20.101713
Mexico,MEX,1980,2.1911001,70.097,795.90186,20.483118
Mexico,MEX,1981,2.2925,88.69737,1026.18,20.115559
Mexico,MEX,1982,2.4155002,93.95572,775.30524,20.529274
Mexico,MEX,1983,2.1837,81.06722,900.4143,20.014997
Mexico,MEX,1984,2.3405,91.05312,1044.81,19.873575
Mexico,MEX,1985,2.4311001,96.43843,889.19086,19.929176
Mexico,MEX,1986,2.3324,97.939384,902.84894,20.126825
Mexico,MEX,1987,2.3218002,98.15327,817.9769,19.793772
Mexico,MEX,1988,2.1805,89.21718,888.34644,20.183805
Mexico,MEX,1989,2.1982,84.232185,822.9404,20.40619
Mexico,MEX,1990,2.4244,82.84122,923.8381,20.39124
Mexico,MEX,1991,2.4269,72.22049,926.35754,20.18744
Mexico,MEX,1992,2.7082,72.049576,944.89215,20.057158
Mexico,MEX,1993,2.6394,70.65376,870.6375,20.453089
Mexico,MEX,1994,2.5183,73.08085,723.21326,20.939482
Mexico,MEX,1995,2.5196002,57.003548,837.24695,20.97677
Mexico,MEX,1996,2.5529,72.03416,812.733,20.748924
Mexico,MEX,1997,2.6787,72.15712,852.94574,20.348743
Mexico,MEX,1998,2.6393,79.02851,797.6552,20.987421
Mexico,MEX,1999,2.7081003,77.493675,786.4299,20.648788
Mexico,MEX,2000,2.7609,79.98254,746.1179,20.787806
Mexico,MEX,2001,2.8552,80.5744,747.3975,20.657885
Mexico,MEX,2002,2.9131002,68.66589,758.5047,20.80387
Mexico,MEX,2003,2.9640002,67.16324,781.96356,20.85753
Mexico,MEX,2004,3.0786002,67.13811,785.67474,20.353317
Mexico,MEX,2005,3.1308002,76.72141,772.5759,20.954447
Mexico,MEX,2006,3.2133002,69.03283,847.7413,21.017538
Mexico,MEX,2007,3.3530002,71.08649,838.6962,20.676563
Mexico,MEX,2008,3.4523003,56.586243,909.85675,20.721277
Mexico,MEX,2009,3.4337,68.50454,732.50433,21.173534
Mexico,MEX,2010,3.5012002,72.30424,952.2425,20.442516
Mexico,MEX,2011,3.2405002,84.408,719.7797,21.245928
Mexico,MEX,2012,3.4534001,84.8033,758.83075,21.230206
Mexico,MEX,2013,3.3869,92.14494,976.1554,20.791994
Mexico,MEX,2014,3.5819001,90.46681,876.6862,20.97883
Mexico,MEX,2015,3.4701002,81.32325,890.7116,21.0515
Mexico,MEX,2016,3.7488003,100.525406,833.8995,21.226395
Mexico,MEX,2017,3.7997,105.62147,830.16376,21.382257
Mexico,MEX,2018,3.8263001,105.65638,853.41077,21.058031
Mexico,MEX,2019,3.9924002,108.62139,750.39996,21.33991
Mexico,MEX,2020,3.8065002,95.554565,763.4006,21.578613
Mexico,MEX,2021,3.8789,101.244576,833.019,21.23676
Mexico,MEX,2022,3.9502,76.78583,790.3192,20.961473
Mexico,MEX,2023,4.2622004,94.248665,629.33575,21.676765
Moldova,MDA,1992,2.9282,77.64977,521.1027,9.754872
Moldova,MDA,1993,3.8324,65.94037,600.6993,9.04615
Moldova,MDA,1994,2.1816,65.37806,452.93402,10.861728
Moldova,MDA,1995,2.9895,64.86182,642.44977,9.650579
Moldova,MDA,1996,2.2885,64.91326,731.88855,8.715172
Moldova,MDA,1997,3.4326003,5.7078905,699.4826,8.95366
Moldova,MDA,1998,2.7489,3.8932147,633.8199,9.816751
Moldova,MDA,1999,2.4439,1.7660044,604.2482,10.719531
Moldova,MDA,2000,2.0328002,2.7914615,548.93896,11.005738
Moldova,MDA,2001,2.4871001,17.561384,632.1048,10.066488
Moldova,MDA,2002,2.5028002,8.138904,579.18353,10.565448
Moldova,MDA,2003,2.3535001,7.5338755,491.07846,9.595209
Moldova,MDA,2004,2.832,8.315217,582.9558,10.141328
Moldova,MDA,2005,2.7934,9.0016365,656.24243,10.129507
Moldova,MDA,2006,2.5502,8.46044,542.2014,9.866065
Moldova,MDA,2007,2.1109,11.022503,513.81146,11.744449
Moldova,MDA,2008,3.2216003,12.453048,648.31067,11.1163435
Moldova,MDA,2009,2.3727,9.364337,446.12683,11.059979
Moldova,MDA,2010,2.7340002,11.059569,744.6601,10.492391
Moldova,MDA,2011,2.8659,13.047487,428.29758,10.262967
Moldova,MDA,2012,1.3571,19.128996,534.834,11.016761
Moldova,MDA,2013,2.8518002,24.669603,634.70593,11.03592
Moldova,MDA,2014,3.1623,25.933449,600.92194,10.752448
Moldova,MDA,2015,2.3709,30.20254,477.55383,11.771464
Moldova,MDA,2016,3.1973002,41.918873,651.4671,11.153453
Moldova,MDA,2017,3.6519,48.60587,573.55286,10.994243
Moldova,MDA,2018,3.6832001,59.421417,505.14203,10.941699
Moldova,MDA,2019,3.8590002,51.186462,450.01,11.872148
Moldova,MDA,2020,1.8936001,44.744602,481.91586,12.187963
Moldova,MDA,2021,5.1577005,46.577274,627.96576,10.151429
Moldova,MDA,2022,2.1279,37.27599,428.09766,11.363884
Moldova,MDA,2023,3.4340003,51.083378,467.4364,12.3772135
Mongolia,MNG,1969,0.3179,0.536193,311.13748,-0.91306716
Mongolia,MNG,1970,0.6812,2.1505377,277.65887,-0.2994236
Mongolia,MNG,1971,0.89900005,2.1935484,319.90262,0.07571888
Mongolia,MNG,1972,0.49720004,3.9948454,284.21915,0.52959156
Mongolia,MNG,1973,1.0853001,6.970849,339.45776,0.93503857
Mongolia,MNG,1974,0.75280005,4.3695383,276.84836,-0.20330715
Mongolia,MNG,1975,1.1138,4.2321644,298.7052,0.696929
Mongolia,MNG,1976,0.84180003,7.368421,310.64447,-0.31859168
Mongolia,MNG,1977,0.8553,5.6363635,298.68304,0.39973292
Mongolia,MNG,1978,0.6269001,6.065858,254.73997,0.9034529
Mongolia,MNG,1979,0.5662,7.1551723,295.64713,0.95520157
Mongolia,MNG,1980,0.517,6.937394,262.1371,0.3605639
Mongolia,MNG,1981,0.6351,10.80858,304.64706,0.33096567
Mongolia,MNG,1982,1.0426,10.871303,276.73636,1.3042055
Mongolia,MNG,1983,1.3875,12.195122,298.01788,0.7192588
Mongolia,MNG,1984,0.9663,12.668666,345.84055,-0.7264922
Mongolia,MNG,1985,1.3956001,13.747229,282.0919,-0.23770094
Mongolia,MNG,1986,1.3806001,15.007657,292.54868,0.54533273
Mongolia,MNG,1987,1.1066,18.440779,322.72937,0.34831452
Mongolia,MNG,1988,1.2691001,14.505494,284.6924,0.56343836
Mongolia,MNG,1989,1.2483001,12.445415,273.66794,1.5068437
Mongolia,MNG,1990,1.0982,10.653047,349.09424,1.3321913
Mongolia,MNG,1991,0.9703,11.691633,299.23688,0.83722067
Mongolia,MNG,1992,0.8334001,11.082162,288.55728,0.87189054
Mongolia,MNG,1993,0.85840005,0.73923486,342.5489,0.38018927
Mongolia,MNG,1994,0.73200005,0.37828636,335.0086,1.2790719
Mongolia,MNG,1995,0.735,1.5140046,263.90527,1.5167376
Mongolia,MNG,1996,0.66050005,1.5140046,268.20358,0.44904733
Mongolia,MNG,1997,0.75670004,4.887904,272.03607,1.9334351
Mongolia,MNG,1998,0.6341,3.119893,328.37003,2.1507678
Mongolia,MNG,1999,0.60620004,2.3532498,269.85815,1.7113906
Mongolia,MNG,2000,0.7701,2.893814,253.98212,1.0081271
Mongolia,MNG,2001,0.7084001,2.7202787,234.39247,1.4900212
Mongolia,MNG,2002,0.58540004,3.773777,235.91438,1.9246073
Mongolia,MNG,2003,0.7853,3.4050307,316.1246,0.67306995
Mongolia,MNG,2004,0.7875,5.001618,234.58362,1.8428726
Mongolia,MNG,2005,0.4743,3.117081,228.08565,0.82929534
Mongolia,MNG,2006,1.098,5.5436363,228.83926,1.707592
Mongolia,MNG,2007,0.94250005,5.1228533,229.89476,2.887481
Mongolia,MNG,2008,1.3828001,5.801038,252.68692,1.910627
Mongolia,MNG,2009,1.5518001,6.227238,221.21938,1.3257036
Mongolia,MNG,2010,1.3703,8.964779,251.05511,0.50627774
Mongolia,MNG,2011,1.4872,10.814934,238.64047,0.821832
Mongolia,MNG,2012,1.5653001,12.842689,278.34467,0.19338036
Mongolia,MNG,2013,1.3198001,19.7186,255.7862,1.5825149
Mongolia,MNG,2014,1.6680001,14.6690645,236.71332,1.8336393
Mongolia,MNG,2015,0.57470006,17.463396,249.6354,2.1613162
Mongolia,MNG,2016,1.2796,19.515274,293.49603,1.4130669
Mongolia,MNG,2017,0.84370005,27.771269,211.93233,2.4419281
Mongolia,MNG,2018,1.3796,31.79019,287.1573,1.6362206
Mongolia,MNG,2019,1.2719,0.0,250.53543,1.9854788
Mongolia,MNG,2020,1.2186,38.45259,268.46863,1.906509
Mongolia,MNG,2021,1.4200001,36.161644,306.3974,2.2537796
Mongolia,MNG,2022,1.1132,47.777973,210.8204,1.602698
Mongolia,MNG,2023,1.2955,47.432426,276.49902,2.0278828
Montenegro,MNE,2006,2.9712,18.701149,1437.9968,8.979923
Montenegro,MNE,2007,1.9924002,15.632184,1514.0415,10.137576
Montenegro,MNE,2008,3.2397,14.791907,1534.8263,10.075702
Montenegro,MNE,2009,3.3479002,11.32948,1900.0873,10.006667
Montenegro,MNE,2010,3.3214002,14.354651,2288.197,9.858088
Montenegro,MNE,2011,3.3057,12.549133,1015.6837,9.941449
Montenegro,MNE,2012,2.6388001,12.494186,1522.4521,10.258618
Montenegro,MNE,2013,3.7705002,324.8718,1861.306,10.297756
Montenegro,MNE,2014,3.4515002,276.97595,1843.5929,10.59733
Montenegro,MNE,2015,3.1465,262.1839,1253.6597,10.434556
Montenegro,MNE,2016,3.2617002,285.22223,1857.5647,10.216838
Montenegro,MNE,2017,3.288,233.69565,1471.0415,10.030225
Montenegro,MNE,2018,3.3118002,246.84782,1764.0892,10.759181
Montenegro,MNE,2019,3.1668003,292.77777,1655.454,10.706067
Montenegro,MNE,2020,3.2600002,306.8132,1522.8762,10.558413
Montenegro,MNE,2021,3.1934001,311.91013,1749.032,10.063902
Montenegro,MNE,2022,3.2297,191.0,1611.7869,10.69466
Montenegro,MNE,2023,3.4269001,251.38121,1846.2795,10.86906
Morocco,MAR,1961,0.40760002,4.3889227,227.02725,18.059994
Morocco,MAR,1962,1.0689001,6.716692,370.67648,17.422094
Morocco,MAR,1963,0.8913,5.964812,457.6842,16.845715
Morocco,MAR,1964,0.86410004,5.827164,264.00293,17.388954
Morocco,MAR,1965,0.88130003,7.2867646,405.8004,17.102827
Morocco,MAR,1966,0.46850002,8.618405,248.64668,17.68868
Morocco,MAR,1967,0.7281,11.217391,402.88022,17.120193
Morocco,MAR,1968,1.3481001,13.849571,380.5379,17.37434
Morocco,MAR,1969,0.8809001,13.504286,454.52063,17.286125
Morocco,MAR,1970,0.94200003,12.40814,347.21036,17.736362
Morocco,MAR,1971,1.1426,15.333474,441.95517,16.453491
Morocco,MAR,1972,1.1208001,16.073902,445.63116,15.888496
Morocco,MAR,1973,0.68640006,18.58235,326.6364,17.171576
Morocco,MAR,1974,1.0519,20.777779,276.2948,16.873657
Morocco,MAR,1975,0.88780004,22.734129,304.3516,17.014563
Morocco,MAR,1976,1.1873001,25.53657,404.78683,16.413961
Morocco,MAR,1977,0.58190006,24.09396,312.29956,17.33015
Morocco,MAR,1978,0.99930006,24.288326,269.3883,17.58123
Morocco,MAR,1979,0.92800003,25.499733,341.8311,17.34213
Morocco,MAR,1980,1.0195,27.446083,300.94125,17.79033
Morocco,MAR,1981,0.48520005,27.582184,204.9487,18.005955
Morocco,MAR,1982,1.1468002,27.243465,306.0622,17.338274
Morocco,MAR,1983,0.76000005,31.343473,222.32161,18.392542
Morocco,MAR,1984,0.83750004,31.427113,244.72993,17.552116
Morocco,MAR,1985,1.1085,36.96941,320.3894,18.01517
Morocco,MAR,1986,1.5097001,38.896946,286.76996,17.51924
Morocco,MAR,1987,0.85370004,37.148174,318.1626,18.553602
Morocco,MAR,1988,1.4954001,41.4551,318.72723,17.965097
Morocco,MAR,1989,1.3429,37.35249,393.23196,17.99473
Morocco,MAR,1990,1.12,40.197544,267.63702,18.303001
Morocco,MAR,1991,1.5759001,33.119194,319.18335,17.234423
Morocco,MAR,1992,0.58770007,32.56436,222.83023,17.236528
Morocco,MAR,1993,0.56040007,37.159683,283.54703,17.025513
Morocco,MAR,1994,1.5849001,32.34327,243.82286,18.299345
Morocco,MAR,1995,0.44650003,31.633224,271.53186,18.430231
Morocco,MAR,1996,1.6872001,31.882147,492.85846,17.77608
Morocco,MAR,1997,0.83390003,36.45067,330.484,18.36747
Morocco,MAR,1998,1.1227,35.979187,225.94797,18.611776
Morocco,MAR,1999,0.74350005,41.339645,254.49776,18.154816
Morocco,MAR,2000,0.3668,41.908978,221.77394,18.439283
Morocco,MAR,2001,0.89460003,42.436382,175.43399,19.101688
Morocco,MAR,2002,1.0687,65.554276,297.33334,18.556292
Morocco,MAR,2003,1.4329001,55.31121,328.35916,18.647627
Morocco,MAR,2004,1.5121001,48.95761,250.44429,18.190828
Morocco,MAR,2005,0.7839001,63.787243,199.14108,18.43604
Morocco,MAR,2006,1.6521001,60.16865,318.56143,18.532263
Morocco,MAR,2007,0.51640004,58.82951,227.62141,18.248686
Morocco,MAR,2008,1.0029001,53.826626,337.98514,18.130577
Morocco,MAR,2009,1.9194001,41.065353,350.75427,18.733654
Morocco,MAR,2010,1.5475,57.171024,425.74496,19.167305
Morocco,MAR,2011,1.6144001,59.120045,322.40997,18.562925
Morocco,MAR,2012,1.0166,56.99267,266.61053,18.595957
Morocco,MAR,2013,1.8283001,63.59178,257.93497,18.458727
Morocco,MAR,2014,1.4543002,71.35059,352.9291,18.739065
Morocco,MAR,2015,2.1407,70.491646,257.6818,18.741701
Morocco,MAR,2016,0.93600005,38.99112,279.69333,18.99004
Morocco,MAR,2017,1.7574002,60.405457,178.38525,19.578165
Morocco,MAR,2018,2.2632,63.36324,400.4447,17.933493
Morocco,MAR,2019,1.4536,59.933926,210.86644,18.900454
Morocco,MAR,2020,0.74740005,60.05838,211.57193,19.50827
Morocco,MAR,2021,2.3287,58.22416,229.52098,19.157751
Morocco,MAR,2022,0.9433,62.005177,205.74007,19.794264
Morocco,MAR,2023,1.4821,55.05356,171.79785,19.89739
Mozambique,MOZ,1961,0.87740004,1.4525368,962.85645,23.591791
Mozambique,MOZ,1962,0.8582001,1.4693878,990.3511,23.409357
Mozambique,MOZ,1963,0.91110003,1.7515275,941.19434,22.962988
Mozambique,MOZ,1964,0.9265,2.7642276,722.0517,23.122568
Mozambique,MOZ,1965,0.93570006,2.7530365,794.1353,22.74586
Mozambique,MOZ,1966,0.92350006,2.0210185,733.7353,23.604782
Mozambique,MOZ,1967,0.96070004,2.0564,864.1246,23.289328
Mozambique,MOZ,1968,0.9487001,2.305,817.3864,23.150534
Mozambique,MOZ,1969,0.88720006,2.701111,874.10406,23.72248
Mozambique,MOZ,1970,1.0,2.3572712,755.0811,23.717848
Mozambique,MOZ,1971,0.9411,3.5716338,844.33203,23.273901
Mozambique,MOZ,1972,0.9793,5.535714,948.9221,23.144716
Mozambique,MOZ,1973,0.87380004,4.4561405,872.8361,23.425573
Mozambique,MOZ,1974,0.77770007,2.443158,1104.1251,22.852022
Mozambique,MOZ,1975,0.57170004,2.0557492,796.57513,23.04893
Mozambique,MOZ,1976,0.79580003,3.902439,975.10486,22.982767
Mozambique,MOZ,1977,0.7728,5.0522647,967.3041,23.551249
Mozambique,MOZ,1978,0.71040004,7.2125435,1207.6763,23.237396
Mozambique,MOZ,1979,0.6228,8.327526,808.7936,23.412573
Mozambique,MOZ,1980,0.5957,9.616725,879.6214,23.348946
Mozambique,MOZ,1981,0.5917,14.178082,902.28644,23.03486
Mozambique,MOZ,1982,0.4984,11.933333,923.8528,23.33256
Mozambique,MOZ,1983,0.48900002,4.9,783.4109,24.12124
Mozambique,MOZ,1984,0.51000005,1.2580645,967.70526,23.30407
Mozambique,MOZ,1985,0.5313,1.2073016,1016.7573,23.147585
Mozambique,MOZ,1986,0.544,1.84375,978.9889,23.199615
Mozambique,MOZ,1987,0.39820004,1.969697,745.64355,24.000257
Mozambique,MOZ,1988,0.3933,0.47761193,869.6498,23.63613
Mozambique,MOZ,1989,0.39570004,0.7058824,1098.5933,23.357374
Mozambique,MOZ,1990,0.47670004,0.7536232,740.36035,23.75894
Mozambique,MOZ,1991,0.34420002,1.4571428,900.6999,23.61109
Mozambique,MOZ,1992,0.17760001,1.3920455,645.3066,24.308065
Mozambique,MOZ,1993,0.56470007,0.90909094,854.39453,23.796858
Mozambique,MOZ,1994,0.52030003,1.7647059,741.40076,23.597982
Mozambique,MOZ,1995,0.6524001,2.1369863,790.00586,23.981445
Mozambique,MOZ,1996,0.82180005,2.16,953.08795,23.54571
Mozambique,MOZ,1997,0.82140005,1.6666666,1124.5146,23.553766
Mozambique,MOZ,1998,0.83900005,2.0,872.68365,23.985273
Mozambique,MOZ,1999,0.9854001,2.0253165,1017.27313,23.355515
Mozambique,MOZ,2000,0.8681,3.6666667,1201.0172,23.315285
Mozambique,MOZ,2001,0.8801,6.225,1015.74176,23.805368
Mozambique,MOZ,2002,0.61570007,5.977528,758.9842,23.89399
Mozambique,MOZ,2003,0.77520007,0.7362222,924.17926,23.789217
Mozambique,MOZ,2004,0.72590005,2.2597826,937.3017,23.640945
Mozambique,MOZ,2005,0.44470003,1.4274,660.8351,24.374628
Mozambique,MOZ,2006,0.71860003,4.643061,886.8462,23.936356
Mozambique,MOZ,2007,0.6093,2.6607692,1035.3239,23.922789
Mozambique,MOZ,2008,0.555,11.417222,832.1789,23.73407
Mozambique,MOZ,2009,0.8376,4.0334544,805.57196,23.819498
Mozambique,MOZ,2010,0.9794001,8.199469,868.9822,24.256292
Mozambique,MOZ,2011,0.9909001,7.3559294,810.9572,23.943197
Mozambique,MOZ,2012,1.1674001,5.619469,832.23236,23.905699
Mozambique,MOZ,2013,0.606,5.9109735,888.1693,23.764296
Mozambique,MOZ,2014,0.7453,7.534159,939.0985,23.800034
Mozambique,MOZ,2015,0.734,4.55823,848.1252,24.296318
Mozambique,MOZ,2016,0.6626,4.5676107,761.82214,24.538599
Mozambique,MOZ,2017,0.67870003,5.138584,1001.16754,23.976965
Mozambique,MOZ,2018,0.79890007,6.7111506,862.2322,24.143778
Mozambique,MOZ,2019,0.7994001,10.79646,1015.1317,24.420134
Mozambique,MOZ,2020,0.68520004,11.213805,792.89667,24.426626
Mozambique,MOZ,2021,0.9973,12.256991,828.8759,24.118507
Mozambique,MOZ,2022,1.1628001,7.9906197,1015.0054,24.049555
Mozambique,MOZ,2023,0.73770005,15.130265,1078.6448,24.48207
Myanmar,MMR,1961,1.5350001,0.6060606,2600.424,22.806448
Myanmar,MMR,1962,1.5602,0.6559031,2390.833,22.841719
Myanmar,MMR,1963,1.5212001,0.70564514,2587.606,22.69165
Myanmar,MMR,1964,1.6231,0.9063444,2471.7231,22.95568
Myanmar,MMR,1965,1.5756,0.9164149,2781.3562,22.448236
Myanmar,MMR,1966,1.3802,1.2006036,2545.0376,22.702833
Myanmar,MMR,1967,1.5457001,3.043159,2580.2502,22.731253
Myanmar,MMR,1968,1.5884001,1.7814889,2524.9385,22.618608
Myanmar,MMR,1969,1.6161001,4.1298494,2331.5767,23.16781
Myanmar,MMR,1970,1.6112,2.201304,2575.7993,23.000694
Myanmar,MMR,1971,1.6351,4.4155464,2565.567,22.48762
Myanmar,MMR,1972,1.5433002,4.817352,2278.5798,23.091463
Myanmar,MMR,1973,1.6801001,4.3709016,2570.8494,23.118149
Myanmar,MMR,1974,1.6710001,4.7067623,2606.4924,22.688187
Myanmar,MMR,1975,1.7422,5.757391,2544.894,22.841454
Myanmar,MMR,1976,1.7994001,5.375604,2699.6365,22.62964
Myanmar,MMR,1977,1.8453001,6.488377,2339.0684,22.841356
Myanmar,MMR,1978,1.9928001,8.947897,2337.2761,23.000452
Myanmar,MMR,1979,2.1974,9.731368,2081.9768,23.582565
Myanmar,MMR,1980,2.6002002,10.466938,2231.8406,23.506706
Myanmar,MMR,1981,2.7665002,13.076523,2371.9954,23.169052
Myanmar,MMR,1982,2.9891002,17.505198,2366.3384,22.935476
Myanmar,MMR,1983,2.8747,16.61292,2525.5425,22.94879
Myanmar,MMR,1984,2.8903003,19.622562,2506.0046,23.004921
Myanmar,MMR,1985,2.8967001,20.23215,2524.087,22.965559
Myanmar,MMR,1986,2.8637002,18.625677,2280.6223,23.236723
Myanmar,MMR,1987,2.8859,13.103091,2408.4534,23.435104
Myanmar,MMR,1988,2.7546003,9.140285,2522.9368,23.52667
Myanmar,MMR,1989,2.7476003,8.713042,2281.516,23.054773
Myanmar,MMR,1990,2.7625,7.895056,2542.5828,23.142519
Myanmar,MMR,1991,2.6995,8.693636,2645.0715,23.402382
Myanmar,MMR,1992,2.7484,7.0434237,2220.2087,22.807451
Myanmar,MMR,1993,2.8828,9.009396,2354.771,23.18371
Myanmar,MMR,1994,2.9903002,15.182505,2519.209,23.488375
Myanmar,MMR,1995,2.8202,18.87285,2424.7825,23.672396
Myanmar,MMR,1996,2.8981001,18.222048,2498.323,23.429094
Myanmar,MMR,1997,2.8130002,18.602783,2309.179,23.142738
Myanmar,MMR,1998,2.8422,17.978756,2156.4456,24.17639
Myanmar,MMR,1999,2.9632,16.829205,2510.8853,23.764658
Myanmar,MMR,2000,3.1004,20.758905,2452.3535,23.218994
Myanmar,MMR,2001,3.1576002,9.579579,2337.3142,23.504906
Myanmar,MMR,2002,3.1606002,4.2901034,2357.806,23.521011
Myanmar,MMR,2003,3.2860003,10.309004,2256.7163,23.576986
Myanmar,MMR,2004,3.3835,19.911623,2346.6582,23.345528
Myanmar,MMR,2005,3.4937,6.5211253,2198.522,23.978205
Myanmar,MMR,2006,3.6100001,9.016253,2311.946,23.573587
Myanmar,MMR,2007,3.7235003,15.772903,2550.5095,23.358246
Myanmar,MMR,2008,3.8248003,7.609688,2555.3596,23.426764
Myanmar,MMR,2009,3.8390002,6.236428,2281.6985,23.967901
Myanmar,MMR,2010,3.8552,6.6372213,2263.3123,24.233522
Myanmar,MMR,2011,3.6434002,14.995179,2526.9905,23.37464
Myanmar,MMR,2012,3.6105,15.635476,2352.5215,23.82048
Myanmar,MMR,2013,3.6461003,19.531378,2340.0933,23.770132
Myanmar,MMR,2014,3.6902,24.340883,2038.5674,23.972109
Myanmar,MMR,2015,3.7109,13.320681,2321.96,23.795242
Myanmar,MMR,2016,3.6597002,18.743332,2280.7546,24.030416
Myanmar,MMR,2017,3.6715002,38.735085,2378.7583,23.869797
Myanmar,MMR,2018,3.7613003,49.348305,2449.7034,23.574026
Myanmar,MMR,2019,3.7141004,63.57521,2049.4763,24.130178
Myanmar,MMR,2020,3.7124,67.72166,2084.7024,24.134033
Myanmar,MMR,2021,3.7407002,38.6606,2067.3928,24.250395
Myanmar,MMR,2022,3.7954001,24.050228,2106.4734,23.985611
Myanmar,MMR,2023,3.7959,24.721249,2058.5908,24.381004
Namibia,NAM,1998,0.379,0.12254902,248.6852,22.106714
Namibia,NAM,1999,0.21440001,0.36764705,357.52542,21.492273
Namibia,NAM,2000,0.39120004,0.36764705,348.3177,20.923824
Namibia,NAM,2001,0.44090003,0.36764705,390.13953,20.869337
Namibia,NAM,2002,0.2708,3.9031863,311.72943,21.354647
Namibia,NAM,2003,0.30150002,1.4110429,271.33707,21.730543
Namibia,NAM,2004,0.4183,3.204908,388.47665,21.443151
Namibia,NAM,2005,0.4656,1.9115479,329.9587,21.94874
Namibia,NAM,2006,0.6205,2.8462484,576.05225,20.586754
Namibia,NAM,2007,0.4813,2.465,189.12029,21.673967
Namibia,NAM,2008,0.49550003,0.28625,437.00598,21.236166
Namibia,NAM,2009,0.3648,1.59,418.7325,21.26178
Namibia,NAM,2010,0.40500003,4.43375,417.75778,21.558977
Namibia,NAM,2011,0.4275,6.605,646.5746,20.363436
Namibia,NAM,2012,0.43110004,15.03375,401.40366,21.069769
Namibia,NAM,2013,0.45870003,10.86125,235.02335,21.916328
Namibia,NAM,2014,0.22610001,6.1375,369.11127,21.293098
Namibia,NAM,2015,0.37070003,13.735,231.36075,22.241158
Namibia,NAM,2016,0.2615,26.10625,241.85478,22.638649
Namibia,NAM,2017,0.42630002,25.03625,415.66367,21.846598
Namibia,NAM,2018,0.5025,40.0125,284.0876,22.147087
Namibia,NAM,2019,0.943,25.505,185.36865,23.205215
Namibia,NAM,2020,0.5493,3.72625,358.06415,22.006462
Namibia,NAM,2021,0.47120005,3.72625,438.54782,21.259943
Namibia,NAM,2022,0.4878,14.9225,314.6965,21.569632
Namibia,NAM,2023,0.35340002,27.065,193.11824,22.198662
Nepal,NPL,1961,1.8466,0.08250277,2288.4492,12.1420355
Nepal,NPL,1962,1.8423002,0.23864895,2423.8481,12.173988
Nepal,NPL,1963,1.8439001,0.34746695,2407.7314,12.199882
Nepal,NPL,1964,1.8832,0.56589144,2121.8938,12.864753
Nepal,NPL,1965,1.8673002,0.6140642,1873.2758,12.032825
Nepal,NPL,1966,1.7420001,1.8826135,2072.1113,12.615391
Nepal,NPL,1967,1.7382001,1.4568444,2028.6594,12.161153
Nepal,NPL,1968,1.7240001,1.6871908,2162.8696,12.033097
Nepal,NPL,1969,1.7509001,2.4766355,1832.5391,12.628373
Nepal,NPL,1970,1.7825,2.7439835,2121.6492,12.808751
Nepal,NPL,1971,1.7169001,4.079877,2336.427,12.241356
Nepal,NPL,1972,1.6301,5.165937,1983.544,12.70713
Nepal,NPL,1973,1.7728001,5.7150116,2586.3506,12.769143
Nepal,NPL,1974,1.7676,5.823853,1929.8114,12.691634
Nepal,NPL,1975,1.7896,5.5854216,2138.3923,12.780585
Nepal,NPL,1976,1.7095001,6.731674,1891.9321,12.834079
Nepal,NPL,1977,1.6043001,7.850337,1787.434,13.021191
Nepal,NPL,1978,1.6340001,8.278125,1989.4768,12.543754
Nepal,NPL,1979,1.4569001,9.292239,1774.0698,12.972302
Nepal,NPL,1980,1.6871,9.893832,1828.9625,12.94288
Nepal,NPL,1981,1.7009001,10.412587,2017.9916,12.250649
Nepal,NPL,1982,1.3815001,13.649415,1716.784,12.410313
Nepal,NPL,1983,1.7453002,16.251307,1808.0684,12.209129
Nepal,NPL,1984,1.6662,18.91378,2064.5156,12.884563
Nepal,NPL,1985,1.6591,18.853806,1990.3337,13.008617
Nepal,NPL,1986,1.5247,19.536427,1877.8492,12.456239
Nepal,NPL,1987,1.6841,23.45904,1970.0349,13.068638
Nepal,NPL,1988,1.7804002,24.334688,2122.2043,13.492288
Nepal,NPL,1989,1.8869001,29.084082,1972.047,12.611553
Nepal,NPL,1990,1.9201001,31.249784,2236.4612,12.899938
Nepal,NPL,1991,1.7210001,34.89673,1775.583,12.785938
Nepal,NPL,1992,1.9193002,35.235252,1580.1555,12.70608
Nepal,NPL,1993,1.7143002,31.55239,2071.5273,13.106636
Nepal,NPL,1994,1.9139001,39.847466,1785.9744,13.190079
Nepal,NPL,1995,1.9237001,40.09028,2117.6895,13.03284
Nepal,NPL,1996,1.9394001,44.00769,2095.6514,13.043067
Nepal,NPL,1997,1.9599001,45.86569,1966.0767,12.043923
Nepal,NPL,1998,1.9792,51.76601,2279.1855,13.379899
Nepal,NPL,1999,2.1135,40.163376,2027.1135,13.610936
Nepal,NPL,2000,2.1486,31.016993,2154.7595,12.786831
Nepal,NPL,2001,2.1490002,30.796602,1869.688,13.148892
Nepal,NPL,2002,2.1656003,16.680943,2046.3691,12.932198
Nepal,NPL,2003,2.2874,5.0587473,2186.186,12.906219
Nepal,NPL,2004,2.2737,8.025217,1909.7518,13.152824
Nepal,NPL,2005,2.2824,3.5688596,1799.307,13.177929
Nepal,NPL,2006,2.1881,5.6420355,1751.5562,13.635943
Nepal,NPL,2007,2.3230002,1.6089286,2428.42,13.324206
Nepal,NPL,2008,2.417,1.3648648,2151.3997,13.220959
Nepal,NPL,2009,2.2728002,18.202726,1839.8905,13.72152
Nepal,NPL,2010,2.4078002,25.086697,2152.0562,13.833043
Nepal,NPL,2011,2.6260002,35.809868,2222.3806,12.986728
Nepal,NPL,2012,2.6352,26.543695,1977.2936,12.830028
Nepal,NPL,2013,2.6789,54.874847,2236.8445,13.186219
Nepal,NPL,2014,2.7218,68.96539,1944.9794,13.008541
Nepal,NPL,2015,2.6479,77.086754,1842.1976,13.174464
Nepal,NPL,2016,2.7305002,78.94423,2157.6763,14.053798
Nepal,NPL,2017,2.8407001,70.40187,2083.8918,13.731717
Nepal,NPL,2018,3.0459,94.94191,2138.7385,13.377126
Nepal,NPL,2019,3.1060002,97.005714,2215.791,13.121549
Nepal,NPL,2020,3.2033002,115.32569,2498.7563,12.969753
Nepal,NPL,2021,3.0632,112.611046,2583.3313,13.565102
Nepal,NPL,2022,3.2194002,67.84289,2116.469,13.707311
Nepal,NPL,2023,3.3443003,67.84289,1826.7726,13.673257
Netherlands,NLD,1961,3.6914,473.89114,942.00525,10.1603155
Netherlands,NLD,1962,4.2774,538.1594,775.1775,8.407752
Netherlands,NLD,1963,3.9869,587.039,712.36615,8.111619
Netherlands,NLD,1964,4.3958,580.5475,683.6179,9.438125
Netherlands,NLD,1965,3.6734002,605.84265,934.52234,9.021461
Netherlands,NLD,1966,3.5136003,636.5604,1009.03516,9.624511
Netherlands,NLD,1967,4.2065,654.8055,854.15924,10.141723
Netherlands,NLD,1968,3.9390001,651.7066,926.07227,9.368472
Netherlands,NLD,1969,3.9812002,722.2286,778.9962,9.388045
Netherlands,NLD,1970,3.7684002,780.58276,874.64087,9.3155
Netherlands,NLD,1971,4.3205004,736.82556,704.49677,9.7713175
Netherlands,NLD,1972,3.9825,746.94977,787.799,9.197424
Netherlands,NLD,1973,4.6401005,787.88776,771.3489,9.724941
Netherlands,NLD,1974,5.0424004,791.30206,991.5576,9.979346
Netherlands,NLD,1975,4.4726005,784.1112,761.50977,10.094937
Netherlands,NLD,1976,4.7799,780.9006,578.537,9.994302
Netherlands,NLD,1977,4.7685003,771.7042,880.04736,9.836581
Netherlands,NLD,1978,5.7979,761.97296,749.0724,9.156915
Netherlands,NLD,1979,5.4027004,834.8875,911.1234,8.534839
Netherlands,NLD,1980,5.6892004,803.3168,870.9138,9.22036
Netherlands,NLD,1981,5.9759,784.7884,937.9742,9.348376
Netherlands,NLD,1982,6.7409,746.4801,776.65894,10.035877
Netherlands,NLD,1983,6.3516,818.19165,847.8659,10.093893
Netherlands,NLD,1984,7.1889005,851.6096,954.2629,9.342767
Netherlands,NLD,1985,6.1741004,814.1217,888.461,8.439454
Netherlands,NLD,1986,7.4199004,795.6287,856.2206,8.909575
Netherlands,NLD,1987,6.268,711.30273,914.25757,8.727676
Netherlands,NLD,1988,6.1940002,709.0197,965.2528,10.268466
Netherlands,NLD,1989,6.7506003,654.6464,723.76044,10.653305
Netherlands,NLD,1990,6.9901004,606.44745,801.3039,10.750413
Netherlands,NLD,1991,7.0634003,628.4422,694.8407,9.461721
Netherlands,NLD,1992,7.4592004,606.03754,856.33594,10.440627
Netherlands,NLD,1993,7.9984,575.26764,972.2345,9.543372
Netherlands,NLD,1994,7.1645,591.1657,931.71387,10.544688
Netherlands,NLD,1995,7.769201,582.15454,787.424,10.328687
Netherlands,NLD,1996,8.292901,568.4651,654.0374,8.428752
Netherlands,NLD,1997,7.1761003,523.0643,730.7027,10.117393
Netherlands,NLD,1998,7.307,521.56146,1139.8551,10.246245
Netherlands,NLD,1999,7.4698,465.69113,909.1822,10.818234
Netherlands,NLD,2000,7.9055004,408.72202,980.8058,10.822113
Netherlands,NLD,2001,7.2805004,412.37112,1014.39667,10.308276
Netherlands,NLD,2002,7.3139005,386.9208,981.4683,10.738442
Netherlands,NLD,2003,7.9568,363.93732,676.5814,10.427759
Netherlands,NLD,2004,8.0663,357.31354,904.79083,10.383784
Netherlands,NLD,2005,7.8797007,337.8065,815.3066,10.58079
Netherlands,NLD,2006,7.8542004,353.1464,843.41394,11.069847
Netherlands,NLD,2007,7.2897005,302.13907,980.2589,11.146053
Netherlands,NLD,2008,8.3323,267.70862,900.1664,10.538545
Netherlands,NLD,2009,9.032901,238.17105,823.2587,10.457549
Netherlands,NLD,2010,8.569301,293.32584,847.1315,9.000495
Netherlands,NLD,2011,7.8008003,246.81113,831.35895,10.784001
Netherlands,NLD,2012,8.545,289.81207,992.05786,10.170473
Netherlands,NLD,2013,8.6301,231.1277,806.8391,9.697928
Netherlands,NLD,2014,9.073701,247.85263,889.705,11.58105
Netherlands,NLD,2015,8.7528,266.80518,881.4359,10.766041
Netherlands,NLD,2016,7.7769003,291.6858,802.31995,10.672466
Netherlands,NLD,2017,8.7945,290.55835,914.23914,10.870809
Netherlands,NLD,2018,7.9273,274.26935,681.72906,11.252744
Netherlands,NLD,2019,8.6766,273.8018,870.76666,11.176575
Netherlands,NLD,2020,7.9443,276.61395,859.9951,11.57692
Netherlands,NLD,2021,7.8507004,273.25525,1005.31604,10.367681
Netherlands,NLD,2022,8.860001,240.26593,825.82916,11.535539
Netherlands,NLD,2023,8.0795,238.01982,1131.6708,11.640576
New Caledonia,NCL,1975,2.7526002,89.42857,1935.8799,22.267197
New Caledonia,NCL,1976,2.197,34.857143,1912.0243,21.963572
New Caledonia,NCL,1977,2.5488002,59.285713,1126.0509,21.590363
New Caledonia,NCL,1978,2.3548002,62.42857,1124.744,21.794388
New Caledonia,NCL,1979,1.9499002,108.14286,1285.9701,21.91358
New Caledonia,NCL,1980,1.9300001,193.14285,1188.8271,22.23459
New Caledonia,NCL,1981,2.5231001,77.85714,1391.6769,22.3047
New Caledonia,NCL,1982,2.4380002,100.0,1266.7146,21.896484
New Caledonia,NCL,1983,2.0215,120.85714,1047.6172,22.584303
New Caledonia,NCL,1984,1.1178001,50.0,1506.0447,22.433771
New Caledonia,NCL,1985,2.5485,40.0,1646.0646,22.197187
New Caledonia,NCL,1986,2.0691001,66.666664,1308.0231,22.165756
New Caledonia,NCL,1987,1.3333001,133.33333,817.7876,22.205927
New Caledonia,NCL,1988,2.0388002,133.33333,1880.0985,23.026339
New Caledonia,NCL,1989,1.2375001,133.33333,2238.922,22.265364
New Caledonia,NCL,1990,1.8651,200.0,1584.7126,22.475351
New Caledonia,NCL,1991,2.3311002,133.33333,1084.7638,22.079048
New Caledonia,NCL,1992,3.0037,122.22222,1202.4508,22.085497
New Caledonia,NCL,1993,2.8692,200.0,735.9794,22.05639
New Caledonia,NCL,1994,2.2591002,228.57143,970.8421,21.827751
New Caledonia,NCL,1995,3.1813002,228.57143,994.6328,22.805832
New Caledonia,NCL,1996,3.7545002,228.57143,1671.5458,22.669632
New Caledonia,NCL,1997,3.7041004,228.57143,1101.4395,22.401114
New Caledonia,NCL,1998,3.7189,128.57143,1478.8243,23.455734
New Caledonia,NCL,1999,3.8775003,128.57143,2111.425,22.450197
New Caledonia,NCL,2000,3.9958003,128.57143,1413.0317,22.164354
New Caledonia,NCL,2001,3.9412003,128.57143,1347.0115,22.377426
New Caledonia,NCL,2002,3.8701003,260.58823,1324.5947,22.630486
New Caledonia,NCL,2003,4.0291004,536.4706,1195.1733,22.502314
New Caledonia,NCL,2004,4.0128,231.32353,1205.3015,22.52991
New Caledonia,NCL,2005,3.8851004,282.5,1411.5894,22.471542
New Caledonia,NCL,2006,3.956,240.0,1232.4038,22.288689
New Caledonia,NCL,2007,4.1293,267.64706,1273.2083,22.86574
New Caledonia,NCL,2008,3.8209002,199.41176,1712.2092,22.715569
New Caledonia,NCL,2009,3.8057,99.411766,1705.7008,22.304192
New Caledonia,NCL,2010,3.9235003,150.0,1177.519,23.13429
New Caledonia,NCL,2011,3.4627001,209.38461,2105.522,22.560982
New Caledonia,NCL,2012,4.6109,250.0,1707.1758,22.379484
New Caledonia,NCL,2013,4.0188003,226.16667,1742.9178,22.307047
New Caledonia,NCL,2014,4.8001003,254.33333,1277.856,22.470125
New Caledonia,NCL,2015,4.5400004,257.62143,1308.5934,22.509506
New Caledonia,NCL,2016,5.7139,248.91122,1252.3353,23.149284
New Caledonia,NCL,2017,6.8536005,248.91122,1215.4977,22.749086
New Caledonia,NCL,2018,7.5748,248.91122,1579.821,22.346716
New Caledonia,NCL,2019,7.7960005,248.91122,961.5487,22.51104
New Caledonia,NCL,2020,8.689301,248.91122,1380.3103,22.875597
New Caledonia,NCL,2021,8.8806,248.91122,2118.0046,22.759436
New Caledonia,NCL,2022,11.0720005,248.91122,2450.996,23.495726
New Caledonia,NCL,2023,11.1885,248.91122,1329.9202,22.386488
New Zealand,NZL,1961,3.1253002,765.2572,1353.5583,9.77624
New Zealand,NZL,1962,2.7636,752.6037,1617.8756,10.287139
New Zealand,NZL,1963,2.7326002,913.1579,1342.4979,9.189186
New Zealand,NZL,1964,3.3254,1215.8789,1628.3878,9.403539
New Zealand,NZL,1965,3.2757,1201.6237,1505.7156,8.941993
New Zealand,NZL,1966,3.5213003,1074.7737,1488.4188,9.379252
New Zealand,NZL,1967,3.7084,948.9074,1587.7188,9.834412
New Zealand,NZL,1968,3.5604,1104.6296,1691.5145,9.690743
New Zealand,NZL,1969,3.6818001,1174.2301,1384.225,9.88606
New Zealand,NZL,1970,2.9748,1192.7128,1523.8518,10.643683
New Zealand,NZL,1971,3.4873002,1258.5187,1457.4668,10.678683
New Zealand,NZL,1972,3.7868001,1425.5349,1543.4143,9.985264
New Zealand,NZL,1973,3.9353004,1772.9154,1443.4409,10.507088
New Zealand,NZL,1974,3.2598002,1251.2681,1479.331,10.504676
New Zealand,NZL,1975,3.3077002,1344.4381,1715.5581,10.253658
New Zealand,NZL,1976,4.0033,1320.7885,1489.8077,9.49931
New Zealand,NZL,1977,4.163,1392.6222,1470.8995,9.3794775
New Zealand,NZL,1978,4.0337,1447.2946,1469.8097,10.460906
New Zealand,NZL,1979,3.9,1300.7142,1737.6168,10.20755
New Zealand,NZL,1980,3.9414,1160.5,1701.5326,10.011764
New Zealand,NZL,1981,4.4266005,1114.0795,1519.6124,10.590495
New Zealand,NZL,1982,4.5377,1063.5092,1501.0476,9.767575
New Zealand,NZL,1983,4.5321,1144.4502,1664.9011,9.703091
New Zealand,NZL,1984,4.8041005,1131.579,1577.0276,10.537158
New Zealand,NZL,1985,4.6118,910.44775,1478.357,10.489766
New Zealand,NZL,1986,4.4518,756.98926,1581.8096,10.373854
New Zealand,NZL,1987,4.4533,874.0476,1595.0374,10.408584
New Zealand,NZL,1988,4.6111,791.71124,1724.816,10.563265
New Zealand,NZL,1989,4.2758,987.84674,1557.0737,10.610654
New Zealand,NZL,1990,5.0340004,902.8947,1535.6252,10.680141
New Zealand,NZL,1991,5.1441,1150.9186,1538.6335,9.84797
New Zealand,NZL,1992,5.3001003,1380.8258,1481.1312,9.179115
New Zealand,NZL,1993,5.2779,1600.9617,1433.5532,9.607733
New Zealand,NZL,1994,5.5934,1652.793,1600.6442,9.857921
New Zealand,NZL,1995,5.6254,1731.8363,1754.1616,10.113791
New Zealand,NZL,1996,5.7743,1663.1744,1622.5159,9.987813
New Zealand,NZL,1997,5.8922005,1629.113,1485.5033,9.768077
New Zealand,NZL,1998,6.2944,1652.374,1678.6868,10.983308
New Zealand,NZL,1999,6.1687007,1776.2567,1433.1033,10.869182
New Zealand,NZL,2000,6.3165,2012.31,1550.448,10.38859
New Zealand,NZL,2001,6.5347004,2243.1292,1446.8987,10.460402
New Zealand,NZL,2002,6.2763,1888.6896,1532.0719,10.220196
New Zealand,NZL,2003,7.0599003,2054.0144,1441.8708,10.192815
New Zealand,NZL,2004,6.4621005,2124.3142,1729.3496,9.701204
New Zealand,NZL,2005,7.5662007,2242.3152,1319.5797,10.81604
New Zealand,NZL,2006,7.0287004,2087.0527,1608.8176,9.930501
New Zealand,NZL,2007,7.9164004,1943.3295,1364.4967,10.391894
New Zealand,NZL,2008,7.3798003,1721.5651,1486.2334,10.483936
New Zealand,NZL,2009,6.9099,1329.9172,1466.3411,9.895028
New Zealand,NZL,2010,7.3871,1401.5391,1631.8245,10.689178
New Zealand,NZL,2011,6.9532003,1622.0913,1599.8217,10.518913
New Zealand,NZL,2012,8.012,1505.7701,1516.8014,10.103877
New Zealand,NZL,2013,8.1056,1367.841,1524.9801,10.992181
New Zealand,NZL,2014,8.0339,1431.405,1507.2755,10.461404
New Zealand,NZL,2015,8.026601,1786.0062,1438.1108,10.319316
New Zealand,NZL,2016,8.3838005,1538.4492,1650.5432,11.062218
New Zealand,NZL,2017,8.464401,1820.6945,1541.664,10.887173
New Zealand,NZL,2018,8.064301,1776.2468,1705.8408,11.060437
New Zealand,NZL,2019,8.192201,1677.2949,1582.6996,11.082637
New Zealand,NZL,2020,9.0393,1725.8881,1401.804,10.975189
New Zealand,NZL,2021,8.809401,1445.0454,1646.1963,11.178752
New Zealand,NZL,2022,8.3817005,1633.4333,1697.9801,11.447204
New Zealand,NZL,2023,8.4888,1291.1307,1608.1401,11.203022
Nicaragua,NIC,1961,0.93970007,3.9466019,1550.378,24.725555
Nicaragua,NIC,1962,0.93770003,3.3553398,1687.7305,24.599623
Nicaragua,NIC,1963,1.0317,9.712622,1690.8997,24.882286
Nicaragua,NIC,1964,1.0357,10.097087,1522.1765,25.093233
Nicaragua,NIC,1965,1.0037,28.373787,1560.0006,25.029816
Nicaragua,NIC,1966,1.0503001,21.241346,1823.9371,25.054237
Nicaragua,NIC,1967,1.0547,23.926924,1562.03,24.927431
Nicaragua,NIC,1968,1.0917,26.55673,1851.0779,24.657022
Nicaragua,NIC,1969,1.0635,26.101923,1977.6168,25.223871
Nicaragua,NIC,1970,1.1098001,24.875,2011.9962,24.71963
Nicaragua,NIC,1971,1.0827,25.078846,1777.073,24.595968
Nicaragua,NIC,1972,0.8913,28.076923,1722.1584,25.110367
Nicaragua,NIC,1973,1.1529001,51.904762,1747.7267,24.950678
Nicaragua,NIC,1974,0.96550006,33.396225,1665.8757,24.464235
Nicaragua,NIC,1975,1.1537,18.207546,1873.725,24.716078
Nicaragua,NIC,1976,1.0302,45.183018,1616.2147,24.682516
Nicaragua,NIC,1977,1.072,45.620754,1454.4858,25.147085
Nicaragua,NIC,1978,1.3148001,45.538967,1764.078,25.069418
Nicaragua,NIC,1979,1.3804001,21.42189,1817.8062,25.062181
Nicaragua,NIC,1980,1.5723001,50.654205,1788.1438,25.05065
Nicaragua,NIC,1981,1.4713001,52.434784,1877.3672,24.82962
Nicaragua,NIC,1982,1.5662,38.95652,1850.3484,25.031698
Nicaragua,NIC,1983,1.7126001,61.132175,1498.6084,25.579714
Nicaragua,NIC,1984,1.6227,40.49,1567.9705,24.801348
Nicaragua,NIC,1985,1.6580001,51.62705,1599.2864,24.703325
Nicaragua,NIC,1986,1.9057001,55.642624,1736.2091,24.68532
Nicaragua,NIC,1987,1.6654001,40.32,1444.3695,25.691893
Nicaragua,NIC,1988,1.7638001,59.84375,1849.796,25.223427
Nicaragua,NIC,1989,1.5491,27.143847,1547.3699,24.844559
Nicaragua,NIC,1990,1.5245001,30.776922,1697.4824,25.164988
Nicaragua,NIC,1991,1.4171001,26.486155,1455.4713,25.249228
Nicaragua,NIC,1992,1.6881001,23.712122,1392.9395,25.293755
Nicaragua,NIC,1993,1.7871001,20.0,1983.1866,25.05689
Nicaragua,NIC,1994,1.7252,16.148148,1425.3345,25.211718
Nicaragua,NIC,1995,1.6813002,18.787878,1798.2509,25.284544
Nicaragua,NIC,1996,1.6893002,24.654545,1809.582,24.857172
Nicaragua,NIC,1997,1.6864,20.384571,1530.0048,25.178408
Nicaragua,NIC,1998,1.7065,21.444445,1821.9319,25.612076
Nicaragua,NIC,1999,1.6340001,19.428108,1775.6383,24.593122
Nicaragua,NIC,2000,1.6877,15.075639,1459.3544,24.783714
Nicaragua,NIC,2001,1.6929001,10.101464,1460.1049,25.045485
Nicaragua,NIC,2002,1.7319001,29.576782,1611.7078,25.445799
Nicaragua,NIC,2003,1.8602,33.861214,1578.6125,25.503706
Nicaragua,NIC,2004,1.7981001,33.179565,1641.8236,25.339928
Nicaragua,NIC,2005,1.7787,28.923353,1936.6797,25.598608
Nicaragua,NIC,2006,1.9023001,32.487686,1631.9913,25.429125
Nicaragua,NIC,2007,1.8225001,31.64581,1792.7903,25.426237
Nicaragua,NIC,2008,1.8110001,26.918224,1905.6459,25.186417
Nicaragua,NIC,2009,2.0767,35.03121,1656.3385,25.39842
Nicaragua,NIC,2010,2.0861,34.2,2096.7002,25.47972
Nicaragua,NIC,2011,1.9948001,51.572853,1802.6962,25.253984
Nicaragua,NIC,2012,1.9442,51.173653,1592.7637,25.265982
Nicaragua,NIC,2013,1.7632,34.442448,1817.513,25.506083
Nicaragua,NIC,2014,1.9143001,50.976048,1710.1932,25.606636
Nicaragua,NIC,2015,1.9404001,57.85562,1635.2926,25.88133
Nicaragua,NIC,2016,1.9337001,59.217564,1901.3016,25.93186
Nicaragua,NIC,2017,2.1041002,85.47372,2074.0876,25.586433
Nicaragua,NIC,2018,2.2818003,58.278774,1740.5013,25.484655
Nicaragua,NIC,2019,2.2488,57.983368,1609.8519,25.916498
Nicaragua,NIC,2020,2.2237,77.06254,2238.2283,25.862963
Nicaragua,NIC,2021,2.4031003,68.70725,1554.0259,25.600428
Nicaragua,NIC,2022,2.3589,59.28942,2256.4482,25.39617
Nicaragua,NIC,2023,2.5153003,64.21757,1694.8037,26.176664
Niger,NER,1964,0.5993,0.008696408,125.98186,26.03919
Niger,NER,1965,0.46750003,0.008697165,108.10536,26.173143
Niger,NER,1966,0.49620003,0.008697165,88.19143,26.489561
Niger,NER,1967,0.5713,0.025656637,204.84561,25.92301
Niger,NER,1968,0.39400002,0.020944558,123.448906,26.48684
Niger,NER,1969,0.49370003,0.02842356,142.92468,27.478037
Niger,NER,1970,0.39020002,0.015629187,90.8294,26.522606
Niger,NER,1971,0.4248,0.02244789,106.414474,26.692759
Niger,NER,1972,0.41760004,0.036069095,77.41614,27.210783
Niger,NER,1973,0.3239,0.036077704,76.716934,26.894018
Niger,NER,1974,0.40600002,0.016059738,105.078896,26.183006
Niger,NER,1975,0.34640002,0.064545825,110.694855,26.219175
Niger,NER,1976,0.4234,0.11786372,104.47401,26.718454
Niger,NER,1977,0.4313,0.21301413,123.81427,25.873228
Niger,NER,1978,0.43150002,0.17198691,143.35262,26.933237
Niger,NER,1979,0.44700003,0.1812701,88.99519,27.009783
Niger,NER,1980,0.45740002,0.26370937,104.63623,27.080462
Niger,NER,1981,0.41560003,0.56948423,83.96699,26.372627
Niger,NER,1982,0.4003,0.28552577,70.71256,26.577719
Niger,NER,1983,0.40190002,0.179964,55.697903,26.458529
Niger,NER,1984,0.25710002,0.23925501,44.45725,26.650324
Niger,NER,1985,0.425,0.36550665,82.58725,26.519327
Niger,NER,1986,0.4189,0.20317298,77.166725,26.977453
Niger,NER,1987,0.32650003,0.30035782,65.24987,27.181116
Niger,NER,1988,0.47520003,0.18231636,124.6586,26.923948
Niger,NER,1989,0.35270002,0.28684595,84.563065,26.16125
Niger,NER,1990,0.3103,0.20831823,61.932014,27.224915
Niger,NER,1991,0.33320004,0.043830633,101.56828,26.967646
Niger,NER,1992,0.30920002,0.10780011,83.95738,26.263388
Niger,NER,1993,0.32620004,0.11550901,56.660942,26.995798
Niger,NER,1994,0.26790002,0.47092798,113.07193,26.534258
Niger,NER,1995,0.3123,0.7135502,79.995415,27.194742
Niger,NER,1996,0.291,0.64354664,48.7963,27.261917
Niger,NER,1997,0.28770003,0.05005363,73.40443,27.227274
Niger,NER,1998,0.38950002,0.03575515,123.27531,27.317673
Niger,NER,1999,0.3801,0.29948512,146.30402,26.91876
Niger,NER,2000,0.28920004,0.32372093,65.32466,26.739862
Niger,NER,2001,0.3944,0.35662133,69.70689,27.07945
Niger,NER,2002,0.42290002,0.6118195,76.76787,27.329542
Niger,NER,2003,0.4295,0.29366547,86.29635,27.52668
Niger,NER,2004,0.3415,0.23998582,51.472347,27.596588
Niger,NER,2005,0.43660003,0.3876655,82.71624,27.86451
Niger,NER,2006,0.44960004,0.5276226,67.233185,27.514246
Niger,NER,2007,0.4248,0.35490787,83.23161,27.452362
Niger,NER,2008,0.49650002,0.15341823,67.28405,26.996069
Niger,NER,2009,0.386,0.35348994,58.871334,28.208021
Niger,NER,2010,0.4948,0.4960265,114.20763,28.649185
Niger,NER,2011,0.3628,0.48564103,64.21165,27.89624
Niger,NER,2012,0.52030003,0.92327046,98.02122,27.795746
Niger,NER,2013,0.40770003,0.63714284,75.919,27.988485
Niger,NER,2014,0.44680002,0.9992857,88.14742,27.91004
Niger,NER,2015,0.5513,0.40619048,95.27702,27.387606
Niger,NER,2016,0.53650004,0.386,100.35461,28.383896
Niger,NER,2017,0.54190004,0.3816384,101.80124,27.537086
Niger,NER,2018,0.55480003,0.6947458,103.35954,28.13073
Niger,NER,2019,0.5015,0.8445198,122.53633,27.921547
Niger,NER,2020,0.5518,0.5864972,96.28542,27.928534
Niger,NER,2021,0.3605,0.46926555,53.871117,28.205132
Niger,NER,2022,0.5598,0.4678531,75.46374,27.365204
Niger,NER,2023,0.48880002,0.7723729,54.497833,28.391708
Nigeria,NGA,1961,0.74300003,0.058878187,929.3152,26.16305
Nigeria,NGA,1962,0.7828,0.07072996,1058.9891,26.301056
Nigeria,NGA,1963,0.76370007,0.08731384,997.7834,26.658997
Nigeria,NGA,1964,0.7178,0.116137326,770.56946,26.735846
Nigeria,NGA,1965,0.6871,0.15038121,883.28815,26.608004
Nigeria,NGA,1966,0.6078,0.30024987,909.74365,26.750326
Nigeria,NGA,1967,0.69350004,0.29564333,1171.7054,26.227234
Nigeria,NGA,1968,0.6711,0.4087745,1221.384,26.260132
Nigeria,NGA,1969,0.611,0.41862804,1236.6248,26.5572
Nigeria,NGA,1970,0.72290003,0.27573794,1101.9176,26.53961
Nigeria,NGA,1971,0.70960003,0.36759442,1161.2582,26.372322
Nigeria,NGA,1972,0.6549001,0.7731351,1081.2842,26.655031
Nigeria,NGA,1973,0.6592001,0.59739035,1096.654,27.130114
Nigeria,NGA,1974,0.9961,1.1292591,1165.4524,26.136972
Nigeria,NGA,1975,0.9671,2.1096392,1172.0405,25.96517
Nigeria,NGA,1976,0.72520006,3.0518427,1144.0126,26.171812
Nigeria,NGA,1977,0.9326,2.8424368,989.7715,26.46881
Nigeria,NGA,1978,0.9161,2.7271686,1195.8898,26.323675
Nigeria,NGA,1979,1.0533001,4.1134915,1224.2286,26.636179
Nigeria,NGA,1980,1.087,6.5682125,1319.8157,26.712814
Nigeria,NGA,1981,1.6555,8.008113,1129.2245,26.413046
Nigeria,NGA,1982,1.6329001,7.956371,1074.134,26.560366
Nigeria,NGA,1983,1.526,9.640389,866.4142,26.868143
Nigeria,NGA,1984,1.2663001,9.835581,1038.1937,26.824608
Nigeria,NGA,1985,1.2479001,8.179914,1188.7356,26.592768
Nigeria,NGA,1986,1.1567,9.38231,1090.9019,26.775541
Nigeria,NGA,1987,1.2030001,8.55469,1060.5403,27.363657
Nigeria,NGA,1988,1.3055,11.734988,1292.2877,26.803589
Nigeria,NGA,1989,1.2529001,13.048623,1087.5562,26.240545
Nigeria,NGA,1990,1.1479001,14.261595,1048.7949,27.025688
Nigeria,NGA,1991,1.0941,14.8,1181.389,26.69851
Nigeria,NGA,1992,1.164,14.61794,1105.8529,26.244736
Nigeria,NGA,1993,1.1531,15.315615,1041.033,26.813887
Nigeria,NGA,1994,1.1323001,9.548388,1293.38,26.489357
Nigeria,NGA,1995,1.2105,5.56231,1169.4442,26.706436
Nigeria,NGA,1996,1.2204001,5.241692,1101.3198,26.820992
Nigeria,NGA,1997,1.1828,4.14759,1078.8973,26.79217
Nigeria,NGA,1998,1.2018001,4.8,1097.781,27.40978
Nigeria,NGA,1999,1.2393001,4.7914286,1242.5048,26.898802
Nigeria,NGA,2000,1.1715001,5.357143,1033.0557,26.664055
Nigeria,NGA,2001,1.2336,6.1989846,997.7914,26.726206
Nigeria,NGA,2002,1.2552,4.3146715,1052.4893,26.862213
Nigeria,NGA,2003,1.3088001,6.0173855,1007.9492,27.078146
Nigeria,NGA,2004,1.3728001,4.449638,1000.239,27.148619
Nigeria,NGA,2005,1.4217,7.241183,989.0729,27.519022
Nigeria,NGA,2006,1.5075,10.315268,1009.22906,27.46508
Nigeria,NGA,2007,1.3998001,4.3405495,1039.7787,27.016428
Nigeria,NGA,2008,1.5984001,5.8969812,1088.0194,26.81912
Nigeria,NGA,2009,1.5311,4.5658765,1036.3947,27.507193
Nigeria,NGA,2010,1.5280001,11.214552,1127.4283,27.752472
Nigeria,NGA,2011,1.3344,6.2017736,985.7702,27.250433
Nigeria,NGA,2012,1.399,8.427187,1193.8965,27.008196
Nigeria,NGA,2013,1.2973001,8.5091305,1054.0533,27.266068
Nigeria,NGA,2014,1.5554001,8.95755,1176.6119,27.116241
Nigeria,NGA,2015,1.5271001,7.9658422,1031.0835,27.282501
Nigeria,NGA,2016,1.5969001,10.73495,1179.597,27.412277
Nigeria,NGA,2017,1.5061,20.295908,1052.8809,27.394035
Nigeria,NGA,2018,1.5493001,18.841295,1081.0972,27.21299
Nigeria,NGA,2019,1.6297001,18.610327,1263.9337,27.254944
Nigeria,NGA,2020,1.6199001,22.558853,1000.7318,27.260897
Nigeria,NGA,2021,1.6219001,17.96496,888.83246,27.501951
Nigeria,NGA,2022,1.6595001,7.2811346,993.2653,26.972275
Nigeria,NGA,2023,1.5486001,4.2386093,976.2443,27.647196
North Korea,PRK,1961,2.5021002,52.09302,1124.2859,7.09617
North Korea,PRK,1962,2.5941002,64.65116,1509.9723,6.123388
North Korea,PRK,1963,2.7463002,73.48837,1368.2216,6.037435
North Korea,PRK,1964,2.8479002,76.27907,1598.3901,6.4691463
North Korea,PRK,1965,2.539,80.46512,1127.434,5.7430654
North Korea,PRK,1966,2.7448,86.51163,1520.1664,5.8568377
North Korea,PRK,1967,2.5421002,96.74419,1191.0895,5.9511495
North Korea,PRK,1968,2.4693003,116.27907,1158.4142,6.2288246
North Korea,PRK,1969,2.9034,116.790695,1232.1234,5.366783
North Korea,PRK,1970,2.8904,143.90698,1131.8893,5.7772593
North Korea,PRK,1971,2.9717002,157.25581,1334.0563,5.8722134
North Korea,PRK,1972,2.8296003,168.0,1574.1305,6.3143272
North Korea,PRK,1973,3.0915,168.81818,1194.075,6.384211
North Korea,PRK,1974,3.1834002,189.27272,1156.327,5.600128
North Korea,PRK,1975,3.2467,197.18182,1155.6904,6.874333
North Korea,PRK,1976,3.3934,250.22728,1131.947,5.734318
North Korea,PRK,1977,3.5467,277.54544,872.1012,6.5789685
North Korea,PRK,1978,3.5398002,348.5,1225.0363,6.5894265
North Korea,PRK,1979,3.6735,340.54544,1332.5338,6.6313434
North Korea,PRK,1980,3.5707002,319.12473,934.1672,5.6041026
North Korea,PRK,1981,3.8374002,344.02625,1158.8702,5.895334
North Korea,PRK,1982,3.3558002,324.07,1064.961,6.761396
North Korea,PRK,1983,3.4428003,329.45294,1137.0537,6.7541428
North Korea,PRK,1984,3.6867,334.3545,1277.1215,5.8415837
North Korea,PRK,1985,3.7133002,369.54047,1244.7231,5.9216332
North Korea,PRK,1986,3.9923003,330.54706,1351.743,5.8048797
North Korea,PRK,1987,3.8212001,326.30197,1357.3196,6.450578
North Korea,PRK,1988,3.8712,352.73523,960.486,6.5346093
North Korea,PRK,1989,3.9644,356.54266,1232.2917,7.4869475
North Korea,PRK,1990,3.9234002,363.8112,1683.9175,7.4971213
North Korea,PRK,1991,5.6079,352.65216,1029.1898,6.77618
North Korea,PRK,1992,5.5938,340.21738,1157.648,6.836748
North Korea,PRK,1993,6.1268,333.0435,973.4253,6.504703
North Korea,PRK,1994,4.7338,134.58333,1129.3926,7.448536
North Korea,PRK,1995,2.5112002,43.416668,1283.3833,6.5651746
North Korea,PRK,1996,1.8587,40.434784,1124.9274,6.3833365
North Korea,PRK,1997,1.9945,74.391304,951.57825,6.886959
North Korea,PRK,1998,3.1157,68.347824,1241.6041,7.851889
North Korea,PRK,1999,2.8566003,110.0,987.0452,7.301621
North Korea,PRK,2000,2.3754,111.304344,1071.186,6.6458983
North Korea,PRK,2001,3.0157,122.347824,1048.3785,6.820935
North Korea,PRK,2002,3.1908002,53.86435,1044.5411,6.9963317
North Korea,PRK,2003,3.2503002,44.78913,1075.0815,7.233951
North Korea,PRK,2004,3.4296002,69.641304,1145.0961,7.5993953
North Korea,PRK,2005,3.3678002,61.674892,1131.4341,6.4613624
North Korea,PRK,2006,3.5437002,65.90979,1031.6478,7.389143
North Korea,PRK,2007,2.9215002,51.808086,1435.7578,7.7394185
North Korea,PRK,2008,3.5549002,49.1275,993.87225,7.6204915
North Korea,PRK,2009,3.3644001,56.352917,1095.6024,7.1589055
North Korea,PRK,2010,3.4240003,73.73417,1433.9806,6.7500863
North Korea,PRK,2011,3.5863001,90.408936,1203.0415,6.7909255
North Korea,PRK,2012,3.9224,71.228935,1315.1963,6.450176
North Korea,PRK,2013,3.9796002,75.361275,1221.7251,6.86062
North Korea,PRK,2014,4.1518,61.865524,710.3914,7.6792474
North Korea,PRK,2015,3.6540003,51.376724,960.7511,7.8213477
North Korea,PRK,2016,4.0797,67.80519,1148.5958,7.651958
North Korea,PRK,2017,4.0159,65.72418,863.8384,7.3708463
North Korea,PRK,2018,3.5043,90.00218,1133.027,7.293918
North Korea,PRK,2019,4.3819003,46.31808,846.01447,8.167861
North Korea,PRK,2020,3.4917002,18.94074,1484.0188,7.908316
North Korea,PRK,2021,3.5379,18.869282,1142.9324,8.032723
North Korea,PRK,2022,3.5582001,7.069281,1392.864,7.315111
North Korea,PRK,2023,3.5388002,14.682789,1258.839,8.380286
North Macedonia,MKD,1993,2.0115001,12.479475,541.4815,10.611458
North Macedonia,MKD,1994,2.6957002,96.75369,585.0565,11.775005
North Macedonia,MKD,1995,3.0068002,61.430695,879.37537,10.096928
North Macedonia,MKD,1996,2.4547,71.264366,824.1424,10.244851
North Macedonia,MKD,1997,2.7481003,77.833336,642.3644,10.182069
North Macedonia,MKD,1998,3.0795002,66.780235,767.1695,10.72652
North Macedonia,MKD,1999,2.9406002,73.97959,766.62305,10.982032
North Macedonia,MKD,2000,2.565,71.89189,490.3422,11.110951
North Macedonia,MKD,2001,2.2878,39.260563,693.89197,10.915168
North Macedonia,MKD,2002,2.9013002,37.81363,837.09247,10.974975
North Macedonia,MKD,2003,2.4223,40.171974,735.69794,10.904655
North Macedonia,MKD,2004,3.5967002,53.481564,814.4563,10.759277
North Macedonia,MKD,2005,3.2050002,62.02232,853.6299,10.1675205
North Macedonia,MKD,2006,3.2435002,57.46697,779.1501,10.454353
North Macedonia,MKD,2007,2.6252,67.12297,738.92444,11.733772
North Macedonia,MKD,2008,3.5369,56.15802,596.0655,11.714402
North Macedonia,MKD,2009,3.3859,56.69762,967.373,11.268311
North Macedonia,MKD,2010,3.3296003,67.111115,956.5844,11.464204
North Macedonia,MKD,2011,3.5021002,63.61836,539.9958,10.965832
North Macedonia,MKD,2012,2.8393002,57.594204,741.8515,11.659648
North Macedonia,MKD,2013,3.3813002,69.60532,747.44214,11.841002
North Macedonia,MKD,2014,3.9,72.206314,970.8608,11.855063
North Macedonia,MKD,2015,3.0511003,66.246376,786.2567,11.667083
North Macedonia,MKD,2016,3.8592002,79.3149,793.78345,11.679635
North Macedonia,MKD,2017,2.8075001,68.98801,751.4021,11.578599
North Macedonia,MKD,2018,3.7146003,60.84689,888.997,12.075302
North Macedonia,MKD,2019,3.5540001,61.257755,694.2742,12.233415
North Macedonia,MKD,2020,3.6642,82.8149,760.341,11.785657
North Macedonia,MKD,2021,3.5378003,50.491608,912.72046,11.432134
North Macedonia,MKD,2022,3.4721003,44.661057,756.8783,11.712033
North Macedonia,MKD,2023,3.4080002,54.266827,882.9859,12.185479
Norway,NOR,1961,2.7918003,172.66356,1186.8877,-1.1315185
Norway,NOR,1962,2.0713,176.44614,1068.8474,-2.9116967
Norway,NOR,1963,2.5781002,185.1209,1028.2811,-2.5456302
Norway,NOR,1964,2.5954,192.11765,1256.7783,-1.4206425
Norway,NOR,1965,2.5536003,200.0,988.8414,-2.6558378
Norway,NOR,1966,2.1692,196.80852,1038.98,-3.4514723
Norway,NOR,1967,2.7291002,211.8624,1294.6841,-0.6897197
Norway,NOR,1968,3.5249,215.6956,989.1401,-1.9318652
Norway,NOR,1969,2.6250002,238.54546,969.8593,-1.1038717
Norway,NOR,1970,3.2069001,244.95074,979.97107,-1.2075777
Norway,NOR,1971,3.2263002,259.7015,1264.6198,-0.8798199
Norway,NOR,1972,2.9817002,248.67592,1142.9324,0.51408356
Norway,NOR,1973,3.2602,263.32486,1277.6367,-0.69448876
Norway,NOR,1974,3.7778003,293.8053,1065.195,0.72940654
Norway,NOR,1975,2.5566003,290.6329,1298.334,0.032288592
Norway,NOR,1976,2.8407001,280.95837,988.5125,-0.6051447
Norway,NOR,1977,3.5665002,300.50125,1002.4886,-0.93649274
Norway,NOR,1978,3.6773002,319.15424,1044.3998,-1.2713083
Norway,NOR,1979,3.5576003,322.82608,1118.3044,-1.4476706
Norway,NOR,1980,3.6448002,318.15952,1009.5055,-0.95858735
Norway,NOR,1981,3.6987002,305.45456,1067.2012,-1.4661326
Norway,NOR,1982,3.7468002,303.8186,1178.0753,-0.21129565
Norway,NOR,1983,3.3355002,302.95508,1379.1045,-0.02172915
Norway,NOR,1984,4.2846003,291.0798,1050.864,0.6528723
Norway,NOR,1985,3.8859,274.00467,1130.475,-1.3124872
Norway,NOR,1986,3.2516003,271.6763,1128.2268,-0.84167576
Norway,NOR,1987,3.8140001,265.2023,1083.7158,-1.2326279
Norway,NOR,1988,3.1048002,250.0,1156.5958,-0.52409875
Norway,NOR,1989,3.4089,241.79955,1316.5365,0.83166313
Norway,NOR,1990,4.3993,243.7093,1345.9663,1.4758776
Norway,NOR,1991,4.0155,234.34724,1125.0952,0.39263728
Norway,NOR,1992,2.8105001,234.3098,1257.8081,0.62520164
Norway,NOR,1993,3.9234002,232.54237,1100.7314,-0.27707434
Norway,NOR,1994,3.1296003,231.02678,1121.4521,-0.1736573
Norway,NOR,1995,3.6293,212.76596,1182.4951,-0.0893027
Norway,NOR,1996,4.0263004,210.05025,955.9762,-0.3358742
Norway,NOR,1997,3.8859,228.53958,1174.6039,0.4419519
Norway,NOR,1998,4.0449,223.83073,1165.6671,-0.18412478
Norway,NOR,1999,3.7095,224.48979,1214.2927,0.7206294
Norway,NOR,2000,3.9309,219.56769,1276.902,1.3182918
Norway,NOR,2001,3.7095,200.08513,1121.1871,0.13833483
Norway,NOR,2002,3.4952002,205.57973,1014.53375,0.7478016
Norway,NOR,2003,3.9407,213.50746,1120.5012,0.68208665
Norway,NOR,2004,4.4006004,215.23015,1217.4863,1.1262469
Norway,NOR,2005,3.9929001,218.86543,1271.6527,1.4681786
Norway,NOR,2006,3.6745002,216.41841,1202.271,1.889211
Norway,NOR,2007,3.8550003,220.41754,1290.6836,1.2972536
Norway,NOR,2008,4.4881005,213.55698,1176.6686,1.0965487
Norway,NOR,2009,3.4463003,179.12514,1136.4857,0.8696502
Norway,NOR,2010,4.0042,170.00363,992.27496,-0.851268
Norway,NOR,2011,3.4369001,192.15892,1414.8496,1.5839447
Norway,NOR,2012,3.6868002,187.3211,1240.7975,0.6651897
Norway,NOR,2013,3.3743002,190.81676,1215.4313,0.97025245
Norway,NOR,2014,4.3634,194.5334,1174.2186,2.0748506
Norway,NOR,2015,4.8030005,204.29268,1417.2302,1.7820892
Norway,NOR,2016,4.6516004,204.41125,1168.4445,2.0308359
Norway,NOR,2017,4.5614,199.58452,1308.0754,1.1712373
Norway,NOR,2018,2.6562002,203.81967,1138.4879,1.6358339
Norway,NOR,2019,4.7098002,210.2713,1213.8712,1.0335246
Norway,NOR,2020,4.6838,208.41096,1421.3616,1.9717461
Norway,NOR,2021,4.1837006,210.72264,1134.8695,0.9751192
Norway,NOR,2022,4.728,210.91293,1272.0385,1.6485525
Norway,NOR,2023,2.7679,205.14445,1249.8765,1.051446
Oman,OMN,1973,1.2821001,5.695652,20.154884,26.973299
Oman,OMN,1974,1.2821001,7.695652,13.466414,26.92212
Oman,OMN,1975,1.2821001,18.52174,20.019901,26.922537
Oman,OMN,1976,1.25,18.695652,31.845776,27.048584
Oman,OMN,1977,1.0,21.73913,80.23804,27.222216
Oman,OMN,1978,0.9135001,12.086957,43.327324,27.08869
Oman,OMN,1979,0.97740006,54.608696,37.232044,27.483267
Oman,OMN,1980,0.90470004,46.130436,12.504421,28.009056
Oman,OMN,1981,1.0652,41.695652,19.824833,27.649683
Oman,OMN,1982,1.7542,72.86957,98.26605,27.279673
Oman,OMN,1983,1.7542,51.296295,177.41962,26.83706
Oman,OMN,1984,1.7542,34.074074,7.0038333,27.333277
Oman,OMN,1985,1.0377,101.655174,15.055587,27.625467
Oman,OMN,1986,1.9234002,59.0,35.106777,27.424713
Oman,OMN,1987,1.9128002,59.969696,38.682777,27.63176
Oman,OMN,1988,1.9524001,160.9697,53.998203,27.763832
Oman,OMN,1989,2.0705001,151.94286,67.73577,27.139124
Oman,OMN,1990,2.1597002,270.82858,49.062717,28.007662
Oman,OMN,1991,5.2515,232.77142,20.17225,27.541672
Oman,OMN,1992,5.2777004,228.57143,102.81081,26.828428
Oman,OMN,1993,5.2549,310.34482,17.87837,27.622208
Oman,OMN,1994,5.2123,262.06897,21.46087,27.909372
Oman,OMN,1995,5.1564,278.57144,115.48248,27.7438
Oman,OMN,1996,5.1481004,239.53572,84.8342,27.35488
Oman,OMN,1997,5.1282005,187.24138,141.32932,27.799257
Oman,OMN,1998,5.2310004,263.03226,36.844604,28.41044
Oman,OMN,1999,5.1815004,236.25807,27.835245,28.054651
Oman,OMN,2000,5.1543,185.67741,11.595032,27.733374
Oman,OMN,2001,5.1009,335.6129,7.593719,27.766794
Oman,OMN,2002,5.096,388.19354,36.01568,27.718155
Oman,OMN,2003,5.0668,205.16129,35.511726,27.95134
Oman,OMN,2004,4.8324003,492.34482,31.664276,27.810259
Oman,OMN,2005,5.0191,597.75,31.821198,27.847094
Oman,OMN,2006,4.8528,795.2692,47.99621,27.81804
Oman,OMN,2007,4.8683,602.1429,79.40396,28.100977
Oman,OMN,2008,4.7748,808.6667,22.376638,27.41809
Oman,OMN,2009,12.1796,432.27026,29.211802,28.214758
Oman,OMN,2010,9.832401,542.27405,47.665913,28.29241
Oman,OMN,2011,9.423901,440.3794,80.42954,27.94164
Oman,OMN,2012,9.4807005,525.3116,22.556774,28.044634
Oman,OMN,2013,9.0473,491.72415,44.123436,27.60324
Oman,OMN,2014,7.7502007,497.28,25.193722,27.757212
Oman,OMN,2015,13.982301,396.97086,28.078085,28.37046
Oman,OMN,2016,12.928201,457.11993,37.37583,28.05504
Oman,OMN,2017,11.339201,332.684,22.729715,28.202316
Oman,OMN,2018,12.3446,320.92355,77.457115,28.28158
Oman,OMN,2019,12.375701,479.19385,48.6548,28.236221
Oman,OMN,2020,15.341001,424.98395,95.67327,27.939692
Oman,OMN,2021,25.977802,380.13663,28.023525,28.226221
Oman,OMN,2022,35.1572,344.51035,77.85384,28.092352
Oman,OMN,2023,29.147001,301.45758,39.81254,28.560402
Pakistan,PAK,1961,0.8564001,1.3786461,512.39856,19.263002
Pakistan,PAK,1962,0.85800004,1.3479961,381.22934,19.387236
Pakistan,PAK,1963,0.87770003,2.2209568,307.5425,20.314215
Pakistan,PAK,1964,0.88650006,2.73,444.65607,19.338003
Pakistan,PAK,1965,0.8866,2.1972256,327.0602,20.01174
Pakistan,PAK,1966,0.84000003,3.466646,358.68768,19.887115
Pakistan,PAK,1967,0.9042001,5.893841,529.0656,19.408283
Pakistan,PAK,1968,1.1316,7.642893,343.5672,19.516466
Pakistan,PAK,1969,1.192,10.075671,352.4019,20.15898
Pakistan,PAK,1970,1.2297,9.224951,375.5381,20.257544
Pakistan,PAK,1971,1.1966001,12.59723,329.52426,20.221262
Pakistan,PAK,1972,1.2841,14.382334,411.82373,19.2975
Pakistan,PAK,1973,1.3258001,12.902275,470.90173,19.9155
Pakistan,PAK,1974,1.3139001,13.937111,293.00833,19.641495
Pakistan,PAK,1975,1.3914001,17.982176,486.1684,19.306587
Pakistan,PAK,1976,1.4607,20.725542,528.27075,19.501635
Pakistan,PAK,1977,1.4703001,23.40731,438.5513,20.357422
Pakistan,PAK,1978,1.4292,28.24398,473.38538,19.871475
Pakistan,PAK,1979,1.5403001,31.771595,450.2803,19.722225
Pakistan,PAK,1980,1.6131,33.625164,438.0656,20.436275
Pakistan,PAK,1981,1.6702,34.654877,465.13965,20.16669
Pakistan,PAK,1982,1.6373001,37.547253,508.64795,19.3341
Pakistan,PAK,1983,1.6753001,38.79826,520.55695,19.35169
Pakistan,PAK,1984,1.5449001,39.022236,433.38754,19.83306
Pakistan,PAK,1985,1.6019001,47.654335,416.51077,20.214445
Pakistan,PAK,1986,1.8333001,59.23026,461.10522,19.562464
Pakistan,PAK,1987,1.6282,55.0464,375.78647,20.442936
Pakistan,PAK,1988,1.7024001,58.134758,451.5556,20.896894
Pakistan,PAK,1989,1.7797,62.15472,418.931,19.56396
Pakistan,PAK,1990,1.7664001,63.626858,473.96503,20.37097
Pakistan,PAK,1991,1.8058001,63.20473,413.793,19.674059
Pakistan,PAK,1992,1.8847001,71.788605,584.0805,19.454803
Pakistan,PAK,1993,1.9595001,71.014885,387.0359,20.361988
Pakistan,PAK,1994,1.8409001,72.1842,604.3479,19.814047
Pakistan,PAK,1995,2.0504,82.57137,509.54068,19.797316
Pakistan,PAK,1996,2.0463002,78.98458,439.48096,19.80142
Pakistan,PAK,1997,2.0442,85.67442,518.6029,19.304743
Pakistan,PAK,1998,2.2003002,82.842285,427.42276,20.539999
Pakistan,PAK,1999,2.2178001,91.063965,377.70474,20.612598
Pakistan,PAK,2000,2.4045,95.44137,272.09995,20.598352
Pakistan,PAK,2001,2.2305002,94.071884,349.35284,20.768238
Pakistan,PAK,2002,2.2602,97.78475,289.3967,21.01112
Pakistan,PAK,2003,2.3206003,100.970184,448.61887,20.357298
Pakistan,PAK,2004,2.4307,110.77895,331.17023,21.133383
Pakistan,PAK,2005,2.6158001,123.48346,434.89044,19.933496
Pakistan,PAK,2006,2.5540001,125.73025,497.20908,21.03115
Pakistan,PAK,2007,2.7439,118.42349,466.21616,20.590502
Pakistan,PAK,2008,2.6537,119.15465,444.56256,20.391516
Pakistan,PAK,2009,2.7897,144.32742,358.6369,20.729372
Pakistan,PAK,2010,2.611,138.30473,491.0645,20.97791
Pakistan,PAK,2011,2.9534001,128.52269,490.3696,20.563166
Pakistan,PAK,2012,2.8626003,117.362366,410.9744,19.983562
Pakistan,PAK,2013,3.0013,135.70259,448.23828,20.46558
Pakistan,PAK,2014,3.0012002,134.85414,376.4049,20.147833
Pakistan,PAK,2015,2.9424,137.47157,495.3083,20.441286
Pakistan,PAK,2016,3.0207,144.56296,365.14514,21.315624
Pakistan,PAK,2017,3.1804001,152.47894,403.37155,21.083208
Pakistan,PAK,2018,3.1490002,152.72362,293.34146,21.191946
Pakistan,PAK,2019,3.1606002,152.3853,506.46393,20.378199
Pakistan,PAK,2020,3.3534,155.1509,501.10837,20.33979
Pakistan,PAK,2021,3.4894001,161.93019,289.48352,21.107231
Pakistan,PAK,2022,3.463,146.9169,565.14996,21.193624
Pakistan,PAK,2023,3.6256003,160.2576,390.49515,20.83947
Palestine,PSE,2002,2.2967,212.17596,420.44354,20.460176
Palestine,PSE,2003,2.0536003,173.34534,381.07065,20.22862
Palestine,PSE,2004,1.9303001,175.35028,308.57074,20.124887
Palestine,PSE,2005,2.0941002,178.14546,296.61023,19.886652
Palestine,PSE,2006,1.7124001,184.71013,290.6518,19.77092
Palestine,PSE,2007,1.7495,184.98177,288.41296,20.216505
Palestine,PSE,2008,1.2408001,161.25374,254.23851,20.495312
Palestine,PSE,2009,1.2142,172.08084,296.30936,20.64254
Palestine,PSE,2010,1.8608001,149.40503,242.42468,21.997032
Palestine,PSE,2011,1.5806,162.8071,359.08185,20.035154
Palestine,PSE,2012,1.9558002,182.06834,378.58514,20.682047
Palestine,PSE,2013,2.1827002,165.85213,314.45898,20.477646
Palestine,PSE,2014,2.1831002,160.22067,269.65195,20.553381
Palestine,PSE,2015,2.1105,181.40791,352.06073,20.51961
Palestine,PSE,2016,2.4491003,230.75,306.39642,21.000608
Palestine,PSE,2017,2.1871002,215.87024,197.19237,20.691938
Palestine,PSE,2018,2.2794,205.22777,462.927,21.511217
Palestine,PSE,2019,2.1706002,234.67317,382.47015,20.739998
Palestine,PSE,2020,2.2229,262.99942,416.9798,21.046179
Palestine,PSE,2021,2.9229,216.10979,239.79932,21.364641
Palestine,PSE,2022,2.5215,199.52267,266.6956,20.676638
Panama,PAN,1961,0.95150006,11.415525,2346.4844,24.641375
Panama,PAN,1962,0.99390006,22.83105,2961.39,24.053217
Panama,PAN,1963,0.9473,22.83105,3122.0288,24.163813
Panama,PAN,1964,0.95470005,25.114155,2806.2815,24.126822
Panama,PAN,1965,0.98890007,18.264841,3097.546,24.253532
Panama,PAN,1966,0.93570006,22.83105,3289.0544,24.411934
Panama,PAN,1967,0.9897001,18.43318,3173.9407,24.180725
Panama,PAN,1968,1.0781001,39.170506,3055.2712,24.256842
Panama,PAN,1969,1.1076,44.675926,3420.0842,24.791552
Panama,PAN,1970,1.1868001,48.61111,4328.8643,24.366552
Panama,PAN,1971,1.1988001,54.453705,3841.2249,23.97825
Panama,PAN,1972,0.9922001,60.40278,3119.2334,24.62149
Panama,PAN,1973,1.2542,51.62963,4280.405,24.570166
Panama,PAN,1974,1.2664001,64.01617,3445.8093,24.296984
Panama,PAN,1975,1.3180001,58.833717,3797.3345,23.972284
Panama,PAN,1976,1.0141001,52.424942,3162.9817,24.222918
Panama,PAN,1977,1.3794001,52.304146,2877.7603,24.681402
Panama,PAN,1978,1.3528001,52.99539,3476.7605,24.25151
Panama,PAN,1979,1.4089001,68.6636,3401.62,24.375221
Panama,PAN,1980,1.5389001,70.344826,2908.178,24.73857
Panama,PAN,1981,1.6256001,68.63636,3675.3198,24.547571
Panama,PAN,1982,1.4488001,60.666668,2821.968,24.484482
Panama,PAN,1983,1.5396,50.76923,2935.055,24.843431
Panama,PAN,1984,1.5151,61.304348,3286.8203,23.879725
Panama,PAN,1985,1.6231,55.268818,2922.975,23.980919
Panama,PAN,1986,1.6348001,75.106384,2731.0955,24.294859
Panama,PAN,1987,1.7757001,79.57895,3232.3672,24.927225
Panama,PAN,1988,1.7387,80.208336,3453.185,24.38826
Panama,PAN,1989,1.9034001,67.94694,2925.358,24.174318
Panama,PAN,1990,1.8667,77.47896,3009.5046,24.541204
Panama,PAN,1991,1.8173001,51.400803,2912.181,24.52645
Panama,PAN,1992,1.7720001,70.988,2754.011,24.597506
Panama,PAN,1993,1.8989002,64.362,2972.1067,24.523832
Panama,PAN,1994,1.9433001,59.9,3014.6538,24.488222
Panama,PAN,1995,1.9569001,55.4,3485.275,24.490173
Panama,PAN,1996,2.0299,88.6,3341.753,24.248388
Panama,PAN,1997,1.8376001,71.34706,2557.479,24.92941
Panama,PAN,1998,2.2475002,76.684616,3344.8396,25.11886
Panama,PAN,1999,2.3555002,64.1566,3857.7766,24.030699
Panama,PAN,2000,2.237,56.903286,3199.2354,24.198938
Panama,PAN,2001,2.5425,53.28467,3007.0757,24.47817
Panama,PAN,2002,2.591,40.403286,2841.2666,24.907095
Panama,PAN,2003,2.6946003,51.156933,3317.0156,24.830284
Panama,PAN,2004,2.1590002,42.160583,3154.4941,25.034994
Panama,PAN,2005,2.4839,34.41971,3413.7585,25.080416
Panama,PAN,2006,2.3955002,38.396297,3209.3408,24.961725
Panama,PAN,2007,2.5995002,34.08889,3671.682,24.956034
Panama,PAN,2008,2.6943002,35.809258,3529.155,24.647247
Panama,PAN,2009,2.5964,47.546295,3185.2266,25.140205
Panama,PAN,2010,2.246,63.75925,4076.089,25.228498
Panama,PAN,2011,2.5601003,37.431858,3717.9695,24.82193
Panama,PAN,2012,2.5398002,76.73097,3146.474,25.036657
Panama,PAN,2013,2.8268,88.63363,2954.6362,25.153376
Panama,PAN,2014,2.9832,58.99115,3050.1265,25.322615
Panama,PAN,2015,2.4375,73.460175,2954.4268,25.709236
Panama,PAN,2016,2.9925,45.699116,3213.8691,25.492975
Panama,PAN,2017,2.9557002,58.683186,3110.6804,25.25416
Panama,PAN,2018,3.2275002,68.39292,3024.3516,25.031015
Panama,PAN,2019,3.3012002,63.941593,2632.9006,25.385956
Panama,PAN,2020,3.3785002,99.561066,3159.8489,25.281248
Panama,PAN,2021,3.5159001,123.90974,3312.5808,24.94992
Panama,PAN,2022,4.3778,59.19115,3545.2334,24.78441
Panama,PAN,2023,4.4768,112.57876,2821.0256,25.604378
Papua New Guinea,PNG,1961,2.8073,1.3333334,3678.6775,22.446394
Papua New Guinea,PNG,1962,2.5975,1.3333334,3752.6365,22.64975
Papua New Guinea,PNG,1963,2.5387,1.3333334,3171.5627,22.564833
Papua New Guinea,PNG,1964,2.0742002,1.3333334,3427.879,22.665262
Papua New Guinea,PNG,1965,2.4751003,1.3333334,3377.1614,22.237837
Papua New Guinea,PNG,1966,2.1036003,6.25,3856.8076,22.455475
Papua New Guinea,PNG,1967,2.0588002,8.235294,4152.382,22.30597
Papua New Guinea,PNG,1968,2.003,10.588235,3617.2278,22.571945
Papua New Guinea,PNG,1969,1.6686001,20.879122,4001.7642,22.671494
Papua New Guinea,PNG,1970,2.0088,19.607843,4002.7178,22.813086
Papua New Guinea,PNG,1971,2.4333003,37.037037,3831.582,22.623308
Papua New Guinea,PNG,1972,2.1506002,35.08772,3238.3035,22.63311
Papua New Guinea,PNG,1973,2.562,51.666668,3808.4067,22.978052
Papua New Guinea,PNG,1974,2.2580001,57.93651,3403.6086,22.62439
Papua New Guinea,PNG,1975,1.8875,41.666668,4050.7373,22.595522
Papua New Guinea,PNG,1976,1.6061001,50.0,3639.4358,22.5791
Papua New Guinea,PNG,1977,1.2688001,59.72222,4088.9456,22.830938
Papua New Guinea,PNG,1978,1.5352,60.625,3907.5437,23.107645
Papua New Guinea,PNG,1979,2.1003,33.333332,3590.259,23.08306
Papua New Guinea,PNG,1980,2.3644,32.33533,3647.1484,23.063622
Papua New Guinea,PNG,1981,1.7974001,69.91279,3807.6362,23.135057
Papua New Guinea,PNG,1982,1.3022,32.0,3130.5334,22.844168
Papua New Guinea,PNG,1983,2.0234,37.988827,3802.5806,23.286552
Papua New Guinea,PNG,1984,1.9260001,37.755554,3737.06,22.949738
Papua New Guinea,PNG,1985,2.088,46.994537,3950.376,22.89257
Papua New Guinea,PNG,1986,2.0101001,65.4054,3506.0276,23.071556
Papua New Guinea,PNG,1987,1.5021,79.03226,3442.2354,23.173325
Papua New Guinea,PNG,1988,1.8239001,74.46809,3821.4373,23.407892
Papua New Guinea,PNG,1989,2.1605,81.57895,3787.717,23.164179
Papua New Guinea,PNG,1990,2.6027,64.0625,3859.7131,23.217474
Papua New Guinea,PNG,1991,2.3893,55.729168,3583.054,23.141144
Papua New Guinea,PNG,1992,2.6560001,66.666664,3496.3691,23.085127
Papua New Guinea,PNG,1993,2.68,67.35751,3390.0254,23.056908
Papua New Guinea,PNG,1994,2.8639,67.35751,3625.2246,23.048325
Papua New Guinea,PNG,1995,2.9838002,67.01031,4126.867,23.357748
Papua New Guinea,PNG,1996,3.4293003,66.666664,3816.1292,23.453192
Papua New Guinea,PNG,1997,4.0851,66.49746,2787.8438,23.156479
Papua New Guinea,PNG,1998,3.8879,41.20603,4028.5552,23.851723
Papua New Guinea,PNG,1999,3.9815001,45.81281,3690.3867,23.403673
Papua New Guinea,PNG,2000,4.0242,57.07317,3868.7263,23.430046
Papua New Guinea,PNG,2001,4.2000003,56.190475,3836.5225,23.451118
Papua New Guinea,PNG,2002,4.0049,31.163637,3336.358,23.455801
Papua New Guinea,PNG,2003,3.5992,37.86222,3803.6755,23.442057
Papua New Guinea,PNG,2004,3.6204002,76.82609,3531.9973,23.320028
Papua New Guinea,PNG,2005,3.7410002,71.40833,3995.5315,23.491606
Papua New Guinea,PNG,2006,3.7167,57.062016,4041.6597,23.453512
Papua New Guinea,PNG,2007,3.8868003,72.09886,4078.7449,23.535856
Papua New Guinea,PNG,2008,3.9676003,71.901695,4026.7134,23.360346
Papua New Guinea,PNG,2009,4.1877003,103.85333,4029.4868,23.427217
Papua New Guinea,PNG,2010,4.3439,109.48333,4003.01,23.863405
Papua New Guinea,PNG,2011,4.7893,85.47667,4296.995,23.38447
Papua New Guinea,PNG,2012,4.191,107.47,4341.564,23.482773
Papua New Guinea,PNG,2013,4.6406,98.76667,4505.517,23.625555
Papua New Guinea,PNG,2014,4.7264,103.49841,4339.2017,23.552063
Papua New Guinea,PNG,2015,4.7484,98.09688,3538.3408,23.553873
Papua New Guinea,PNG,2016,4.6429,103.11656,4619.5127,24.001726
Papua New Guinea,PNG,2017,4.853,112.06364,4723.268,23.738274
Papua New Guinea,PNG,2018,4.8054,122.24545,4154.988,23.74292
Papua New Guinea,PNG,2019,4.8865004,118.94849,4301.064,23.581266
Papua New Guinea,PNG,2020,4.7776003,108.92727,4621.921,23.97953
Papua New Guinea,PNG,2021,4.7648,108.21212,4314.6807,23.960487
Papua New Guinea,PNG,2022,4.8335004,143.87273,3600.2761,24.158203
Papua New Guinea,PNG,2023,4.8024,123.65758,3988.781,23.942596
Paraguay,PRY,1961,1.2518001,0.85714287,1209.7483,24.350922
Paraguay,PRY,1962,1.309,1.0548524,1191.1469,22.18802
Paraguay,PRY,1963,1.273,1.3717421,1197.3499,24.205063
Paraguay,PRY,1964,1.3091,1.8883048,1128.702,22.893553
Paraguay,PRY,1965,1.3478001,1.9706633,1509.8052,22.710646
Paraguay,PRY,1966,1.1309,2.1384425,1256.1736,23.42588
Paraguay,PRY,1967,1.3298001,2.472188,1561.608,23.766466
Paraguay,PRY,1968,1.0617,2.9813664,1398.8153,23.510256
Paraguay,PRY,1969,1.2356,3.6024845,1336.7782,24.002655
Paraguay,PRY,1970,1.2662001,11.181367,1428.5486,23.722374
Paraguay,PRY,1971,1.2574,5.759006,1598.3502,22.583109
Paraguay,PRY,1972,1.1172,6.352795,1391.1934,23.804056
Paraguay,PRY,1973,1.363,3.818408,1491.9363,23.491945
Paraguay,PRY,1974,1.4145001,1.9108696,1414.2128,22.730505
Paraguay,PRY,1975,1.3733001,1.0923077,1160.9305,23.108818
Paraguay,PRY,1976,1.4109001,0.86206895,1235.3755,22.528404
Paraguay,PRY,1977,1.4189001,0.86614174,1318.0055,23.953821
Paraguay,PRY,1978,1.3413001,2.0143886,1078.3389,24.014702
Paraguay,PRY,1979,1.4957,3.9053333,1546.4647,23.244158
Paraguay,PRY,1980,1.5822,3.9012346,1627.7185,23.236635
Paraguay,PRY,1981,1.5278001,5.3216543,1394.1246,23.325785
Paraguay,PRY,1982,1.4803001,4.2707863,1626.1631,23.340899
Paraguay,PRY,1983,1.5018002,4.945055,1832.9734,22.60399
Paraguay,PRY,1984,1.442,4.9462366,1585.9019,23.336403
Paraguay,PRY,1985,1.7483001,5.932105,1389.844,23.49397
Paraguay,PRY,1986,1.6789001,6.3589745,1642.127,23.801992
Paraguay,PRY,1987,1.9980001,7.5376883,1731.9331,23.19969
Paraguay,PRY,1988,1.9266001,4.031527,1321.4387,23.10182
Paraguay,PRY,1989,1.7659001,9.481159,1633.4224,22.8952
Paraguay,PRY,1990,1.9793001,8.494313,1718.4916,23.212893
Paraguay,PRY,1991,1.6497,9.567907,1437.6302,23.77625
Paraguay,PRY,1992,1.7533002,9.520434,1831.4233,22.695847
Paraguay,PRY,1993,2.0097,9.086957,1369.5945,23.452263
Paraguay,PRY,1994,2.1748002,9.346939,1522.5771,24.314505
Paraguay,PRY,1995,2.0923002,8.846154,1409.0806,23.75728
Paraguay,PRY,1996,2.2275002,12.692307,1691.3716,23.267838
Paraguay,PRY,1997,2.4161003,22.692308,1655.5845,24.152308
Paraguay,PRY,1998,2.0378,25.20421,1768.5137,23.20257
Paraguay,PRY,1999,1.9512,22.185085,1291.161,23.475744
Paraguay,PRY,2000,1.9803002,21.589403,1485.4609,23.431458
Paraguay,PRY,2001,2.1603003,21.513687,1384.6953,24.075994
Paraguay,PRY,2002,2.0904,47.71589,1218.0906,24.598488
Paraguay,PRY,2003,2.3235002,66.26088,1308.3821,24.009804
Paraguay,PRY,2004,2.4618,78.94042,1179.629,23.614983
Paraguay,PRY,2005,2.1679,66.59448,1257.755,23.7397
Paraguay,PRY,2006,2.3438,74.0619,1285.4685,24.38874
Paraguay,PRY,2007,2.6988,96.575035,1267.252,23.790628
Paraguay,PRY,2008,2.6813002,77.4542,1297.0646,23.620264
Paraguay,PRY,2009,2.3574,68.29188,1290.2401,24.119177
Paraguay,PRY,2010,3.4569001,90.4658,1248.7765,23.563597
Paraguay,PRY,2011,3.4818003,109.7353,1269.9791,23.747297
Paraguay,PRY,2012,3.0357,94.176636,1219.718,24.366987
Paraguay,PRY,2013,3.6832001,109.710144,1213.8608,23.791527
Paraguay,PRY,2014,3.2767,125.14841,1529.6476,24.437904
Paraguay,PRY,2015,4.1489,114.28188,1677.643,24.723951
Paraguay,PRY,2016,4.4255004,127.60325,1356.9149,23.441452
Paraguay,PRY,2017,4.4465003,129.1527,1453.002,24.507624
Paraguay,PRY,2018,4.2257004,133.26634,1362.6536,23.713156
Paraguay,PRY,2019,4.6011004,124.40181,1284.984,24.503633
Paraguay,PRY,2020,4.7065,133.43748,941.83765,24.855934
Paraguay,PRY,2021,3.8231003,149.33157,1007.79236,24.115557
Paraguay,PRY,2022,3.5016003,96.70616,1045.1107,24.039297
Paraguay,PRY,2023,4.2687006,137.65227,1140.3507,25.322174
Peru,PER,1961,1.4878001,37.80116,1946.5513,18.159338
Peru,PER,1962,1.516,46.771393,1758.2905,18.045246
Peru,PER,1963,1.3994001,40.512608,1810.356,18.310585
Peru,PER,1964,1.5392001,34.38487,1781.6593,18.100094
Peru,PER,1965,1.5511,33.64038,1879.6234,18.239439
Peru,PER,1966,1.5749002,26.561853,1905.8481,18.316782
Peru,PER,1967,1.6691,32.27535,2086.7107,17.877686
Peru,PER,1968,1.5223001,27.715162,2083.14,17.814518
Peru,PER,1969,1.6291001,33.15197,1997.9261,18.560282
Peru,PER,1970,1.7507,32.955433,2032.0887,18.223234
Peru,PER,1971,1.7502,32.03362,2299.1096,17.70755
Peru,PER,1972,1.6983001,38.7671,2016.4182,18.547422
Peru,PER,1973,1.7119001,30.526972,2276.0999,18.277403
Peru,PER,1974,1.7431,43.720074,2066.2825,17.775099
Peru,PER,1975,1.8425001,31.608988,2252.927,17.681267
Peru,PER,1976,1.9247,38.41275,2009.09,17.936024
Peru,PER,1977,1.9526001,40.828503,2109.8757,18.285334
Peru,PER,1978,1.7962,39.46728,2149.2078,18.18252
Peru,PER,1979,1.8834001,33.379612,1889.9342,18.453123
Peru,PER,1980,1.8182,33.10093,1942.1477,18.48771
Peru,PER,1981,2.135,36.37185,2271.4502,18.20824
Peru,PER,1982,2.17,26.705832,2325.7349,18.42779
Peru,PER,1983,2.0873,21.03099,2173.5522,19.187195
Peru,PER,1984,2.5228002,22.675945,2378.6196,18.011206
Peru,PER,1985,2.3281002,19.688412,2222.6267,17.93067
Peru,PER,1986,2.3000002,46.069843,2392.223,18.027916
Peru,PER,1987,2.5528002,58.832516,2249.3018,18.77546
Peru,PER,1988,2.4808002,56.45798,2205.8503,18.495289
Peru,PER,1989,2.5238001,37.57906,2296.7893,18.142292
Peru,PER,1990,2.6031003,25.665878,2254.2231,18.324066
Peru,PER,1991,2.296,18.210827,2138.4253,18.509136
Peru,PER,1992,2.5002,19.14982,2123.877,18.646507
Peru,PER,1993,2.6962001,32.552807,2395.4558,18.418648
Peru,PER,1994,2.9079,40.54336,2469.7698,18.474485
Peru,PER,1995,2.6414,35.73694,2052.1982,18.814226
Peru,PER,1996,2.8583002,43.441986,2141.8032,18.34867
Peru,PER,1997,2.7655,50.669167,2125.656,19.024513
Peru,PER,1998,2.7504,56.467636,2242.9216,19.36799
Peru,PER,1999,3.1099,56.96079,2132.6055,18.275997
Peru,PER,2000,3.0841002,60.99685,2175.439,18.390787
Peru,PER,2001,3.2413,75.88297,2082.5178,18.421083
Peru,PER,2002,3.3729,74.403145,2103.3376,18.718609
Peru,PER,2003,3.4425,77.05582,2037.1682,18.737223
Peru,PER,2004,3.278,81.02574,1992.915,18.673504
Peru,PER,2005,3.5579002,74.49414,1905.1168,18.941236
Peru,PER,2006,3.5205002,84.50228,2030.7523,18.784288
Peru,PER,2007,3.4856002,100.83842,2065.724,18.675331
Peru,PER,2008,3.8332002,75.093636,2121.5903,18.674208
Peru,PER,2009,3.9190001,97.5067,2289.5515,18.922941
Peru,PER,2010,3.8979,93.13769,1939.4572,19.182795
Peru,PER,2011,3.8980002,104.561874,2144.9683,18.657545
Peru,PER,2012,4.1496005,101.008316,2273.314,18.80135
Peru,PER,2013,4.1013,103.31479,2205.8733,18.791767
Peru,PER,2014,4.017,105.920715,2265.0159,18.904871
Peru,PER,2015,4.2422004,117.15238,2263.44,19.293928
Peru,PER,2016,4.3701005,118.47807,2059.2112,19.416101
Peru,PER,2017,4.2165003,143.59972,2360.0337,19.03269
Peru,PER,2018,4.5308,113.53334,2205.437,18.69678
Peru,PER,2019,4.3697004,141.6623,2363.106,19.032663
Peru,PER,2020,4.5569,141.49506,2012.7318,19.36534
Peru,PER,2021,4.7036004,111.82422,2224.197,19.011148
Peru,PER,2022,4.5866003,103.28343,2002.5952,18.889914
Peru,PER,2023,4.7970004,93.46522,2097.3271,19.673395
Philippines,PHL,1961,0.99630004,14.531932,2051.5813,25.228056
Philippines,PHL,1962,1.0253001,18.096107,2155.2368,25.143097
Philippines,PHL,1963,1.0302,19.135803,1938.8907,25.00666
Philippines,PHL,1964,1.0357,18.22314,2528.1785,24.679855
Philippines,PHL,1965,1.0455,23.485477,2043.5282,24.417511
Philippines,PHL,1966,1.0628,22.1875,1942.8741,24.94943
Philippines,PHL,1967,1.1131,24.811764,1807.5326,24.996048
Philippines,PHL,1968,1.1054001,31.40888,1672.71,25.207504
Philippines,PHL,1969,1.3307,43.225956,1961.7161,25.507353
Philippines,PHL,1970,1.3503001,43.073235,2404.9985,25.518677
Philippines,PHL,1971,1.2722,44.982773,2547.8381,25.010384
Philippines,PHL,1972,1.1639001,41.106384,2303.8591,25.182138
Philippines,PHL,1973,1.1860001,54.429684,2287.1382,25.66271
Philippines,PHL,1974,1.2247,59.41854,2651.1616,25.177408
Philippines,PHL,1975,1.2863001,46.783504,2607.9868,25.26059
Philippines,PHL,1976,1.3538,53.74,2686.9917,25.078758
Philippines,PHL,1977,1.4881,51.098236,2541.062,25.419382
Philippines,PHL,1978,1.5099001,60.53437,2760.269,25.53064
Philippines,PHL,1979,1.5813001,65.82692,2446.055,25.545631
Philippines,PHL,1980,1.6064001,63.886765,2670.1836,25.499353
Philippines,PHL,1981,1.6466,61.22778,2546.269,25.41018
Philippines,PHL,1982,1.8226,65.9542,2411.5898,25.293837
Philippines,PHL,1983,1.6599001,69.10209,2127.4023,25.701357
Philippines,PHL,1984,1.7473001,50.09072,2794.7227,25.316164
Philippines,PHL,1985,1.8410001,53.02374,2647.1345,25.396719
Philippines,PHL,1986,1.9147,72.18519,2616.773,25.443499
Philippines,PHL,1987,1.8473002,89.61716,2130.0217,25.848356
Philippines,PHL,1988,1.8772,92.735664,2713.1357,25.9161
Philippines,PHL,1989,1.9454001,97.76135,2564.7932,25.507391
Philippines,PHL,1990,2.0995002,107.133575,2372.1423,25.7602
Philippines,PHL,1991,2.0423002,81.614365,2059.9243,25.671692
Philippines,PHL,1992,2.1052,92.98988,2010.1736,25.620302
Philippines,PHL,1993,2.2125,105.01207,2434.2002,25.636925
Philippines,PHL,1994,2.2610002,112.50197,2288.1511,25.653831
Philippines,PHL,1995,2.2734,113.22744,2817.4866,25.539337
Philippines,PHL,1996,2.3075001,140.74498,2751.02,25.405573
Philippines,PHL,1997,2.3747,156.0646,2080.732,25.435286
Philippines,PHL,1998,2.2409,122.38248,2304.9587,26.267395
Philippines,PHL,1999,2.4648001,146.26627,3192.0374,25.454285
Philippines,PHL,2000,2.5808,145.91776,3133.918,25.57451
Philippines,PHL,2001,2.6678002,156.78471,2726.5833,25.766855
Philippines,PHL,2002,2.7306,139.34042,2224.6538,25.882072
Philippines,PHL,2003,2.8234,166.99638,2403.454,25.793594
Philippines,PHL,2004,2.9923003,171.75957,2283.5166,25.853403
Philippines,PHL,2005,3.0490003,156.53247,2542.5928,25.95714
Philippines,PHL,2006,3.1808002,143.57924,2647.3447,26.077936
Philippines,PHL,2007,3.3198001,159.30814,2639.249,26.067047
Philippines,PHL,2008,3.3343003,104.97303,3102.207,25.81195
Philippines,PHL,2009,3.2289,121.445274,2979.4634,25.936615
Philippines,PHL,2010,3.2319,151.43547,2549.8733,26.288546
Philippines,PHL,2011,3.3406003,144.86128,3417.3027,25.79185
Philippines,PHL,2012,3.4926002,118.35126,2914.156,26.018835
Philippines,PHL,2013,3.5318003,155.87495,3039.0842,26.106598
Philippines,PHL,2014,3.6374002,157.34348,2962.124,25.940458
Philippines,PHL,2015,3.5561004,139.42343,2333.5708,26.154114
Philippines,PHL,2016,3.5290003,169.62505,2759.972,26.516184
Philippines,PHL,2017,3.6923003,212.59875,3328.346,26.131973
Philippines,PHL,2018,3.6705003,169.00107,2642.907,26.254118
Philippines,PHL,2019,3.7379,195.48425,2309.2795,26.366499
Philippines,PHL,2020,3.7694001,217.11127,2878.288,26.45386
Philippines,PHL,2021,3.8329,232.0254,3117.8364,26.250391
Philippines,PHL,2022,3.8216002,285.42523,3267.4504,26.220407
Philippines,PHL,2023,3.8692002,199.44937,3006.4756,26.44371
Poland,POL,1961,1.7824001,55.989716,664.1422,8.327132
Poland,POL,1962,1.6001,58.020344,768.9849,6.8798256
Poland,POL,1963,1.7173002,62.726437,665.08405,6.845281
Poland,POL,1964,1.6073002,70.48653,664.0028,7.2737117
Poland,POL,1965,1.9001001,84.395996,748.68463,6.672798
Poland,POL,1966,1.8847001,102.47072,859.7879,8.09482
Poland,POL,1967,1.9343002,119.61382,819.43335,8.715986
Poland,POL,1968,2.1219,140.27246,756.6068,7.9492354
Poland,POL,1969,2.1425002,159.98007,604.9306,6.814844
Poland,POL,1970,1.9484001,170.44618,911.87854,7.04862
Poland,POL,1971,2.351,192.80374,714.64496,8.157231
Poland,POL,1972,2.4046001,205.2436,811.6421,7.8024983
Poland,POL,1973,2.6506002,225.87636,738.99567,7.8608804
Poland,POL,1974,2.8409,234.36969,899.1973,8.25372
Poland,POL,1975,2.4870002,248.38313,684.3049,8.888566
Poland,POL,1976,2.6856003,242.91635,696.60645,7.082275
Poland,POL,1977,2.4243002,244.62366,841.1916,7.992806
Poland,POL,1978,2.7426002,242.50996,796.6489,7.0611787
Poland,POL,1979,2.2029,248.06908,736.06433,7.1815705
Poland,POL,1980,2.3368,239.30005,884.56213,6.5170436
Poland,POL,1981,2.4943001,230.54645,891.26276,7.7469106
Poland,POL,1982,2.615,219.05634,581.946,8.306032
Poland,POL,1983,2.7264001,236.56267,719.32965,8.910706
Poland,POL,1984,2.9896002,225.67726,725.816,7.7309546
Poland,POL,1985,2.8935,235.17697,861.6322,6.618904
Poland,POL,1986,3.0391002,243.67067,742.1093,7.3989754
Poland,POL,1987,3.1088002,226.29475,796.17035,6.4702144
Poland,POL,1988,2.9037,236.09651,786.0505,8.252332
Poland,POL,1989,3.2182002,229.64479,663.17706,9.315486
Poland,POL,1990,3.2838001,107.13094,717.8429,9.101743
Poland,POL,1991,3.1908002,70.24374,681.325,7.778481
Poland,POL,1992,2.3990002,83.15547,670.2893,8.63255
Poland,POL,1993,2.753,89.62929,724.0496,7.759276
Poland,POL,1994,2.5661001,99.87056,753.5876,8.85175
Poland,POL,1995,3.0224001,106.34891,737.3097,8.199197
Poland,POL,1996,2.9011002,113.973366,712.4643,6.64682
Poland,POL,1997,2.8541002,121.39083,774.36145,7.929086
Poland,POL,1998,3.071,110.774704,828.90436,8.302781
Poland,POL,1999,2.9594,108.47783,766.82214,8.981088
Poland,POL,2000,2.5348,115.422,758.7787,9.574819
Poland,POL,2001,3.0564,115.88634,861.80676,8.263364
Poland,POL,2002,3.2408001,116.19524,765.51624,9.171774
Poland,POL,2003,2.8654,128.87106,591.3268,8.311205
Poland,POL,2004,3.5376003,129.1356,728.4024,8.340103
Poland,POL,2005,3.2331002,161.93889,685.0575,8.347521
Poland,POL,2006,2.5982,159.33862,684.91656,8.724193
Poland,POL,2007,3.2495,181.17229,809.55554,9.361768
Poland,POL,2008,3.2172,157.71817,741.7253,9.43168
Poland,POL,2009,3.4751003,146.80093,771.7964,8.565871
Poland,POL,2010,3.584,180.47835,946.13513,7.5360465
Poland,POL,2011,3.4304001,169.7423,673.5637,8.910926
Poland,POL,2012,3.7049,177.88559,737.3449,8.502923
Poland,POL,2013,3.8044,179.32729,756.08563,8.516041
Poland,POL,2014,4.268,164.00073,742.04285,9.656051
Poland,POL,2015,3.7278001,174.09755,604.5551,9.815068
Poland,POL,2016,4.0335,189.69092,801.62964,9.239871
Poland,POL,2017,4.1996,190.3915,916.17236,8.973994
Poland,POL,2018,3.3667002,173.07657,627.86115,9.854872
Poland,POL,2019,3.6053002,176.50836,674.64417,10.291849
Poland,POL,2020,4.6917005,155.06726,773.4669,10.01849
Poland,POL,2021,4.5625,156.06102,813.2423,8.62855
Poland,POL,2022,4.8615003,160.6807,740.1759,9.540886
Poland,POL,2023,4.8947005,155.60078,847.80237,10.121558
Portugal,PRT,1961,0.78480005,55.11488,849.20166,15.659579
Portugal,PRT,1962,0.88060004,51.5849,733.1133,14.7946205
Portugal,PRT,1963,0.8286,62.134052,1223.8314,14.53743
Portugal,PRT,1964,0.8143,79.76433,719.77704,14.7680855
Portugal,PRT,1965,0.8557001,66.59936,956.49243,14.655307
Portugal,PRT,1966,0.8044001,53.387615,1096.0759,14.833916
Portugal,PRT,1967,1.0971,71.96456,637.6164,14.466625
Portugal,PRT,1968,1.1364001,73.08633,873.16077,14.843036
Portugal,PRT,1969,0.9534001,81.83192,1040.6703,14.205104
Portugal,PRT,1970,1.0383002,52.24201,780.6128,14.574599
Portugal,PRT,1971,1.3211,54.109444,791.5812,13.931493
Portugal,PRT,1972,1.1485001,93.12992,1063.6449,13.615233
Portugal,PRT,1973,1.1588001,96.34947,719.81274,14.446136
Portugal,PRT,1974,1.1304001,86.58867,732.9604,14.201549
Portugal,PRT,1975,1.1375,99.95915,685.5025,14.166036
Portugal,PRT,1976,1.0824001,101.59721,774.43414,14.38112
Portugal,PRT,1977,0.94290006,110.76046,1002.9828,14.19059
Portugal,PRT,1978,0.89080006,101.80806,950.4775,12.962852
Portugal,PRT,1979,0.9825001,113.34967,1033.453,14.443601
Portugal,PRT,1980,1.2748001,106.88155,607.90924,14.62157
Portugal,PRT,1981,1.0500001,113.66212,725.71533,15.286296
Portugal,PRT,1982,1.2056,106.95358,617.55255,14.779866
Portugal,PRT,1983,1.0780001,93.27699,798.1362,14.746684
Portugal,PRT,1984,1.4918001,90.13733,826.9487,14.401774
Portugal,PRT,1985,1.4373001,100.79233,929.47736,14.986836
Portugal,PRT,1986,1.7715001,112.578354,688.61163,14.54684
Portugal,PRT,1987,1.8046001,116.876045,935.28625,15.485068
Portugal,PRT,1988,1.6420001,123.58372,786.1439,14.898141
Portugal,PRT,1989,2.0180001,115.22288,985.7189,15.860882
Portugal,PRT,1990,1.8777001,118.77133,654.7597,15.477577
Portugal,PRT,1991,2.1621003,111.73668,630.68085,15.107133
Portugal,PRT,1992,1.8054001,106.37363,574.40265,14.859451
Portugal,PRT,1993,2.049,111.60714,808.21375,14.227071
Portugal,PRT,1994,2.4069,112.72727,711.39,15.070151
Portugal,PRT,1995,2.0636003,113.33024,826.3196,16.235958
Portugal,PRT,1996,2.4624,129.0,1040.1143,15.077354
Portugal,PRT,1997,2.1872,125.39851,1056.6395,15.973499
Portugal,PRT,1998,2.7606003,140.11676,648.7426,15.443477
Portugal,PRT,1999,2.795,138.19241,742.0872,14.975254
Portugal,PRT,2000,2.7935002,125.12355,958.09283,15.138916
Portugal,PRT,2001,2.6453001,127.72019,973.2706,15.209259
Portugal,PRT,2002,2.9186003,120.40461,927.5801,15.235944
Portugal,PRT,2003,2.6432002,119.65878,887.9775,15.545012
Portugal,PRT,2004,2.9656003,117.351105,590.2989,15.243787
Portugal,PRT,2005,2.114,127.924255,573.9955,15.255605
Portugal,PRT,2006,3.209,137.0609,926.9827,15.700566
Portugal,PRT,2007,3.4157002,203.40344,575.246,14.915704
Portugal,PRT,2008,3.5897002,155.48882,695.95123,14.833476
Portugal,PRT,2009,3.2899,118.565674,827.8828,15.634194
Portugal,PRT,2010,3.3513002,148.95737,1053.5568,15.341934
Portugal,PRT,2011,4.0884,132.50531,752.56885,15.758588
Portugal,PRT,2012,4.0916004,150.86046,646.73224,14.959487
Portugal,PRT,2013,4.3364,167.58922,882.7163,15.149625
Portugal,PRT,2014,4.4160004,191.0393,1010.2031,15.356788
Portugal,PRT,2015,4.6069,185.72844,572.7501,15.696426
Portugal,PRT,2016,4.4224,187.36243,881.2658,15.590187
Portugal,PRT,2017,4.7597003,182.78978,519.9812,16.10286
Portugal,PRT,2018,4.809,182.32043,886.8836,15.161378
Portugal,PRT,2019,5.1765003,183.53864,703.5349,15.456771
Portugal,PRT,2020,4.8813,181.52155,710.8799,15.979451
Portugal,PRT,2021,5.3797007,184.5463,734.0534,15.456597
Portugal,PRT,2022,5.1374,128.5485,797.2548,16.392927
Portugal,PRT,2023,5.5207005,179.15741,721.09644,16.302755
Puerto Rico,PRI,2002,2.1163,60.691177,859.76654,25.228897
Puerto Rico,PRI,2003,2.1843002,31.552288,1154.6031,25.183386
Puerto Rico,PRI,2004,2.2509,33.682312,1111.5479,25.112885
Puerto Rico,PRI,2005,2.318,36.581028,1528.479,25.378265
Puerto Rico,PRI,2006,2.3854,53.219177,1108.0332,25.415405
Puerto Rico,PRI,2007,2.4423,54.95935,1171.6223,25.448809
Puerto Rico,PRI,2008,2.5048,59.243904,1279.843,24.977364
Puerto Rico,PRI,2009,2.5663002,31.441242,1006.7707,25.388275
Puerto Rico,PRI,2010,2.6281002,58.272358,1389.1224,25.628736
Puerto Rico,PRI,2011,2.6902,47.78203,1483.6266,25.038996
Puerto Rico,PRI,2012,2.7500002,91.83303,1119.7947,25.48208
Puerto Rico,PRI,2013,2.8869,54.7786,1221.3005,25.361742
Puerto Rico,PRI,2014,2.1100001,66.17261,925.57697,25.583237
Puerto Rico,PRI,2015,3.0105002,60.76336,838.63513,25.566673
Puerto Rico,PRI,2016,2.9290001,54.932037,1356.7604,25.546217
Puerto Rico,PRI,2017,3.0156002,55.909092,1455.5612,25.48279
Puerto Rico,PRI,2018,3.0995002,71.15538,983.2719,25.181885
Puerto Rico,PRI,2019,3.1885002,58.54582,947.8781,25.47721
Puerto Rico,PRI,2020,3.2836003,52.131474,1139.5878,25.640997
Puerto Rico,PRI,2021,3.3793,48.9243,909.4184,25.462954
Puerto Rico,PRI,2022,3.308,36.693226,1309.6471,25.26737
Puerto Rico,PRI,2023,3.5660002,36.693226,1059.7195,25.862974
Qatar,QAT,1975,3.7286003,100.0,38.402485,26.193602
Qatar,QAT,1976,3.4308002,150.0,108.08428,25.882566
Qatar,QAT,1977,2.1637,150.0,67.521286,26.637403
Qatar,QAT,1978,2.5691001,414.0,20.325745,26.483337
Qatar,QAT,1979,2.4091003,300.0,124.69621,26.93395
Qatar,QAT,1980,2.6230001,200.0,30.819893,26.879433
Qatar,QAT,1981,2.8378003,168.0,22.71332,26.900015
Qatar,QAT,1982,3.7582002,126.666664,170.37198,25.74574
Qatar,QAT,1983,3.1905003,119.71429,63.267754,25.771566
Qatar,QAT,1984,3.2385,75.25,36.02173,26.406301
Qatar,QAT,1985,3.2197,72.5,27.069473,26.591532
Qatar,QAT,1986,3.2624002,62.5,57.779167,26.691177
Qatar,QAT,1987,3.2543,55.555557,62.77758,26.935392
Qatar,QAT,1988,3.2272,66.666664,77.62425,26.945024
Qatar,QAT,1989,3.0500002,127.77778,73.7175,26.33554
Qatar,QAT,1990,2.8974001,138.0,49.34724,26.84655
Qatar,QAT,1991,2.7812002,166.66667,58.682,26.124458
Qatar,QAT,1992,3.1454,125.0,174.94624,25.701416
Qatar,QAT,1993,3.0483003,153.84616,62.244423,26.612555
Qatar,QAT,1994,3.1698003,461.53845,18.95236,26.996948
Qatar,QAT,1995,3.1880002,461.53845,180.48938,26.545479
Qatar,QAT,1996,3.3778002,90.15385,86.21852,27.192446
Qatar,QAT,1997,3.377,89.61539,151.36864,26.611723
Qatar,QAT,1998,3.3626003,76.92308,65.294174,27.997839
Qatar,QAT,1999,3.7979002,61.53846,37.557198,28.046453
Qatar,QAT,2000,4.0994,38.46154,54.384663,27.41117
Qatar,QAT,2001,4.0467,67.669174,9.008847,27.566246
Qatar,QAT,2002,4.0696,118.97638,43.69317,27.57266
Qatar,QAT,2003,3.7064002,75.757576,53.717056,27.620916
Qatar,QAT,2004,4.1216,81.96722,48.431896,27.563423
Qatar,QAT,2005,3.6492002,83.333336,46.04129,27.283415
Qatar,QAT,2006,3.5474,78.74016,116.95186,27.780027
Qatar,QAT,2007,4.1552005,74.62687,25.962032,27.881378
Qatar,QAT,2008,4.9219003,326.24115,38.231422,27.645975
Qatar,QAT,2009,6.3236003,75.167786,68.94217,27.810692
Qatar,QAT,2010,7.5926003,300.06525,22.480192,28.2982
Qatar,QAT,2011,6.0498,136.81592,59.027332,27.555307
Qatar,QAT,2012,6.0764003,133.65735,35.98926,27.70314
Qatar,QAT,2013,5.7190003,263.1579,75.811806,26.971064
Qatar,QAT,2014,6.4947004,237.83784,51.91517,27.399315
Qatar,QAT,2015,5.8458,124.324326,67.94137,28.19654
Qatar,QAT,2016,4.6927004,202.18579,65.68796,27.606646
Qatar,QAT,2017,4.9964004,189.47368,101.573044,28.069853
Qatar,QAT,2018,8.709401,232.5238,54.46913,28.443434
Qatar,QAT,2019,6.5949,220.14285,110.7788,28.158468
Qatar,QAT,2020,7.1246004,243.04762,38.130367,28.092169
Qatar,QAT,2021,8.4311,240.2381,10.249409,28.534948
Qatar,QAT,2022,11.242001,240.2381,29.238903,28.350832
Qatar,QAT,2023,18.274601,240.2381,81.694725,28.472542
Romania,ROU,1961,1.5098001,33.512634,660.37787,9.63278
Romania,ROU,1962,1.4523001,10.260028,740.1136,9.096215
Romania,ROU,1963,1.5556,19.029737,730.5774,8.834934
Romania,ROU,1964,1.6595001,19.161493,849.8542,8.603296
Romania,ROU,1965,1.8623002,27.144896,801.0997,8.382098
Romania,ROU,1966,2.0379002,34.337044,962.5963,9.977398
Romania,ROU,1967,2.046,44.973976,809.3675,9.296247
Romania,ROU,1968,1.9183002,49.464123,805.977,9.518031
Romania,ROU,1969,1.9538001,55.07113,956.3759,8.50677
Romania,ROU,1970,1.8017,61.06031,1005.5683,9.133204
Romania,ROU,1971,2.3559,65.11102,888.6477,9.144576
Romania,ROU,1972,2.7110002,65.78812,1023.31744,9.269658
Romania,ROU,1973,2.3842,88.4241,796.9825,8.745856
Romania,ROU,1974,2.2954,94.929405,906.4223,9.183858
Romania,ROU,1975,2.4465,122.8416,865.00745,9.685228
Romania,ROU,1976,3.1164,117.2541,844.87256,8.202208
Romania,ROU,1977,2.9508002,115.54034,799.8785,9.300907
Romania,ROU,1978,2.8988001,150.9742,894.74615,8.36242
Romania,ROU,1979,2.9410002,145.76755,940.3131,9.230747
Romania,ROU,1980,2.9939,124.39496,1001.06146,8.10651
Romania,ROU,1981,2.6272001,164.28064,944.28503,9.102376
Romania,ROU,1982,3.3131003,169.60486,774.3741,9.087041
Romania,ROU,1983,2.9185002,166.09451,724.9616,9.540341
Romania,ROU,1984,3.1954,171.6155,883.8787,8.880089
Romania,ROU,1985,3.1026003,155.5333,809.5634,8.040941
Romania,ROU,1986,3.1811001,138.53073,705.3574,9.185927
Romania,ROU,1987,2.821,137.89682,803.63257,8.596099
Romania,ROU,1988,3.2659001,134.0655,891.46826,9.098393
Romania,ROU,1989,3.0493002,145.69676,798.25854,9.862404
Romania,ROU,1990,3.0108001,128.30688,682.5253,10.034991
Romania,ROU,1991,3.1917002,49.135094,921.4277,8.628015
Romania,ROU,1992,2.1283002,59.10014,702.41156,9.431817
Romania,ROU,1993,2.4227002,64.44706,776.1516,8.782339
Romania,ROU,1994,2.7729,40.057823,712.13824,10.622789
Romania,ROU,1995,3.0851002,38.920425,900.616,9.243558
Romania,ROU,1996,2.4303002,45.19653,875.4127,8.684355
Romania,ROU,1997,3.5414,33.704258,913.4848,8.69222
Romania,ROU,1998,2.6427002,38.6059,867.19885,9.326367
Romania,ROU,1999,3.1881003,25.396484,926.43695,10.054397
Romania,ROU,2000,1.9278002,32.43567,610.55286,10.485035
Romania,ROU,2001,3.0294,39.4213,854.40753,9.830983
Romania,ROU,2002,2.5125,34.78274,812.08606,10.2599325
Romania,ROU,2003,2.5349,38.632824,670.85425,9.339414
Romania,ROU,2004,3.9974,42.625237,852.0925,9.559747
Romania,ROU,2005,3.3342001,51.351364,1053.0063,9.18775
Romania,ROU,2006,3.1023002,40.595592,826.7086,9.520551
Romania,ROU,2007,1.6452,44.63585,803.85474,10.906848
Romania,ROU,2008,3.2473001,45.63525,754.95337,10.514328
Romania,ROU,2009,2.8248003,48.49323,750.2779,10.544507
Romania,ROU,2010,3.3297,52.54625,977.2109,9.976394
Romania,ROU,2011,3.9930003,54.134964,587.0176,9.66118
Romania,ROU,2012,2.3641002,49.78086,725.7709,10.446752
Romania,ROU,2013,3.8632002,56.234966,802.9917,10.432534
Romania,ROU,2014,4.0692,51.519596,911.9333,10.60579
Romania,ROU,2015,3.5439,60.686035,731.0306,10.963779
Romania,ROU,2016,3.9713001,59.907482,903.5176,10.435508
Romania,ROU,2017,5.2277,68.06391,758.47894,10.39647
Romania,ROU,2018,5.9972005,83.201126,800.907,10.809936
Romania,ROU,2019,5.4575005,83.599266,702.17004,11.340209
Romania,ROU,2020,3.3986003,87.05093,768.19476,11.079803
Romania,ROU,2021,5.1878,98.31486,820.9482,10.07311
Romania,ROU,2022,3.6341002,90.26355,661.8268,10.909575
Romania,ROU,2023,4.0208,91.56667,790.39636,11.583718
Russia,RUS,1992,1.7432001,41.739895,570.2493,-4.457002
Russia,RUS,1993,1.6358001,29.728727,575.66974,-4.2037215
Russia,RUS,1994,1.4578001,11.75811,597.4859,-4.4470515
Russia,RUS,1995,1.2554001,13.725491,616.2632,-2.7105598
Russia,RUS,1996,1.4273001,12.537294,577.1649,-4.434047
Russia,RUS,1997,1.7882,12.160106,608.60376,-3.96496
Russia,RUS,1998,1.2987,10.021248,598.63464,-4.9005127
Russia,RUS,1999,1.4508001,10.890178,561.5412,-4.4112716
Russia,RUS,2000,1.5614,11.417177,574.57587,-4.1865335
Russia,RUS,2001,1.9347,12.93961,584.9839,-4.106173
Russia,RUS,2002,1.9691001,11.492901,581.12115,-3.7214062
Russia,RUS,2003,1.7774001,11.003516,561.7336,-3.3924904
Russia,RUS,2004,1.8765001,11.419776,597.61053,-4.0009956
Russia,RUS,2005,1.8527,11.7926445,568.1528,-3.0093057
Russia,RUS,2006,1.8869001,12.480711,597.5823,-4.2288775
Russia,RUS,2007,1.9898001,14.25313,613.4943,-2.4810045
Russia,RUS,2008,2.3873003,15.882745,608.4926,-2.8187428
Russia,RUS,2009,2.2806003,15.635065,569.428,-4.159845
Russia,RUS,2010,1.8427,15.724503,565.6916,-4.090831
Russia,RUS,2011,2.2603002,16.187227,562.0069,-2.9371166
Russia,RUS,2012,1.8589001,15.433583,573.2943,-3.4329584
Russia,RUS,2013,2.2410002,15.298276,599.9461,-3.2763379
Russia,RUS,2014,2.444,15.9005,572.8457,-3.4577038
Russia,RUS,2015,2.3917,16.662611,589.88837,-2.63531
Russia,RUS,2016,2.6508002,18.687181,569.81085,-2.8143919
Russia,RUS,2017,2.9671001,20.328289,604.66864,-2.6154644
Russia,RUS,2018,2.6156,20.814114,566.32245,-3.1753407
Russia,RUS,2019,2.7132,22.591448,596.6593,-2.574199
Russia,RUS,2020,2.9047,25.327812,589.1168,-1.2760836
Russia,RUS,2021,2.7044,27.502964,587.5226,-3.4620583
Russia,RUS,2022,3.4275002,28.212719,598.16583,-2.5365422
Russia,RUS,2023,3.1509001,28.729008,583.348,-2.585444
Rwanda,RWA,1967,1.0671,0.097087376,1898.048,18.435911
Rwanda,RWA,1968,0.95860004,0.1765835,2080.6646,18.380346
Rwanda,RWA,1969,0.9951,0.4034091,1639.4152,18.733793
Rwanda,RWA,1970,1.1221,0.38314176,1892.6549,18.605421
Rwanda,RWA,1971,1.0744001,0.39285713,1918.54,18.086914
Rwanda,RWA,1972,1.0669001,0.53301126,2235.7087,18.119947
Rwanda,RWA,1973,1.0491,0.54590166,1674.5155,18.604977
Rwanda,RWA,1974,0.93600005,0.69311374,1816.6248,18.104681
Rwanda,RWA,1975,1.0748001,0.40816328,2047.1969,18.043486
Rwanda,RWA,1976,1.0974001,0.4457143,1861.8599,18.138556
Rwanda,RWA,1977,1.1101,0.41958043,1980.7548,18.70471
Rwanda,RWA,1978,1.1145,0.41095892,1934.6422,18.680307
Rwanda,RWA,1979,1.0863001,0.40268457,1705.9352,18.939299
Rwanda,RWA,1980,1.2119001,0.13157895,1655.6498,18.946596
Rwanda,RWA,1981,1.1053001,0.38709676,1864.4694,18.873287
Rwanda,RWA,1982,1.1991,1.2658228,1748.8782,18.999254
Rwanda,RWA,1983,1.1577001,0.8695652,1587.8832,19.28358
Rwanda,RWA,1984,1.0655,1.9512196,1608.9982,18.610533
Rwanda,RWA,1985,1.2263001,1.6928657,1950.4072,18.576696
Rwanda,RWA,1986,1.2438002,1.2386091,1947.9686,18.89445
Rwanda,RWA,1987,1.2829001,2.368171,2000.4563,19.53129
Rwanda,RWA,1988,1.2162,0.6607774,1859.1907,19.10665
Rwanda,RWA,1989,1.1546,0.6917647,1782.0947,18.829756
Rwanda,RWA,1990,1.0426,3.396591,1788.5565,19.18922
Rwanda,RWA,1991,1.2372,1.7988636,1789.6066,18.926346
Rwanda,RWA,1992,0.9511,0.78409094,1601.8295,18.997355
Rwanda,RWA,1993,1.4461,1.6470588,1369.4285,19.18849
Rwanda,RWA,1996,1.263,0.4,1509.1344,18.92119
Rwanda,RWA,1997,1.1291001,0.5,1720.3362,19.242838
Rwanda,RWA,1998,0.97260004,0.36585367,1509.78,19.510347
Rwanda,RWA,1999,0.8248,0.34642032,1299.958,18.83759
Rwanda,RWA,2000,0.84830004,0.3,1206.1014,19.165422
Rwanda,RWA,2001,0.91300005,0.27272728,1592.6613,18.802792
Rwanda,RWA,2002,1.0284001,2.1944444,1493.0857,19.215002
Rwanda,RWA,2003,0.9419001,2.1885612,1209.1548,19.451738
Rwanda,RWA,2004,0.95930004,1.8153435,1347.1187,19.524954
Rwanda,RWA,2005,1.1836001,3.024911,1364.2494,19.70186
Rwanda,RWA,2006,1.1379001,3.4480922,1723.3098,19.348387
Rwanda,RWA,2007,1.0150001,7.8088493,1412.686,19.177584
Rwanda,RWA,2008,1.2665001,9.499117,1320.2275,19.048548
Rwanda,RWA,2009,1.7341001,1.2469776,1516.4086,19.447113
Rwanda,RWA,2010,1.9658002,0.07939189,1507.2682,19.868773
Rwanda,RWA,2011,2.0894,0.09421488,1709.4498,19.115307
Rwanda,RWA,2012,2.1135,4.7238865,1661.534,19.26718
Rwanda,RWA,2013,2.1290002,10.476605,1561.9183,19.59192
Rwanda,RWA,2014,1.4080001,11.266511,1359.7284,19.595312
Rwanda,RWA,2015,1.4288001,17.608696,1534.5707,19.903017
Rwanda,RWA,2016,1.4467,8.771739,1278.5553,20.337816
Rwanda,RWA,2017,1.3871001,17.39488,1302.9767,19.973381
Rwanda,RWA,2018,1.4414,14.925506,1751.9537,19.63307
Rwanda,RWA,2019,1.4432,25.038591,1584.093,20.006605
Rwanda,RWA,2020,1.4736,29.098469,1791.9316,20.225885
Rwanda,RWA,2021,1.519,23.900978,1421.5497,20.030146
Rwanda,RWA,2022,1.5107,29.759037,1627.3127,19.858566
Rwanda,RWA,2023,1.6051,31.834978,1720.1539,20.323133
Saint Vincent and the Grenadines,VCT,1961,4.0,185.0,1553.2246,25.935736
Saint Vincent and the Grenadines,VCT,1962,4.0,191.66667,1511.8046,25.968325
Saint Vincent and the Grenadines,VCT,1963,4.0,201.66667,1429.8801,26.14193
Saint Vincent and the Grenadines,VCT,1964,4.0,208.33333,1383.666,25.91673
Saint Vincent and the Grenadines,VCT,1965,4.0,233.33333,1051.9819,25.897593
Saint Vincent and the Grenadines,VCT,1966,3.5000002,233.33333,1223.3867,26.199312
Saint Vincent and the Grenadines,VCT,1967,3.3600001,283.33334,890.42664,26.005648
Saint Vincent and the Grenadines,VCT,1968,3.44,350.0,890.67365,25.988052
Saint Vincent and the Grenadines,VCT,1969,3.1852002,400.0,905.6511,26.578115
Saint Vincent and the Grenadines,VCT,1970,3.1852002,433.33334,970.26825,26.315046
Saint Vincent and the Grenadines,VCT,1971,3.2593002,433.33334,816.0553,25.883743
Saint Vincent and the Grenadines,VCT,1972,3.1690001,633.3333,973.259,26.031328
Saint Vincent and the Grenadines,VCT,1973,3.1429,800.0,1140.4076,26.11976
Saint Vincent and the Grenadines,VCT,1974,3.1429,840.0,1091.3401,25.654388
Saint Vincent and the Grenadines,VCT,1975,3.2143002,800.0,1207.8085,25.656036
Saint Vincent and the Grenadines,VCT,1976,3.2143002,700.0,1026.4663,25.602503
Saint Vincent and the Grenadines,VCT,1977,3.2143002,780.0,1161.7737,25.974386
Saint Vincent and the Grenadines,VCT,1978,3.3571002,780.0,1052.8536,26.042692
Saint Vincent and the Grenadines,VCT,1979,3.3333,780.0,1194.5286,26.112703
Saint Vincent and the Grenadines,VCT,1980,3.3125002,780.0,1081.7756,26.221436
Saint Vincent and the Grenadines,VCT,1981,3.2353003,780.0,1296.9628,26.294807
Saint Vincent and the Grenadines,VCT,1982,3.3333,975.0,1067.4429,25.87687
Saint Vincent and the Grenadines,VCT,1983,3.3514001,975.0,1149.1089,26.219183
Saint Vincent and the Grenadines,VCT,1984,3.3158002,1025.0,1169.2734,25.75737
Saint Vincent and the Grenadines,VCT,1985,3.3000002,1025.0,1166.1672,25.618645
Saint Vincent and the Grenadines,VCT,1986,3.0000002,950.0,1013.4678,25.737017
Saint Vincent and the Grenadines,VCT,1987,3.3333,1114.3695,1122.6559,26.401754
Saint Vincent and the Grenadines,VCT,1988,2.9980001,1151.5151,1425.6001,26.132372
Saint Vincent and the Grenadines,VCT,1989,3.3256001,1034.4828,884.05035,25.813164
Saint Vincent and the Grenadines,VCT,1990,3.5668,746.75323,968.9541,26.100647
Saint Vincent and the Grenadines,VCT,1991,3.3333,774.41077,1022.63257,25.942535
Saint Vincent and the Grenadines,VCT,1992,3.3743002,839.1608,1141.1143,26.09855
Saint Vincent and the Grenadines,VCT,1993,3.4657001,1054.5454,1057.6239,26.175611
Saint Vincent and the Grenadines,VCT,1994,3.5808003,1136.3636,937.1328,25.96173
Saint Vincent and the Grenadines,VCT,1995,3.7581003,1185.7708,1053.4515,26.37085
Saint Vincent and the Grenadines,VCT,1996,3.3333,1239.6694,1138.0901,26.201593
Saint Vincent and the Grenadines,VCT,1997,4.2922006,1298.7013,949.37897,26.305056
Saint Vincent and the Grenadines,VCT,1998,3.3333,1772.7273,1286.746,26.775269
Saint Vincent and the Grenadines,VCT,1999,3.0000002,1866.0287,1112.0596,26.324646
Saint Vincent and the Grenadines,VCT,2000,15.000001,1950.0,1088.6716,26.052567
Saint Vincent and the Grenadines,VCT,2001,14.285701,1950.0,1056.9,26.16494
Saint Vincent and the Grenadines,VCT,2002,14.8571005,95.5,1014.62555,26.35035
Saint Vincent and the Grenadines,VCT,2003,14.825001,47.5,1116.6992,26.41751
Saint Vincent and the Grenadines,VCT,2004,14.444401,50.0,1491.5609,26.422523
Saint Vincent and the Grenadines,VCT,2005,14.4186,53.5,1622.3755,26.82445
Saint Vincent and the Grenadines,VCT,2006,13.571401,72.0,1165.4644,26.540712
Saint Vincent and the Grenadines,VCT,2007,12.181801,68.5,1213.3904,26.524958
Saint Vincent and the Grenadines,VCT,2008,12.727301,80.0,1206.8138,26.251486
Saint Vincent and the Grenadines,VCT,2009,16.75,45.0,996.4819,26.462866
Saint Vincent and the Grenadines,VCT,2010,18.7742,89.5,1661.3407,26.943153
Saint Vincent and the Grenadines,VCT,2011,27.640001,76.0,1597.4836,26.514511
Saint Vincent and the Grenadines,VCT,2012,25.878801,150.0,1231.7562,26.508692
Saint Vincent and the Grenadines,VCT,2013,23.958302,91.5,1173.2903,26.426994
Saint Vincent and the Grenadines,VCT,2014,24.4857,112.5,885.582,26.296068
Saint Vincent and the Grenadines,VCT,2015,24.218801,106.0,781.91565,26.460253
Saint Vincent and the Grenadines,VCT,2016,24.7429,97.5,1180.7537,26.706972
Saint Vincent and the Grenadines,VCT,2017,28.225002,101.5,1375.1278,26.600792
Saint Vincent and the Grenadines,VCT,2018,27.837803,135.0,1044.8894,26.287489
Saint Vincent and the Grenadines,VCT,2019,28.125002,111.0,907.3515,26.57801
Saint Vincent and the Grenadines,VCT,2020,29.241402,99.0,1072.3552,26.706705
Saint Vincent and the Grenadines,VCT,2021,14.472701,92.5,876.6985,26.535927
Saint Vincent and the Grenadines,VCT,2022,14.222201,69.5,1283.5588,26.35118
Saint Vincent and the Grenadines,VCT,2023,14.066701,69.5,1234.4532,26.912659
Sao Tome and Principe,STP,2002,2.1074,23.166666,1389.4243,25.606615
Sao Tome and Principe,STP,2003,2.1311002,16.0,1898.9563,25.872667
Sao Tome and Principe,STP,2004,2.1457,21.5,1161.3484,25.53141
Sao Tome and Principe,STP,2005,2.2239,16.0,1049.7051,25.492094
Sao Tome and Principe,STP,2006,2.4545002,18.833334,1531.4817,25.638288
Sao Tome and Principe,STP,2007,2.3077002,18.333334,2343.5107,25.792944
Sao Tome and Principe,STP,2008,2.1538002,20.166666,1703.1793,25.579935
Sao Tome and Principe,STP,2009,1.5385001,18.0,1674.9105,25.676813
Sao Tome and Principe,STP,2010,1.6152,21.333334,1035.2668,25.646685
Sao Tome and Principe,STP,2011,2.0995002,38.5,1206.2488,25.429712
Sao Tome and Principe,STP,2012,2.0990002,32.75,1748.8889,25.58641
Sao Tome and Principe,STP,2013,2.0960002,33.75,1164.8169,25.45572
Sao Tome and Principe,STP,2014,2.065,36.5,1562.3436,25.409025
Sao Tome and Principe,STP,2015,2.0332,43.5,1181.5653,25.354784
Sao Tome and Principe,STP,2016,2.0125,39.0,1609.8165,25.961449
Sao Tome and Principe,STP,2017,2.0023003,52.25,1362.2522,25.698204
Sao Tome and Principe,STP,2018,2.0024002,49.5,1689.6157,25.769503
Sao Tome and Principe,STP,2019,2.0057,52.5,1481.7682,26.090136
Sao Tome and Principe,STP,2020,2.0035,51.5,1590.5747,26.028402
Sao Tome and Principe,STP,2021,2.0038002,49.25,1550.5171,26.12813
Sao Tome and Principe,STP,2022,2.0043,68.0,1502.7585,25.753847
Sao Tome and Principe,STP,2023,2.0039,68.0,1569.1176,26.105448
Saudi Arabia,SAU,1961,1.3192,3.508772,79.66116,24.061638
Saudi Arabia,SAU,1962,1.317,3.4482758,38.80832,24.7507
Saudi Arabia,SAU,1963,1.3706,3.3898306,91.30675,24.369654
Saudi Arabia,SAU,1964,1.35,4.0833335,88.1294,23.443853
Saudi Arabia,SAU,1965,1.3734001,4.3663936,86.80039,24.021658
Saudi Arabia,SAU,1966,1.3626001,6.6475806,50.17601,24.67042
Saudi Arabia,SAU,1967,1.3612,1.5873016,82.914604,23.553797
Saudi Arabia,SAU,1968,1.1395,2.4031007,79.9056,24.216362
Saudi Arabia,SAU,1969,1.3275001,3.030303,61.33523,24.879038
Saudi Arabia,SAU,1970,1.2773001,3.4558823,38.947163,24.473051
Saudi Arabia,SAU,1971,0.7347,1.7857143,65.094894,23.776335
Saudi Arabia,SAU,1972,0.7142,1.7337931,113.125435,23.9432
Saudi Arabia,SAU,1973,0.56350005,5.628,39.81919,24.697807
Saudi Arabia,SAU,1974,0.73020005,5.13141,88.62927,24.25795
Saudi Arabia,SAU,1975,0.8378,5.740741,95.45585,24.12486
Saudi Arabia,SAU,1976,0.6591,4.232738,65.281334,24.28047
Saudi Arabia,SAU,1977,0.7518,4.6022987,73.02094,24.683897
Saudi Arabia,SAU,1978,0.7446,8.060894,44.178696,24.804491
Saudi Arabia,SAU,1979,0.799,11.907065,58.20592,25.432915
Saudi Arabia,SAU,1980,0.5876,21.674074,47.639084,25.362745
Saudi Arabia,SAU,1981,1.0718001,34.752064,43.723446,25.225027
Saudi Arabia,SAU,1982,1.8649001,47.364323,104.25926,24.132353
Saudi Arabia,SAU,1983,2.7640002,97.79682,82.1676,24.244987
Saudi Arabia,SAU,1984,3.2351003,111.2434,56.45629,24.704424
Saudi Arabia,SAU,1985,3.4711003,134.69804,74.5272,24.976141
Saudi Arabia,SAU,1986,3.8403003,152.3963,81.38746,24.864143
Saudi Arabia,SAU,1987,4.1060004,155.75862,57.48772,25.580011
Saudi Arabia,SAU,1988,4.1272006,148.5246,64.15549,25.315132
Saudi Arabia,SAU,1989,4.0867,152.1875,61.660526,24.718485
Saudi Arabia,SAU,1990,4.2448,144.24779,39.46514,25.342302
Saudi Arabia,SAU,1991,4.2007003,141.93909,59.45505,25.190865
Saudi Arabia,SAU,1992,4.1916003,147.56165,90.923676,23.98353
Saudi Arabia,SAU,1993,4.4624,123.910675,86.75443,25.012442
Saudi Arabia,SAU,1994,4.5465,98.287926,50.77856,25.395735
Saudi Arabia,SAU,1995,3.7844,77.73545,107.57283,25.244051
Saudi Arabia,SAU,1996,3.4295,86.989334,88.32751,25.773115
Saudi Arabia,SAU,1997,3.5628002,88.312164,112.10832,25.115019
Saudi Arabia,SAU,1998,3.5405002,91.02088,71.67528,26.254591
Saudi Arabia,SAU,1999,3.5755002,95.95575,52.72633,26.249052
Saudi Arabia,SAU,2000,3.5164,107.07082,50.758938,25.819365
Saudi Arabia,SAU,2001,3.9320002,106.669136,49.48413,25.997034
Saudi Arabia,SAU,2002,4.0476003,101.85669,66.65195,25.862844
Saudi Arabia,SAU,2003,4.2289,106.78712,56.71382,26.147848
Saudi Arabia,SAU,2004,4.6752005,111.771225,69.19169,25.911322
Saudi Arabia,SAU,2005,4.7532005,94.28451,67.11868,25.939558
Saudi Arabia,SAU,2006,5.0471005,103.06351,70.91446,26.023806
Saudi Arabia,SAU,2007,5.1218,109.968704,39.018166,26.088442
Saudi Arabia,SAU,2008,5.2213,73.31658,50.66251,25.787367
Saudi Arabia,SAU,2009,4.8744,65.27909,49.592587,26.258627
Saudi Arabia,SAU,2010,5.5078,68.86657,39.98843,27.029404
Saudi Arabia,SAU,2011,5.4833,80.89021,46.591984,25.874084
Saudi Arabia,SAU,2012,5.1642003,88.40042,38.5474,26.282028
Saudi Arabia,SAU,2013,5.3598,82.095894,76.162964,25.861328
Saudi Arabia,SAU,2014,5.1928,79.03648,47.289383,26.301743
Saudi Arabia,SAU,2015,5.5828,92.398636,61.07683,26.772348
Saudi Arabia,SAU,2016,5.4409003,91.28784,63.483227,26.555763
Saudi Arabia,SAU,2017,5.6335,86.72078,47.946068,26.861822
Saudi Arabia,SAU,2018,5.6055,87.39112,89.2644,26.890764
Saudi Arabia,SAU,2019,5.2960005,87.62783,67.573616,26.737825
Saudi Arabia,SAU,2020,4.8194003,125.32791,50.02084,26.54984
Saudi Arabia,SAU,2021,4.7275004,117.36328,34.70227,27.167847
Saudi Arabia,SAU,2022,5.0021005,119.32106,51.32987,26.830704
Saudi Arabia,SAU,2023,5.3127003,122.42273,90.83598,26.968378
Senegal,SEN,1961,0.54940003,2.640641,688.1366,27.597816
Senegal,SEN,1962,0.5443,2.654279,624.10535,27.516512
Senegal,SEN,1963,0.5733,3.066271,686.1202,27.733809
Senegal,SEN,1964,0.5883,3.2838774,641.8594,27.435926
Senegal,SEN,1965,0.58870006,4.3751597,634.78125,26.922722
Senegal,SEN,1966,0.5308,6.0386333,645.62115,27.383528
Senegal,SEN,1967,0.6363,8.180075,784.5658,26.991503
Senegal,SEN,1968,0.46120003,3.574831,527.98175,27.317152
Senegal,SEN,1969,0.69900006,2.3941011,848.3568,28.18048
Senegal,SEN,1970,0.47560003,2.5142949,568.4139,28.1959
Senegal,SEN,1971,0.6557,4.200991,617.2766,27.578184
Senegal,SEN,1972,0.3709,4.857231,546.03076,28.101683
Senegal,SEN,1973,0.508,7.038731,510.45908,28.27078
Senegal,SEN,1974,0.74050003,11.625113,555.9748,27.331451
Senegal,SEN,1975,0.70820004,14.242788,630.2564,27.514618
Senegal,SEN,1976,0.70680004,11.996392,580.7661,27.419054
Senegal,SEN,1977,0.50810003,14.955826,454.2583,28.43335
Senegal,SEN,1978,0.83320004,11.303234,635.6233,28.081442
Senegal,SEN,1979,0.6168,9.288918,621.48975,28.488478
Senegal,SEN,1980,0.54740006,6.215956,545.59186,28.556574
Senegal,SEN,1981,0.90470004,7.7884617,538.3519,28.470282
Senegal,SEN,1982,0.6843,5.901219,481.43448,27.843912
Senegal,SEN,1983,0.5733,5.969191,391.2395,29.043686
Senegal,SEN,1984,0.6121,5.780347,471.09677,28.366272
Senegal,SEN,1985,0.81990004,6.0128617,599.74994,28.13408
Senegal,SEN,1986,0.76170003,6.1795945,545.29333,27.883436
Senegal,SEN,1987,0.8414001,6.0889177,538.02576,28.749338
Senegal,SEN,1988,0.7121,7.5532603,621.39514,28.28627
Senegal,SEN,1989,0.84730005,3.9948287,654.406,28.28554
Senegal,SEN,1990,0.795,3.8001294,470.50363,28.748169
Senegal,SEN,1991,0.8226,5.5936766,532.68,28.356508
Senegal,SEN,1992,0.7986,5.584757,461.3563,28.303743
Senegal,SEN,1993,0.83650005,7.7871513,516.67487,28.648085
Senegal,SEN,1994,0.7577,8.149779,636.07214,28.129898
Senegal,SEN,1995,0.87200004,5.2648683,588.47253,28.510511
Senegal,SEN,1996,0.75850004,6.71433,533.1685,28.768026
Senegal,SEN,1997,0.7167,7.794418,462.20596,28.87443
Senegal,SEN,1998,0.6678,9.534451,401.33792,29.337652
Senegal,SEN,1999,0.8704001,11.094805,590.4808,28.078375
Senegal,SEN,2000,0.8794001,11.499097,543.4755,28.458311
Senegal,SEN,2001,0.88710004,9.648273,484.60883,28.841043
Senegal,SEN,2002,0.6516,11.794426,387.07462,28.941254
Senegal,SEN,2003,1.0907,10.938608,574.55035,28.564253
Senegal,SEN,2004,0.97450006,12.711751,377.15564,28.64853
Senegal,SEN,2005,1.2011,9.866282,437.7134,28.867674
Senegal,SEN,2006,0.87900007,2.3072586,385.21738,28.643707
Senegal,SEN,2007,0.7225,2.1459649,455.99155,28.782312
Senegal,SEN,2008,1.1742,2.3030386,579.3132,28.636793
Senegal,SEN,2009,1.1346,6.7414365,536.9942,28.46784
Senegal,SEN,2010,1.1965001,8.610221,601.4206,29.250513
Senegal,SEN,2011,0.96690005,6.8275757,421.97443,28.863739
Senegal,SEN,2012,1.2213001,10.524242,577.4626,28.598068
Senegal,SEN,2013,1.1241,12.006061,507.816,28.792677
Senegal,SEN,2014,1.1115,11.384849,371.30582,28.774641
Senegal,SEN,2015,1.3761001,14.218878,541.6381,28.735306
Senegal,SEN,2016,1.3506,19.103601,494.99103,29.115114
Senegal,SEN,2017,1.4762,30.354458,445.92822,29.108385
Senegal,SEN,2018,1.6443001,14.661957,502.05896,28.681894
Senegal,SEN,2019,1.6013001,18.565546,454.47375,28.942606
Senegal,SEN,2020,1.8216001,21.565332,688.11395,29.376009
Senegal,SEN,2021,1.8547001,8.839165,462.96762,29.440964
Senegal,SEN,2022,1.9319001,18.524021,558.169,28.77598
Senegal,SEN,2023,2.0387,8.497128,418.06805,29.397486
Serbia,SRB,2006,4.4552,144.44698,804.9116,10.657701
Serbia,SRB,2007,3.2326002,186.86794,817.54224,11.841615
Serbia,SRB,2008,4.5706005,135.6294,679.8762,11.809605
Serbia,SRB,2009,4.6011004,169.71764,900.20917,11.561192
Serbia,SRB,2010,4.9588,127.864975,958.0782,11.170422
Serbia,SRB,2011,4.7514,144.3493,516.22,10.92408
Serbia,SRB,2012,3.7017002,206.94391,693.40826,11.66217
Serbia,SRB,2013,5.1578,185.48238,733.5094,11.714676
Serbia,SRB,2014,5.9606004,121.351654,1106.9818,11.928191
Serbia,SRB,2015,4.7873,107.41335,718.6482,11.86779
Serbia,SRB,2016,6.1659,139.6759,914.0708,11.469829
Serbia,SRB,2017,3.9679,120.90289,679.54614,11.499221
Serbia,SRB,2018,6.1321006,72.91018,901.28625,11.99258
Serbia,SRB,2019,6.1281004,87.10159,729.9756,12.290044
Serbia,SRB,2020,6.5702004,160.31375,766.6865,11.669056
Serbia,SRB,2021,5.7701006,74.985466,821.3517,11.321812
Serbia,SRB,2022,4.6385,141.39384,733.6148,11.987621
Serbia,SRB,2023,6.1065,137.80138,929.716,12.437577
Sierra Leone,SLE,1961,0.94060004,0.45070422,2643.3162,25.22634
Sierra Leone,SLE,1962,1.2113001,0.44444445,2475.9226,25.081915
Sierra Leone,SLE,1963,1.2209,0.5479452,2745.5554,25.356691
Sierra Leone,SLE,1964,1.3602,0.5405405,2333.0652,25.168497
Sierra Leone,SLE,1965,1.304,1.3333334,2347.544,25.00033
Sierra Leone,SLE,1966,1.3199,1.3210527,2543.8005,25.429825
Sierra Leone,SLE,1967,1.3278002,2.2077923,2866.505,25.093597
Sierra Leone,SLE,1968,1.3188001,2.8205128,3038.9316,25.197695
Sierra Leone,SLE,1969,1.6004001,5.7898736,3119.8604,25.211166
Sierra Leone,SLE,1970,1.3575001,6.305,2742.0095,25.3771
Sierra Leone,SLE,1971,1.2887,2.8049383,2819.8987,25.03034
Sierra Leone,SLE,1972,1.3567001,2.990244,2958.9124,25.367552
Sierra Leone,SLE,1973,1.3465,5.4506025,2486.7412,25.89534
Sierra Leone,SLE,1974,1.3811,2.4047618,2424.3591,25.298645
Sierra Leone,SLE,1975,1.4762,6.8658824,2509.9705,25.305918
Sierra Leone,SLE,1976,1.4271001,2.9651163,2663.8975,24.97735
Sierra Leone,SLE,1977,1.4416001,3.2528737,2577.1853,25.563248
Sierra Leone,SLE,1978,1.4381001,2.5545454,2737.1829,25.309502
Sierra Leone,SLE,1979,1.2384001,6.031461,2864.371,25.667892
Sierra Leone,SLE,1980,1.2511001,3.9822223,3191.433,25.525213
Sierra Leone,SLE,1981,1.2563001,7.2747254,2886.2239,25.411257
Sierra Leone,SLE,1982,1.3095001,0.7826087,2493.4702,25.38906
Sierra Leone,SLE,1983,1.2439001,2.5612903,2348.7126,25.755457
Sierra Leone,SLE,1984,1.536,2.7659574,2452.2544,25.517502
Sierra Leone,SLE,1985,1.2537,7.5789475,2546.924,25.49305
Sierra Leone,SLE,1986,1.4775001,8.333333,2433.8176,25.514647
Sierra Leone,SLE,1987,1.2838001,1.0309278,2494.7935,26.125631
Sierra Leone,SLE,1988,1.2229,1.1069959,2636.7363,25.881989
Sierra Leone,SLE,1989,1.2381,3.2098765,2754.7554,25.696098
Sierra Leone,SLE,1990,1.2017,2.6748972,2531.4849,25.590162
Sierra Leone,SLE,1991,1.2337,1.2345679,2244.7234,25.465044
Sierra Leone,SLE,1992,1.2340001,2.8806584,2602.7798,25.173185
Sierra Leone,SLE,1993,1.1878,6.1728396,2682.628,25.353308
Sierra Leone,SLE,1994,1.1611,6.185567,2497.5808,25.306519
Sierra Leone,SLE,1995,1.195,6.185567,2578.4026,25.608107
Sierra Leone,SLE,1996,1.2533001,6.185567,2578.545,25.54892
Sierra Leone,SLE,1997,1.2056,6.198347,2354.3462,25.65016
Sierra Leone,SLE,1998,1.1116,0.6198347,2339.055,26.089598
Sierra Leone,SLE,1999,1.1189001,0.18595041,2362.1975,25.518404
Sierra Leone,SLE,2000,1.0782,0.30612245,2589.6604,25.368582
Sierra Leone,SLE,2001,0.99820006,0.44019252,2421.6873,25.520864
Sierra Leone,SLE,2002,0.9959001,4.5842123,2542.985,25.734777
Sierra Leone,SLE,2003,1.0118,0.28140086,2696.084,25.793953
Sierra Leone,SLE,2004,1.0003,0.5432174,2558.9568,25.692877
Sierra Leone,SLE,2005,1.1178001,0.6093667,2650.7556,25.64988
Sierra Leone,SLE,2006,1.3476,0.332568,2390.371,25.808975
Sierra Leone,SLE,2007,1.2904,0.9729536,2645.3296,25.782288
Sierra Leone,SLE,2008,1.3509,0.43870196,2445.0017,25.534164
Sierra Leone,SLE,2009,1.6459001,1.3217247,2268.838,25.843412
Sierra Leone,SLE,2010,1.7472,0.6239006,2553.8728,25.812513
Sierra Leone,SLE,2011,1.7511001,0.57181585,2365.2324,25.557707
Sierra Leone,SLE,2012,1.539,3.0231373,2713.1914,25.498138
Sierra Leone,SLE,2013,1.7775,1.9821299,2266.6445,25.775206
Sierra Leone,SLE,2014,1.5197,0.25126263,2472.8904,25.626015
Sierra Leone,SLE,2015,1.3397,0.10669192,2283.6768,25.76394
Sierra Leone,SLE,2016,1.0923,1.844697,2717.1272,26.12066
Sierra Leone,SLE,2017,1.1417,4.546086,2615.5674,26.257975
Sierra Leone,SLE,2018,0.813,2.6647727,2700.8352,26.048353
Sierra Leone,SLE,2019,1.5230001,2.6660354,3006.234,26.37065
Sierra Leone,SLE,2020,1.6300001,2.6660354,2643.4143,26.40154
Sierra Leone,SLE,2021,1.9294001,2.6660354,2654.2778,26.375206
Sierra Leone,SLE,2022,1.8954002,2.6660354,2605.2764,26.216005
Sierra Leone,SLE,2023,1.4461,2.6660354,2556.9802,26.388018
Slovakia,SVK,1993,3.7758002,61.68694,705.1422,7.7050385
Slovakia,SVK,1994,4.3047004,63.456757,804.1685,8.9583845
Slovakia,SVK,1995,4.1164002,69.06166,871.5676,8.141542
Slovakia,SVK,1996,4.0141,76.461044,920.23083,7.186701
Slovakia,SVK,1997,4.3882003,69.29032,863.47925,7.6874423
Slovakia,SVK,1998,4.0549,77.837105,902.8928,8.233367
Slovakia,SVK,1999,3.8574002,57.8603,921.82166,8.449921
Slovakia,SVK,2000,2.7099001,77.307594,828.00366,9.254784
Slovakia,SVK,2001,3.8897002,81.36963,892.2811,8.160993
Slovakia,SVK,2002,3.8997002,83.106384,839.5787,8.880538
Slovakia,SVK,2003,3.1360002,78.94833,611.5205,8.382527
Slovakia,SVK,2004,4.6418,83.66691,888.10925,7.9899426
Slovakia,SVK,2005,4.5118,80.50395,958.83685,7.8370895
Slovakia,SVK,2006,3.9963002,91.78157,798.97015,8.380643
Slovakia,SVK,2007,3.5612001,89.950615,850.3109,9.34982
Slovakia,SVK,2008,5.1753,75.08394,847.3068,9.295309
Slovakia,SVK,2009,4.3315,78.30969,859.2976,8.954541
Slovakia,SVK,2010,3.7373002,85.063934,1181.9973,8.0880785
Slovakia,SVK,2011,5.0090003,95.93732,691.0233,8.747611
Slovakia,SVK,2012,3.8291004,106.91949,771.55994,8.917033
Slovakia,SVK,2013,4.4904003,109.3302,865.3114,8.843922
Slovakia,SVK,2014,6.0387006,116.47881,961.0082,9.992738
Slovakia,SVK,2015,5.0796003,112.99111,735.6146,9.622748
Slovakia,SVK,2016,6.4304004,125.762436,921.4924,9.048446
Slovakia,SVK,2017,4.8560004,121.68727,888.3368,8.815923
Slovakia,SVK,2018,5.4097004,129.30193,758.1788,9.963116
Slovakia,SVK,2019,5.3360004,129.17865,864.6266,9.987138
Slovakia,SVK,2020,6.1298003,129.81204,976.17065,9.500337
Slovakia,SVK,2021,5.9768,134.49397,828.6315,8.627231
Slovakia,SVK,2022,4.7545004,118.9025,724.30695,9.690214
Slovakia,SVK,2023,6.2011003,106.32135,1043.3776,10.01825
Slovenia,SVN,1992,3.2301002,316.775,1247.1051,10.07525
Slovenia,SVN,1993,3.7651002,272.635,1218.1729,9.537625
Slovenia,SVN,1994,5.024,432.98468,1207.5143,10.837026
Slovenia,SVN,1995,4.9983,376.02042,1405.3,9.675891
Slovenia,SVN,1996,4.8579,331.4136,1422.1198,8.518407
Slovenia,SVN,1997,5.6323,427.62427,1212.0245,9.599592
Slovenia,SVN,1998,5.7931004,445.2907,1342.1002,9.811528
Slovenia,SVN,1999,5.1864,459.61404,1387.0117,9.656596
Slovenia,SVN,2000,4.8031,436.71677,1314.9244,10.674691
Slovenia,SVN,2001,4.7345004,418.8844,1245.3917,10.073089
Slovenia,SVN,2002,6.1179004,403.4762,1347.7225,10.605411
Slovenia,SVN,2003,4.0115004,400.28903,990.2184,10.149584
Slovenia,SVN,2004,5.8262005,358.69885,1429.0646,9.446875
Slovenia,SVN,2005,6.0069003,329.55115,1227.2949,9.098339
Slovenia,SVN,2006,5.116,322.0056,1172.7555,9.9697695
Slovenia,SVN,2007,5.3413,324.52573,1214.3741,10.739346
Slovenia,SVN,2008,5.4747005,279.843,1442.2903,10.468634
Slovenia,SVN,2009,5.2683,233.83446,1357.3389,10.461566
Slovenia,SVN,2010,5.9810004,266.56915,1541.1807,9.482748
Slovenia,SVN,2011,6.3738003,256.50665,909.1686,10.519015
Slovenia,SVN,2012,5.7619,250.38106,1277.4371,10.537822
Slovenia,SVN,2013,4.6155005,254.12521,1436.19,10.288484
Slovenia,SVN,2014,6.4725003,263.07867,1763.293,11.316368
Slovenia,SVN,2015,6.2839003,267.46634,1137.7596,10.9132395
Slovenia,SVN,2016,6.4646006,258.4066,1461.5359,10.574104
Slovenia,SVN,2017,5.5400004,256.9565,1428.12,10.593378
Slovenia,SVN,2018,6.0719004,261.75598,1341.0532,11.157569
Slovenia,SVN,2019,6.5031004,258.14978,1463.6095,11.284724
Slovenia,SVN,2020,7.3855004,258.5762,1287.756,10.8327
Slovenia,SVN,2021,6.8648,249.02519,1283.7775,10.226148
Slovenia,SVN,2022,5.5645003,215.85033,1087.601,11.363159
Slovenia,SVN,2023,6.2873,221.02968,1655.6902,11.373855
Solomon Islands,SLB,2002,4.5984,0.8,3953.4363,25.892664
Solomon Islands,SLB,2003,3.2076004,2.625,3449.3948,25.918627
Solomon Islands,SLB,2004,3.1250002,2.8235295,4205.74,25.821081
Solomon Islands,SLB,2005,3.0000002,29.722221,3674.5164,26.074219
Solomon Islands,SLB,2006,3.3505,1.2941177,4369.703,25.912207
Solomon Islands,SLB,2007,3.0011003,17.833334,3867.5999,26.168734
Solomon Islands,SLB,2008,2.5455,13.315789,3738.6538,25.89325
Solomon Islands,SLB,2009,2.2727,1.0,3946.3718,26.16989
Solomon Islands,SLB,2010,2.0915,0.0,3715.6409,26.36042
Solomon Islands,SLB,2011,2.2485,20.3,3448.5093,26.212229
Solomon Islands,SLB,2012,2.1517,67.545456,4213.7817,26.171171
Solomon Islands,SLB,2013,2.039,52.772728,4462.305,26.27191
Solomon Islands,SLB,2014,1.914,18.173914,4124.7036,26.27788
Solomon Islands,SLB,2015,1.8797001,14.956522,4072.8127,26.206972
Solomon Islands,SLB,2016,1.9362,96.78261,4214.0435,26.551107
Solomon Islands,SLB,2017,1.8733002,111.347824,4296.9106,26.425493
Solomon Islands,SLB,2018,1.9050001,137.04347,4450.3906,26.364563
Solomon Islands,SLB,2019,1.9123001,18.347826,4109.2793,26.415764
Solomon Islands,SLB,2020,1.8217001,48.173912,4323.85,26.583036
Solomon Islands,SLB,2021,1.8792,11.086957,4375.5884,26.444763
Solomon Islands,SLB,2022,1.8616,29.47826,3519.8147,26.569296
Solomon Islands,SLB,2023,1.8509,0.0,4689.184,26.524313
Somalia,SOM,1961,0.48940003,0.56116724,399.93182,26.11785
Somalia,SOM,1962,0.48540002,0.55803573,280.27975,25.940691
Somalia,SOM,1963,0.4673,0.554939,428.4393,25.837206
Somalia,SOM,1964,0.4638,1.1037527,255.22717,25.955847
Somalia,SOM,1965,0.46350002,1.6465423,315.6556,25.673826
Somalia,SOM,1966,0.46810004,1.2008734,307.40787,26.059923
Somalia,SOM,1967,0.4673,2.1715527,422.14877,25.77314
Somalia,SOM,1968,0.4718,2.2678187,391.6452,25.562407
Somalia,SOM,1969,0.47590002,3.7593985,201.24455,26.379921
Somalia,SOM,1970,0.49100003,2.7777777,234.86298,26.33969
Somalia,SOM,1971,0.4988,3.8257172,219.20802,25.783447
Somalia,SOM,1972,0.49420002,3.805497,361.85065,26.146349
Somalia,SOM,1973,0.47870004,2.9442692,201.97722,26.198257
Somalia,SOM,1974,0.46850002,3.0366492,190.54794,26.028116
Somalia,SOM,1975,0.47310004,3.7916667,223.76054,26.045477
Somalia,SOM,1977,0.42870003,0.10319918,487.3843,26.077448
Somalia,SOM,1978,0.44700003,0.2053388,327.5674,26.198511
Somalia,SOM,1979,0.42260003,0.102145046,378.73315,26.199598
Somalia,SOM,1980,0.46260002,1.2195122,233.49657,26.464903
Somalia,SOM,1981,0.5306,1.3144591,356.86108,26.095709
Somalia,SOM,1982,0.5326,1.0060362,411.1437,26.285149
Somalia,SOM,1983,0.6436,2.4024024,279.97833,26.618086
Somalia,SOM,1984,0.6438,3.8446214,262.8252,25.882078
Somalia,SOM,1985,0.7469001,0.5946482,322.81036,26.0156
Somalia,SOM,1986,0.92020005,1.6962525,291.37036,26.086517
Somalia,SOM,1987,0.6937,3.6345775,299.2953,26.519638
Somalia,SOM,1988,0.6991,2.1547503,300.71616,26.559454
Somalia,SOM,1989,0.7921,2.6444662,324.7927,26.153574
Somalia,SOM,1990,0.6276,2.6418786,311.43823,26.62297
Somalia,SOM,1996,0.50450003,0.48123196,234.62125,26.218973
Somalia,SOM,1997,0.48110002,0.4793864,645.956,26.126116
Somalia,SOM,1998,0.41960004,0.4793864,236.94896,26.792742
Somalia,SOM,1999,0.5817,0.4793864,230.32823,26.299318
Somalia,SOM,2000,0.73300004,0.4793864,253.57089,26.238237
Somalia,SOM,2001,0.81270003,0.4784689,253.74054,26.441912
Somalia,SOM,2002,0.7698,0.0,324.2734,26.48681
Somalia,SOM,2003,0.688,0.0,275.38684,26.627748
Somalia,SOM,2004,0.5811,0.0,343.20947,26.421919
Somalia,SOM,2005,0.65090007,0.0,239.3118,26.50049
Somalia,SOM,2006,0.49370003,0.0074285716,386.81787,26.508768
Somalia,SOM,2007,0.60580003,0.0,249.29169,26.831697
Somalia,SOM,2008,0.5575,0.0,227.29402,26.304281
Somalia,SOM,2009,0.41640002,0.29951817,241.94167,26.847826
Somalia,SOM,2010,0.5752,0.09470909,231.44112,26.859581
Somalia,SOM,2011,0.45720002,0.03079,303.17792,26.53161
Somalia,SOM,2012,1.19,0.00429,276.59155,26.561913
Somalia,SOM,2013,0.96400005,0.020081818,380.77234,26.429153
Somalia,SOM,2014,0.58290005,0.06100909,233.08833,26.724646
Somalia,SOM,2015,0.5938,0.043136362,363.72556,26.783022
Somalia,SOM,2016,0.5073,0.7356727,202.92184,26.935324
Somalia,SOM,2017,0.5066,1.0910182,225.2316,26.881987
Somalia,SOM,2018,0.7102001,0.8926727,335.6846,26.42257
Somalia,SOM,2019,0.5233,0.8457182,392.67154,26.943993
Somalia,SOM,2020,0.5037,1.8459636,308.03427,27.094904
Somalia,SOM,2021,0.314,1.3415909,162.076,26.781586
Somalia,SOM,2022,0.39600003,0.1291909,142.3076,26.891115
South Africa,ZAF,1961,1.0991,17.910084,594.9513,17.252089
South Africa,ZAF,1962,1.1421,21.580996,561.38007,17.60962
South Africa,ZAF,1963,1.128,24.380165,628.63617,17.212051
South Africa,ZAF,1964,0.9139001,28.304527,474.65814,17.038452
South Africa,ZAF,1965,0.9114001,29.844263,383.45535,17.19414
South Africa,ZAF,1966,1.0104,35.047916,491.59497,17.61632
South Africa,ZAF,1967,1.7256,38.656082,596.5755,17.012205
South Africa,ZAF,1968,1.006,41.449253,429.71878,16.564295
South Africa,ZAF,1969,1.0411,41.58222,482.48615,17.384857
South Africa,ZAF,1970,1.187,45.54512,499.81458,17.521631
South Africa,ZAF,1971,1.4982,50.367226,588.0263,17.074732
South Africa,ZAF,1972,1.5939001,56.78056,523.59814,17.439224
South Africa,ZAF,1973,1.0075,56.73077,599.0199,17.277273
South Africa,ZAF,1974,1.8758001,58.318703,742.0839,16.685701
South Africa,ZAF,1975,1.6244001,62.87323,624.7856,16.743769
South Africa,ZAF,1976,1.3915001,66.102936,712.51184,16.5322
South Africa,ZAF,1977,1.7520001,70.54306,617.6558,17.315931
South Africa,ZAF,1978,1.8762001,74.35869,502.66388,17.16662
South Africa,ZAF,1979,1.6096001,78.29272,498.27725,17.455154
South Africa,ZAF,1980,2.0173001,86.28602,468.26483,17.4918
South Africa,ZAF,1981,2.6803002,99.87735,596.192,16.892508
South Africa,ZAF,1982,1.6598002,91.71186,465.78067,17.577349
South Africa,ZAF,1983,0.9602001,71.07455,469.90793,18.007063
South Africa,ZAF,1984,1.0839001,77.96463,463.57574,17.778183
South Africa,ZAF,1985,1.5759001,70.96876,605.37726,17.885042
South Africa,ZAF,1986,1.5894,66.10342,552.0996,17.843485
South Africa,ZAF,1987,1.6287,56.745895,607.7739,17.920221
South Africa,ZAF,1988,1.6715001,65.620636,715.64233,17.367414
South Africa,ZAF,1989,2.2819,61.720787,606.3325,17.186378
South Africa,ZAF,1990,1.8773001,61.334923,486.8046,17.530655
South Africa,ZAF,1991,1.9861001,57.372093,597.87805,17.510466
South Africa,ZAF,1992,0.94470006,55.6712,377.30457,18.019293
South Africa,ZAF,1993,2.1601002,62.817146,504.76297,18.047754
South Africa,ZAF,1994,2.585,55.918217,427.5926,17.431753
South Africa,ZAF,1995,1.4192001,56.814816,572.94556,17.527405
South Africa,ZAF,1996,2.4902,58.893772,658.6466,16.834806
South Africa,ZAF,1997,2.2718,55.547443,556.81323,17.269653
South Africa,ZAF,1998,2.1817,57.138687,550.27466,17.867947
South Africa,ZAF,1999,2.1914,56.44622,545.23785,18.325838
South Africa,ZAF,2000,2.7659001,53.59832,727.60333,17.236944
South Africa,ZAF,2001,2.4241002,55.717937,660.83093,17.602562
South Africa,ZAF,2002,2.7726002,61.20489,495.42773,17.775019
South Africa,ZAF,2003,2.5368001,55.150074,418.4659,18.10695
South Africa,ZAF,2004,2.7779,60.287594,547.14325,18.036228
South Africa,ZAF,2005,3.3096004,47.331005,506.62524,18.119617
South Africa,ZAF,2006,3.141,62.33643,686.14594,17.44005
South Africa,ZAF,2007,2.7903001,61.021748,453.7892,17.85269
South Africa,ZAF,2008,4.0632,56.2932,470.93863,17.878004
South Africa,ZAF,2009,4.4055004,55.750397,542.1961,17.759348
South Africa,ZAF,2010,4.1504,53.778027,562.09875,18.226
South Africa,ZAF,2011,4.017,60.33408,620.00305,17.32178
South Africa,ZAF,2012,4.2435,61.583332,531.1585,17.709646
South Africa,ZAF,2013,4.043,67.5,470.61734,17.85509
South Africa,ZAF,2014,4.8996005,66.49167,533.0056,17.954245
South Africa,ZAF,2015,3.3484,62.675,365.6211,18.842312
South Africa,ZAF,2016,3.6231003,57.25,451.79883,18.829784
South Africa,ZAF,2017,5.3318,72.825,486.0393,18.28301
South Africa,ZAF,2018,4.6519003,90.0905,411.32565,18.3663
South Africa,ZAF,2019,4.1016,91.79075,398.02875,19.134748
South Africa,ZAF,2020,5.1210003,94.25367,521.36444,18.1822
South Africa,ZAF,2021,5.4938,104.63883,627.26984,17.853508
South Africa,ZAF,2022,5.3104,91.466415,655.4537,18.121668
South Africa,ZAF,2023,5.703,77.186584,507.77887,18.237598
South Korea,KOR,1961,3.1972,155.4914,1328.1332,12.367656
South Korea,KOR,1962,2.7941003,157.65765,1290.464,11.577899
South Korea,KOR,1963,2.9280002,172.06567,1529.6532,10.932678
South Korea,KOR,1964,3.2488003,172.49738,1426.3838,12.162723
South Korea,KOR,1965,3.0367,155.55525,1135.0669,11.213302
South Korea,KOR,1966,3.5370002,193.53864,1085.7228,11.468015
South Korea,KOR,1967,3.2654002,221.53506,1025.1301,11.441913
South Korea,KOR,1968,3.1906002,220.0828,962.61316,11.466922
South Korea,KOR,1969,3.7648003,247.95409,1446.2494,10.886851
South Korea,KOR,1970,3.7200003,261.45007,1206.7653,11.165962
South Korea,KOR,1971,3.8717,280.31866,1234.9816,11.365899
South Korea,KOR,1972,3.8850002,307.84317,1767.889,11.649242
South Korea,KOR,1973,4.0569,361.38138,1027.6904,11.851762
South Korea,KOR,1974,4.0771003,408.8641,1480.8855,10.825896
South Korea,KOR,1975,4.4071,419.9408,1367.1182,12.082119
South Korea,KOR,1976,4.8596005,312.26358,1269.4896,11.178303
South Korea,KOR,1977,5.2397003,356.1345,1095.262,11.930854
South Korea,KOR,1978,5.6676,418.9038,1242.1274,12.341896
South Korea,KOR,1979,5.7279,411.3765,1373.8342,12.096818
South Korea,KOR,1980,4.0559,389.8301,1510.5745,10.711095
South Korea,KOR,1981,5.1734,374.81766,1387.6838,10.970051
South Korea,KOR,1982,5.4166,299.70718,1097.7358,11.966136
South Korea,KOR,1983,5.5291004,353.1496,1292.6945,11.797088
South Korea,KOR,1984,5.7157006,385.77094,1274.0104,11.213821
South Korea,KOR,1985,5.7985,416.52563,1682.9973,11.508914
South Korea,KOR,1986,5.8762007,430.83832,1360.0247,10.96156
South Korea,KOR,1987,5.585,450.62283,1573.1096,11.74313
South Korea,KOR,1988,6.142,461.24185,917.4363,11.680636
South Korea,KOR,1989,6.0860004,494.46106,1553.8003,12.444467
South Korea,KOR,1990,5.853,490.37482,1509.7408,12.677422
South Korea,KOR,1991,5.6390004,481.4219,1429.6904,11.807758
South Korea,KOR,1992,5.9376006,507.745,1155.7133,12.065377
South Korea,KOR,1993,5.3221,519.30664,1480.9797,11.492478
South Korea,KOR,1994,5.8721004,520.3252,852.80585,12.946544
South Korea,KOR,1995,5.7653003,549.0909,998.65375,11.725324
South Korea,KOR,1996,6.4031005,520.8636,1123.1508,11.6249895
South Korea,KOR,1997,6.6029,576.07434,1208.8267,12.239659
South Korea,KOR,1998,6.0307007,507.61124,1638.8986,13.105721
South Korea,KOR,1999,6.3141003,483.27545,1585.3864,12.485329
South Korea,KOR,2000,6.3795004,455.95868,1256.1572,12.111543
South Korea,KOR,2001,6.4656005,424.2765,1040.1588,12.337562
South Korea,KOR,2002,6.0171003,417.97012,1401.8549,12.254482
South Korea,KOR,2003,5.7869,427.04642,1685.1083,12.1394005
South Korea,KOR,2004,6.4270005,453.196,1250.0903,12.936077
South Korea,KOR,2005,6.3023,478.15216,1098.1471,11.921936
South Korea,KOR,2006,6.2999,333.73935,1260.0234,12.5504265
South Korea,KOR,2007,6.0353003,406.24985,1380.5579,12.845943
South Korea,KOR,2008,6.63,304.4805,894.03687,12.598605
South Korea,KOR,2009,6.7453003,338.6107,1112.1461,12.593238
South Korea,KOR,2010,6.2022004,330.28268,1228.1383,12.202672
South Korea,KOR,2011,6.2927003,337.3192,1414.5208,11.934369
South Korea,KOR,2012,6.1358,351.82565,1423.03,11.864064
South Korea,KOR,2013,6.4792004,344.6958,1088.0016,12.430531
South Korea,KOR,2014,6.6180005,345.92276,1084.5774,12.714311
South Korea,KOR,2015,6.8149004,337.8129,970.2384,13.05207
South Korea,KOR,2016,6.7927003,351.14145,1223.2928,13.250423
South Korea,KOR,2017,6.6785,353.4202,917.94226,12.667187
South Korea,KOR,2018,6.6072006,367.32825,1265.7373,12.579263
South Korea,KOR,2019,6.5381002,366.5308,1176.9119,13.095947
South Korea,KOR,2020,6.2115,304.81064,1503.2827,12.853238
South Korea,KOR,2021,6.8255005,281.47803,1231.0989,13.189244
South Korea,KOR,2022,6.6120005,325.43332,1084.1079,12.797882
South Korea,KOR,2023,6.6121006,262.3125,1590.5676,13.501678
South Sudan,SSD,2012,0.7052,0.0003761219,1001.34235,27.624
South Sudan,SSD,2013,0.7656,0.003822009,910.88965,28.055414
South Sudan,SSD,2014,1.2537,0.0066015893,924.0972,27.90977
South Sudan,SSD,2015,0.90730006,0.024430128,806.43536,28.455893
South Sudan,SSD,2016,0.8791,0.034364775,774.4191,28.88774
South Sudan,SSD,2017,0.8852001,0.026344854,833.21796,28.755087
South Sudan,SSD,2018,0.84370005,0.10138941,775.1916,28.4479
South Sudan,SSD,2019,0.8805,0.089781605,1003.28613,28.306015
South Sudan,SSD,2020,0.8855,0.07600117,904.0943,28.050375
South Sudan,SSD,2021,0.8446,0.103562035,726.56464,28.630041
South Sudan,SSD,2022,1.0557,0.08518812,746.49805,28.355751
South Sudan,SSD,2023,0.9828,0.18720624,636.76025,29.23142
Spain,ESP,1961,1.0825001,44.925274,658.43024,13.882575
Spain,ESP,1962,1.2787,46.157707,686.8415,12.934319
Spain,ESP,1963,1.3031,46.058006,843.45026,12.251082
Spain,ESP,1964,1.1785,48.191406,573.29517,13.055221
Spain,ESP,1965,1.2507,49.001564,707.6787,12.675372
Spain,ESP,1966,1.3276,56.88955,749.5451,12.994212
Spain,ESP,1967,1.4806,59.186787,644.07935,13.000087
Spain,ESP,1968,1.5691,68.0283,682.42957,13.321118
Spain,ESP,1969,1.5581001,69.14563,890.10364,12.504777
Spain,ESP,1970,1.3803002,77.501595,638.161,13.170445
Spain,ESP,1971,1.8405001,85.37854,885.63605,12.357413
Spain,ESP,1972,1.6111001,87.10112,991.16406,12.125683
Spain,ESP,1973,1.5951,94.76087,618.0833,12.767495
Spain,ESP,1974,1.7656001,93.79061,650.3274,12.671651
Spain,ESP,1975,1.9743001,88.60622,677.9484,12.684005
Spain,ESP,1976,1.7662001,108.28958,726.8619,12.71328
Spain,ESP,1977,1.9252,90.28906,787.0479,12.908226
Spain,ESP,1978,2.1747,103.55179,646.4602,12.6536
Spain,ESP,1979,1.9078002,108.1626,801.50366,12.997651
Spain,ESP,1980,2.4799001,106.831406,600.00256,12.991203
Spain,ESP,1981,1.5713001,88.46939,607.28046,13.650349
Spain,ESP,1982,1.7643001,95.39762,643.1021,13.607802
Spain,ESP,1983,1.8511001,93.41239,609.72266,13.625206
Spain,ESP,1984,2.7721002,104.71133,720.42834,12.715322
Spain,ESP,1985,2.7622,111.420204,642.7362,13.561063
Spain,ESP,1986,2.1431003,119.15785,630.2098,13.248057
Spain,ESP,1987,2.6268,129.666,751.72925,13.885089
Spain,ESP,1988,3.0179,134.41606,653.4855,13.546429
Spain,ESP,1989,2.4915001,132.29526,770.15265,14.377858
Spain,ESP,1990,2.4827,128.8491,563.13464,14.103427
Spain,ESP,1991,2.4889,123.328224,582.0197,13.355538
Spain,ESP,1992,1.955,103.59831,597.3801,13.279469
Spain,ESP,1993,2.7174,121.32492,605.3707,12.898429
Spain,ESP,1994,2.3483002,130.17696,517.6452,14.2676325
Spain,ESP,1995,1.7297001,133.0509,583.6477,14.727059
Spain,ESP,1996,3.3030002,151.70242,853.15405,13.726632
Spain,ESP,1997,2.7644,147.56038,804.4628,14.646244
Spain,ESP,1998,3.3959,172.97574,549.83405,14.120021
Spain,ESP,1999,2.7052002,172.3214,617.0607,13.961621
Spain,ESP,2000,3.6033003,160.40298,654.10535,14.127366
Spain,ESP,2001,2.8047001,168.08022,646.3903,14.205643
Spain,ESP,2002,3.2220001,164.45178,688.48486,14.258904
Spain,ESP,2003,3.2507,175.27095,743.63617,14.535806
Spain,ESP,2004,3.7501004,165.4026,592.6282,13.9473295
Spain,ESP,2005,2.1593,142.13956,471.72717,13.871554
Spain,ESP,2006,3.0282001,142.32948,658.77356,14.695721
Spain,ESP,2007,3.9339,157.72223,578.0161,13.7379465
Spain,ESP,2008,3.5735002,106.5446,707.2485,13.678969
Spain,ESP,2009,2.9448001,96.92694,644.1302,14.457524
Spain,ESP,2010,3.2915,130.6753,813.1608,13.638169
Spain,ESP,2011,3.6918,122.61646,571.9766,14.71679
Spain,ESP,2012,2.8425002,122.580826,572.57764,14.161458
Spain,ESP,2013,4.0471,143.5965,730.1736,13.79689
Spain,ESP,2014,3.2485,151.35608,707.38086,14.683909
Spain,ESP,2015,3.2431002,151.50153,540.1039,14.811149
Spain,ESP,2016,3.8778002,143.96613,703.53906,14.596124
Spain,ESP,2017,2.7702,155.49521,493.72272,15.049991
Spain,ESP,2018,4.2055,157.69853,828.3597,14.181031
Spain,ESP,2019,3.4455001,157.4759,620.43915,14.583365
Spain,ESP,2020,4.5015,167.14447,675.4119,14.711415
Spain,ESP,2021,4.2274003,157.99121,661.6398,14.289196
Spain,ESP,2022,3.3074,110.602585,638.66437,15.453099
Spain,ESP,2023,2.1909,115.13936,582.89667,15.237419
Sri Lanka,LKA,1961,1.7654,140.4874,1528.5659,25.639696
Sri Lanka,LKA,1962,1.8691001,165.45407,1829.6477,25.68892
Sri Lanka,LKA,1963,1.8484001,114.63131,1993.6667,25.702559
Sri Lanka,LKA,1964,1.917,106.97848,1735.5615,25.758558
Sri Lanka,LKA,1965,1.6816001,121.58512,2188.9875,25.527239
Sri Lanka,LKA,1966,1.7329001,131.85985,1810.524,25.915176
Sri Lanka,LKA,1967,2.0385,128.43182,1936.4989,25.717064
Sri Lanka,LKA,1968,2.2831001,163.2619,1571.3975,25.784538
Sri Lanka,LKA,1969,2.4268003,110.69652,1833.743,26.202202
Sri Lanka,LKA,1970,2.1547,129.75308,1652.4888,26.042336
Sri Lanka,LKA,1971,1.9392,137.62254,1664.6703,25.792498
Sri Lanka,LKA,1972,1.9668001,121.532845,1513.8595,26.226755
Sri Lanka,LKA,1973,1.8435001,134.17874,1534.1692,26.444979
Sri Lanka,LKA,1974,1.8858001,122.18225,1170.1859,26.010717
Sri Lanka,LKA,1975,1.7528001,81.37575,1650.3875,25.900259
Sri Lanka,LKA,1976,1.8121,103.01589,1401.8927,26.227598
Sri Lanka,LKA,1977,2.0228002,115.85176,1726.7202,26.089079
Sri Lanka,LKA,1978,2.1441002,135.92677,1789.4185,26.161568
Sri Lanka,LKA,1979,2.3377001,163.67245,1642.6182,26.690134
Sri Lanka,LKA,1980,2.5011003,193.92632,1309.167,26.60938
Sri Lanka,LKA,1981,2.5479,167.44292,1402.6926,26.268778
Sri Lanka,LKA,1982,2.7553003,182.32544,1463.1935,26.458664
Sri Lanka,LKA,1983,3.0656002,192.82133,1247.8131,26.95806
Sri Lanka,LKA,1984,2.6328,217.1752,2058.0203,25.964058
Sri Lanka,LKA,1985,2.9606001,225.8958,1669.1597,26.243658
Sri Lanka,LKA,1986,2.9905002,223.05312,1464.297,26.430288
Sri Lanka,LKA,1987,2.9974,232.43724,1609.9387,26.70936
Sri Lanka,LKA,1988,2.9171002,235.66226,1601.7692,26.470285
Sri Lanka,LKA,1989,2.8808002,239.24509,1499.503,26.238548
Sri Lanka,LKA,1990,2.9650002,192.44687,1576.222,26.591024
Sri Lanka,LKA,1991,2.9258,198.71481,1438.7238,26.560982
Sri Lanka,LKA,1992,2.9577,205.7551,1349.201,26.32325
Sri Lanka,LKA,1993,3.0242002,240.51988,1753.0481,26.399
Sri Lanka,LKA,1994,2.9020002,245.54414,1843.7473,26.195099
Sri Lanka,LKA,1995,3.0526001,232.16113,1555.5321,26.487938
Sri Lanka,LKA,1996,3.0085,239.69353,1612.891,26.322958
Sri Lanka,LKA,1997,3.1432002,237.3087,1802.119,26.59381
Sri Lanka,LKA,1998,3.4001002,264.62622,1523.6936,27.132978
Sri Lanka,LKA,1999,3.1920002,292.51553,1693.264,26.148201
Sri Lanka,LKA,2000,3.3382,274.28366,1754.5576,26.120674
Sri Lanka,LKA,2001,3.4249,270.97592,1549.1987,26.478102
Sri Lanka,LKA,2002,3.4051003,309.72513,1699.2158,26.553396
Sri Lanka,LKA,2003,3.2826002,259.1842,1605.877,26.585997
Sri Lanka,LKA,2004,3.5637002,287.01,1742.4153,26.561646
Sri Lanka,LKA,2005,3.4672,255.29182,1614.0693,26.79226
Sri Lanka,LKA,2006,3.5798001,291.31525,1894.3612,26.54673
Sri Lanka,LKA,2007,3.7279,288.525,1656.1168,26.466356
Sri Lanka,LKA,2008,3.6167002,311.71167,2063.0562,26.394646
Sri Lanka,LKA,2009,3.7906003,257.92834,1698.9052,26.750494
Sri Lanka,LKA,2010,3.9743001,229.0475,2183.3564,26.701263
Sri Lanka,LKA,2011,3.5208,257.3146,2290.723,26.480883
Sri Lanka,LKA,2012,3.5829,205.85538,1713.1187,26.71019
Sri Lanka,LKA,2013,3.8335001,173.98538,1689.2634,26.546257
Sri Lanka,LKA,2014,3.7996004,261.3146,2236.647,26.59549
Sri Lanka,LKA,2015,3.9433002,190.09538,2198.7021,26.657738
Sri Lanka,LKA,2016,3.8452,126.26336,1360.3676,27.213984
Sri Lanka,LKA,2017,3.0460002,117.39358,1692.4133,26.73906
Sri Lanka,LKA,2018,3.7615001,138.29688,1936.7207,26.36471
Sri Lanka,LKA,2019,4.7236004,190.03876,1689.2632,26.895897
Sri Lanka,LKA,2020,4.7334003,298.9548,1550.4661,26.98958
Sri Lanka,LKA,2021,4.5411005,153.93805,1973.153,26.601694
Sri Lanka,LKA,2022,3.0332,153.93805,1823.2869,26.444466
Sri Lanka,LKA,2023,3.8043003,153.93805,2324.6782,26.876282
Sudan,SDN,2012,0.53940004,3.327834,185.91833,27.28057
Sudan,SDN,2013,0.5941,2.612455,186.59946,27.626434
Sudan,SDN,2014,0.68340003,4.2005916,218.78363,27.498947
Sudan,SDN,2015,0.5721,4.474385,137.39392,27.63485
Sudan,SDN,2016,0.68600005,9.382389,170.96439,27.777794
Sudan,SDN,2017,0.60090005,8.33865,155.55054,27.73221
Sudan,SDN,2018,0.7318,7.1030245,193.85168,27.655907
Sudan,SDN,2019,0.5544,6.469826,254.14426,27.52179
Sudan,SDN,2020,0.59520006,13.847249,191.68684,27.215233
Sudan,SDN,2021,0.51500005,7.1030245,134.85394,27.791231
Sudan,SDN,2022,0.6756,7.101977,153.76509,27.167458
Sudan,SDN,2023,0.45490003,7.1030245,100.677444,28.378096
Suriname,SUR,1961,2.7634,27.607143,1840.8591,24.995728
Suriname,SUR,1962,2.897,30.137932,1973.6935,25.02578
Suriname,SUR,1963,2.7053,36.448277,2002.3491,25.192106
Suriname,SUR,1964,2.8902001,35.6875,1300.0586,25.547958
Suriname,SUR,1965,2.9944,40.03125,925.7864,25.808617
Suriname,SUR,1966,3.3309,43.870968,1078.3376,26.005259
Suriname,SUR,1967,3.5279,56.666668,1638.3162,25.250908
Suriname,SUR,1968,3.2677002,60.0,1832.2598,25.238258
Suriname,SUR,1969,3.4796002,60.0,2170.2788,25.570122
Suriname,SUR,1970,3.7083,71.333336,2391.0024,25.128084
Suriname,SUR,1971,3.3916004,109.72727,1849.3569,24.638746
Suriname,SUR,1972,3.2842002,121.21212,1770.5277,25.347258
Suriname,SUR,1973,3.6406002,130.25714,1894.3279,25.210203
Suriname,SUR,1974,3.6564,141.57143,1855.0566,24.799143
Suriname,SUR,1975,3.6753001,80.0,2107.4712,24.716814
Suriname,SUR,1976,3.5599,121.88571,1675.8253,25.064505
Suriname,SUR,1977,4.0774,111.111115,1546.4326,25.267174
Suriname,SUR,1978,4.0517,108.333336,1733.5808,25.207129
Suriname,SUR,1979,3.9997,62.162163,1880.0187,25.323996
Suriname,SUR,1980,3.9595,40.0,1632.9246,25.457129
Suriname,SUR,1981,3.9581003,139.53488,2005.5042,25.475632
Suriname,SUR,1982,4.1446004,167.39131,1604.8177,25.509247
Suriname,SUR,1983,3.6497002,192.47917,1289.8694,25.947203
Suriname,SUR,1984,4.0317,231.22,1897.228,24.985117
Suriname,SUR,1985,3.9902,224.1923,1574.0981,24.983576
Suriname,SUR,1986,3.9855,218.62962,1616.82,25.372614
Suriname,SUR,1987,3.8127,192.22807,1187.4943,26.486069
Suriname,SUR,1988,3.8111002,34.210526,1811.2838,25.811796
Suriname,SUR,1989,3.7315001,30.45614,1868.3052,25.323523
Suriname,SUR,1990,3.7651002,17.54386,1769.9834,25.837593
Suriname,SUR,1991,3.8134,17.54386,1329.7808,25.833601
Suriname,SUR,1992,3.7951002,50.877193,1038.7212,26.190947
Suriname,SUR,1993,3.6940002,57.894737,1523.2036,25.775421
Suriname,SUR,1994,3.6269,75.4386,1458.0004,25.650887
Suriname,SUR,1995,3.5157,75.4386,1443.3134,25.999823
Suriname,SUR,1996,3.7007,128.07018,1784.417,25.739511
Suriname,SUR,1997,3.9808002,124.5614,1332.7499,25.963394
Suriname,SUR,1998,3.7565002,133.22807,1417.609,26.377783
Suriname,SUR,1999,3.7186003,92.98245,1927.5936,25.50814
Suriname,SUR,2000,3.8960001,101.75439,1886.2955,25.346819
Suriname,SUR,2001,3.7658002,98.24561,1502.0388,25.52654
Suriname,SUR,2002,3.9212,92.17778,1666.0862,25.886734
Suriname,SUR,2003,3.6938002,109.05454,1494.0198,26.067238
Suriname,SUR,2004,3.5592,141.03773,1607.355,26.134115
Suriname,SUR,2005,3.5977,106.36735,1814.3059,26.16876
Suriname,SUR,2006,4.1287003,183.32654,2031.4783,25.789713
Suriname,SUR,2007,4.2527003,149.43478,2004.1067,25.68821
Suriname,SUR,2008,4.1887,548.65955,2098.9067,25.51677
Suriname,SUR,2009,4.2089,158.2931,1410.8884,26.120481
Suriname,SUR,2010,4.2324,211.92728,2295.4448,26.020868
Suriname,SUR,2011,4.1327004,206.2931,2112.116,25.88772
Suriname,SUR,2012,4.3619003,188.96153,2020.2566,26.14649
Suriname,SUR,2013,4.4958,170.85,2100.9624,25.68358
Suriname,SUR,2014,4.433,195.0,1547.5679,26.094637
Suriname,SUR,2015,4.5296,145.04616,1698.444,26.237696
Suriname,SUR,2016,4.433,217.72308,2047.8932,26.319815
Suriname,SUR,2017,4.879,243.2258,2296.2744,26.193037
Suriname,SUR,2018,4.8684,135.37097,2355.318,25.81112
Suriname,SUR,2019,4.5553,127.064514,1857.337,26.228537
Suriname,SUR,2020,4.3191004,252.35,2197.1973,26.233355
Suriname,SUR,2021,4.6383,175.48276,2836.4822,25.761225
Suriname,SUR,2022,3.7632,185.72,2865.2148,25.610168
Suriname,SUR,2023,4.4108,285.64145,2087.0596,26.64016
Sweden,SWE,1961,2.8127,85.33474,767.0665,3.444474
Sweden,SWE,1962,2.6447,87.48278,725.0127,1.3285017
Sweden,SWE,1963,2.5500002,100.849075,695.1075,1.9348158
Sweden,SWE,1964,3.2376003,114.82212,719.9066,2.7360516
Sweden,SWE,1965,3.1562002,122.37773,753.1367,1.6318293
Sweden,SWE,1966,2.5438,125.37279,779.5766,1.001596
Sweden,SWE,1967,3.2585,138.53165,826.32306,3.0938342
Sweden,SWE,1968,3.3949,150.68814,674.8696,2.1284373
Sweden,SWE,1969,2.6782,155.05867,640.0866,2.2544022
Sweden,SWE,1970,3.2407,164.84651,758.9458,2.0097995
Sweden,SWE,1971,3.5358002,172.37775,766.367,2.7861063
Sweden,SWE,1972,3.3680003,171.34622,791.69,3.657903
Sweden,SWE,1973,3.084,188.44228,748.929,3.1467736
Sweden,SWE,1974,4.1914,160.63084,831.67505,3.9478323
Sweden,SWE,1975,3.3781002,174.86609,693.8409,4.195214
Sweden,SWE,1976,3.4273002,177.38947,595.46344,2.224542
Sweden,SWE,1977,3.3757,176.43813,787.59393,2.3932722
Sweden,SWE,1978,3.6996002,174.65988,689.45825,1.8713042
Sweden,SWE,1979,3.4361002,170.13351,786.7791,2.0265954
Sweden,SWE,1980,3.5208,162.6336,713.30853,2.0942833
Sweden,SWE,1981,3.8270001,164.20331,788.44293,1.922347
Sweden,SWE,1982,3.9239001,162.7125,717.06586,3.2208402
Sweden,SWE,1983,3.6535,163.87505,782.2264,3.4490967
Sweden,SWE,1984,4.4921002,155.83919,802.41473,3.4864511
Sweden,SWE,1985,3.7791002,143.7207,859.8534,0.92284256
Sweden,SWE,1986,3.9077,139.65117,767.7892,2.3974857
Sweden,SWE,1987,3.8208003,138.93347,819.6244,1.5356646
Sweden,SWE,1988,3.6815002,127.26639,794.28656,3.2696464
Sweden,SWE,1989,4.3251004,124.49,739.7452,4.570371
Sweden,SWE,1990,4.9637003,115.54312,843.17,4.6002555
Sweden,SWE,1991,4.4926004,104.80517,737.9514,3.5450885
Sweden,SWE,1992,3.3594,113.63508,786.77673,3.9405463
Sweden,SWE,1993,4.7589,118.563194,805.19037,3.080108
Sweden,SWE,1994,3.8914,116.31221,648.71466,3.0568573
Sweden,SWE,1995,4.3586,106.39182,752.16406,3.210842
Sweden,SWE,1996,4.8936005,110.557846,674.38666,2.6002567
Sweden,SWE,1997,4.7183,110.871605,706.78375,3.8739736
Sweden,SWE,1998,4.3797,105.726,916.6552,2.9311352
Sweden,SWE,1999,4.2763,105.695335,815.5084,3.6424417
Sweden,SWE,2000,4.5603,108.676186,944.41833,4.5811687
Sweden,SWE,2001,4.5833,99.18322,816.4274,3.2068071
Sweden,SWE,2002,4.7804003,100.734604,696.7164,3.8394868
Sweden,SWE,2003,4.5845003,99.144455,710.4345,3.7756226
Sweden,SWE,2004,4.8929,98.23487,780.0792,3.6305
Sweden,SWE,2005,4.9323,88.12474,770.87164,4.0455737
Sweden,SWE,2006,4.2922006,86.599884,820.3841,4.441709
Sweden,SWE,2007,5.1508,89.7241,772.3076,4.1230397
Sweden,SWE,2008,4.8205004,99.590775,805.5207,4.260595
Sweden,SWE,2009,5.0789003,64.162575,782.6331,3.5187552
Sweden,SWE,2010,4.5104003,82.05492,764.4429,1.6540021
Sweden,SWE,2011,4.7129,85.40494,869.70374,4.589865
Sweden,SWE,2012,5.1018,76.23101,927.29944,3.0650094
Sweden,SWE,2013,5.1235003,84.67175,725.1025,3.890646
Sweden,SWE,2014,5.6469,93.06398,787.8814,4.881504
Sweden,SWE,2015,6.0536003,96.89304,886.34106,4.612466
Sweden,SWE,2016,5.4382005,97.89171,733.9824,4.1103063
Sweden,SWE,2017,5.9923,104.968475,825.50195,3.779836
Sweden,SWE,2018,3.5355,100.666405,636.3252,4.218958
Sweden,SWE,2019,6.2921004,97.69409,848.49744,4.0332885
Sweden,SWE,2020,5.9944,116.9488,854.1523,5.442419
Sweden,SWE,2021,5.0647006,112.91045,810.0703,3.6912823
Sweden,SWE,2022,6.1074004,102.66851,769.7682,4.500668
Sweden,SWE,2023,4.4565,93.52019,868.71027,3.7347002
Switzerland,CHE,1961,2.8726003,268.8715,1375.7616,5.261825
Switzerland,CHE,1962,3.7769,303.0299,1391.1462,3.4984112
Switzerland,CHE,1963,2.9361002,313.58597,1544.0308,3.5432627
Switzerland,CHE,1964,3.6274002,328.03543,1352.593,4.5883574
Switzerland,CHE,1965,3.2122002,352.66083,1863.1055,3.5406837
Switzerland,CHE,1966,3.3057,358.49057,1740.613,4.474419
Switzerland,CHE,1967,3.9834,368.18933,1537.2991,4.313955
Switzerland,CHE,1968,3.8522,379.76093,1792.0823,4.1899242
Switzerland,CHE,1969,3.6514,405.55554,1454.2534,3.9420059
Switzerland,CHE,1970,3.6925,414.44226,1757.5404,3.8219206
Switzerland,CHE,1971,4.2829003,423.0877,1293.5535,4.3604984
Switzerland,CHE,1972,4.0796003,380.81268,1463.7041,4.0792527
Switzerland,CHE,1973,4.1983,437.4311,1603.3087,4.0103345
Switzerland,CHE,1974,4.7669,397.37274,1720.132,4.5043235
Switzerland,CHE,1975,4.2569003,388.72324,1474.5575,4.357593
Switzerland,CHE,1976,4.5302005,412.17862,1429.2737,4.243465
Switzerland,CHE,1977,4.0044003,420.65424,1817.0195,4.645703
Switzerland,CHE,1978,4.8158,468.6917,1691.6127,4.1083426
Switzerland,CHE,1979,5.0784,488.94073,1757.7942,4.1633515
Switzerland,CHE,1980,4.6237006,476.0441,1650.4747,3.7235057
Switzerland,CHE,1981,4.9481006,440.40906,2020.462,4.342721
Switzerland,CHE,1982,5.2799,437.33612,1707.0967,4.8493276
Switzerland,CHE,1983,5.071,448.66443,1681.6212,4.956924
Switzerland,CHE,1984,6.1629,447.11337,1602.0969,3.8040895
Switzerland,CHE,1985,5.7206006,444.3172,1520.9677,4.017688
Switzerland,CHE,1986,5.0907006,428.6142,1667.8318,4.388698
Switzerland,CHE,1987,5.0432005,444.68903,1772.4437,4.4207253
Switzerland,CHE,1988,6.3289003,441.52493,1821.5234,5.258852
Switzerland,CHE,1989,6.7809,433.42264,1293.5411,5.1098757
Switzerland,CHE,1990,5.9839,416.5323,1541.273,5.225907
Switzerland,CHE,1991,6.1036005,390.13818,1456.8024,4.415751
Switzerland,CHE,1992,5.8774004,374.3041,1628.2692,5.1774
Switzerland,CHE,1993,6.209,368.41794,1690.1395,4.79378
Switzerland,CHE,1994,5.8076005,345.9028,1669.0698,6.2404685
Switzerland,CHE,1995,6.0688,319.79147,1751.5908,4.9664235
Switzerland,CHE,1996,6.7068,297.40894,1586.6151,4.3353343
Switzerland,CHE,1997,6.4070005,291.66577,1445.9937,5.50148
Switzerland,CHE,1998,6.6410003,290.79895,1529.2445,5.050335
Switzerland,CHE,1999,5.6431003,248.85236,2026.3944,5.0968585
Switzerland,CHE,2000,6.4022007,217.97453,1750.7688,5.700169
Switzerland,CHE,2001,6.0119004,240.55858,1823.3029,5.265942
Switzerland,CHE,2002,6.2698,196.54564,1855.6135,5.812246
Switzerland,CHE,2003,5.0865,203.68625,1212.857,5.7508087
Switzerland,CHE,2004,6.7325006,216.8239,1466.5955,5.1078067
Switzerland,CHE,2005,6.3004003,228.40698,1370.0293,4.8876452
Switzerland,CHE,2006,6.1650004,229.12714,1533.3842,5.761671
Switzerland,CHE,2007,6.4185004,230.30481,1648.5344,5.918318
Switzerland,CHE,2008,6.4131002,227.72745,1694.6115,5.6214643
Switzerland,CHE,2009,6.5783,191.20026,1535.1426,5.7192073
Switzerland,CHE,2010,6.0939,218.78918,1641.0151,4.6324773
Switzerland,CHE,2011,6.8746004,209.39519,1431.4508,6.3946776
Switzerland,CHE,2012,6.4643,167.96284,1774.4712,5.5857964
Switzerland,CHE,2013,5.9456005,203.44913,1659.654,5.1074853
Switzerland,CHE,2014,7.0446005,208.40088,1660.5157,6.3186226
Switzerland,CHE,2015,6.4319,208.93135,1430.427,6.4759216
Switzerland,CHE,2016,5.1546,212.10934,1709.1118,5.9877124
Switzerland,CHE,2017,6.8002005,199.88748,1597.0172,5.9688506
Switzerland,CHE,2018,6.3323,187.79376,1500.6586,6.861767
Switzerland,CHE,2019,6.5808,163.42757,1714.8508,6.3426995
Switzerland,CHE,2020,6.978,175.1294,1522.7319,6.684651
Switzerland,CHE,2021,5.5158,177.18652,1713.7345,5.4527054
Switzerland,CHE,2022,6.0811005,132.59747,1322.415,7.114431
Switzerland,CHE,2023,5.7060003,142.69681,1763.4475,7.101667
Syria,SYR,1961,0.5286,2.2054994,212.97408,17.704988
Syria,SYR,1962,0.9871,2.1193547,156.74509,19.257486
Syria,SYR,1963,0.82030004,2.436508,276.81195,18.4089
Syria,SYR,1964,0.76240003,2.6190329,219.9458,17.360018
Syria,SYR,1965,0.8939001,2.7595396,234.94186,18.13194
Syria,SYR,1966,0.61840004,2.9683297,206.04163,19.000475
Syria,SYR,1967,0.86990005,3.8461537,326.30475,16.784086
Syria,SYR,1968,0.7182,5.4715796,301.5135,17.93603
Syria,SYR,1969,0.8619001,5.1312,295.68808,18.05702
Syria,SYR,1970,0.3465,7.1571403,155.7027,18.2301
Syria,SYR,1971,0.58870006,9.421108,310.79416,17.54146
Syria,SYR,1972,1.2566,8.558046,330.10287,16.85808
Syria,SYR,1973,0.2938,7.661802,156.27545,17.671156
Syria,SYR,1974,1.0019001,9.272087,298.10907,17.757055
Syria,SYR,1975,0.7882,13.941268,234.15228,17.559734
Syria,SYR,1976,1.0277,14.869962,266.92786,17.266146
Syria,SYR,1977,0.62270004,18.675388,230.92947,17.901976
Syria,SYR,1978,0.9215,20.400467,182.01668,18.284609
Syria,SYR,1979,0.6732001,24.39675,238.49506,18.66237
Syria,SYR,1980,1.4204001,24.346462,284.3202,17.819178
Syria,SYR,1981,1.33,26.220284,274.74384,18.078535
Syria,SYR,1982,0.79200006,29.352497,277.05927,16.900713
Syria,SYR,1983,0.93600005,37.098583,226.17117,17.100554
Syria,SYR,1984,0.5845,41.355015,226.57639,17.561905
Syria,SYR,1985,0.9351,45.23918,232.11656,17.944195
Syria,SYR,1986,1.167,49.117096,238.9544,18.169563
Syria,SYR,1987,0.81470007,54.017067,274.3125,18.06922
Syria,SYR,1988,1.6606001,58.275978,385.80618,17.70269
Syria,SYR,1989,0.33470002,52.055233,159.54073,18.314644
Syria,SYR,1990,0.75000006,62.26612,158.33302,18.19711
Syria,SYR,1991,0.92240006,59.86678,250.33736,18.04917
Syria,SYR,1992,1.1748002,64.31326,266.3645,16.639801
Syria,SYR,1993,1.4893001,70.86565,264.166,17.646677
Syria,SYR,1994,1.5365001,73.00395,320.31497,18.85097
Syria,SYR,1995,1.6611,71.23213,174.35048,18.242348
Syria,SYR,1996,1.8532001,75.37223,315.5749,18.71344
Syria,SYR,1997,1.2732,77.20876,264.1059,17.66078
Syria,SYR,1998,1.585,70.25547,212.14078,19.36853
Syria,SYR,1999,1.0724001,78.87151,119.417175,19.324945
Syria,SYR,2000,1.1486,80.47116,222.62862,18.766964
Syria,SYR,2001,1.6926,64.58102,247.02278,19.32503
Syria,SYR,2002,1.9935001,69.91835,246.42297,18.742434
Syria,SYR,2003,1.9990001,75.84865,278.57874,18.730272
Syria,SYR,2004,1.6575,73.181206,259.97092,18.603163
Syria,SYR,2005,1.7114002,84.945885,177.24036,18.514952
Syria,SYR,2006,2.0023003,84.541115,232.65898,18.597528
Syria,SYR,2007,1.6224,80.645485,201.80695,18.820332
Syria,SYR,2008,0.8967001,87.99,128.9831,19.004227
Syria,SYR,2009,1.7077,65.421844,187.56848,18.862879
Syria,SYR,2010,1.2319001,33.016853,156.16624,20.600943
Syria,SYR,2011,1.6790001,49.722008,224.4115,18.301958
Syria,SYR,2012,1.6435001,30.24223,253.9457,19.357307
Syria,SYR,2013,1.5760001,13.558344,215.04608,19.305586
Syria,SYR,2014,1.0631,6.490238,220.42804,19.732687
Syria,SYR,2015,1.9059001,0.75155413,210.80377,19.61913
Syria,SYR,2016,1.1089001,4.1334734,182.85783,20.059843
Syria,SYR,2017,1.2334001,3.4883099,163.74791,19.768383
Syria,SYR,2018,0.75000006,5.944462,356.04166,20.305851
Syria,SYR,2019,2.2039,7.127503,316.83392,19.633001
Syria,SYR,2020,1.8323002,6.645043,253.04283,20.064735
Syria,SYR,2021,0.82040006,3.9754577,123.44877,20.350042
Syria,SYR,2022,0.9499001,6.419186,198.61853,19.797064
Syria,SYR,2023,1.8146001,17.318409,215.08075,20.169828
Tajikistan,TJK,1992,0.9937001,148.8372,813.0951,-0.5801253
Tajikistan,TJK,1993,0.9638,87.45685,908.8715,-0.8978533
Tajikistan,TJK,1994,0.8808,82.35294,752.3393,-0.56269735
Tajikistan,TJK,1995,0.91590005,82.938385,610.65686,-0.76393193
Tajikistan,TJK,1996,1.0388001,76.572136,749.4473,-1.2692034
Tajikistan,TJK,1997,1.3142,63.041924,645.34174,-0.13200562
Tajikistan,TJK,1998,1.2353001,47.030613,937.81555,0.22580528
Tajikistan,TJK,1999,1.2355001,13.520409,889.6156,-0.5706894
Tajikistan,TJK,2000,1.3107,11.352041,659.01697,-0.6168208
Tajikistan,TJK,2001,1.3979001,15.453384,623.5896,0.18068759
Tajikistan,TJK,2002,1.8893001,40.978233,784.2928,0.13092907
Tajikistan,TJK,2003,2.1006002,22.667519,823.27936,-0.53274435
Tajikistan,TJK,2004,2.1504,25.047558,804.6142,-0.006774346
Tajikistan,TJK,2005,2.1644,16.498018,675.1531,-0.5928543
Tajikistan,TJK,2006,2.1587,35.192673,693.4795,0.6463029
Tajikistan,TJK,2007,2.44,16.19705,704.29224,0.5256021
Tajikistan,TJK,2008,2.141,11.033738,645.9568,0.061846893
Tajikistan,TJK,2009,3.1194,12.128028,819.9215,-0.53349
Tajikistan,TJK,2010,3.1172001,9.592984,795.8626,0.22365363
Tajikistan,TJK,2011,2.5193002,6.555436,752.3986,0.16432254
Tajikistan,TJK,2012,2.8911002,9.160574,675.9188,-0.9767981
Tajikistan,TJK,2013,3.1594,12.491551,640.5247,0.5739825
Tajikistan,TJK,2014,3.1894,21.068483,720.33234,-0.29790926
Tajikistan,TJK,2015,3.2610002,21.987211,807.6834,0.5231447
Tajikistan,TJK,2016,3.3487,11.53271,767.301,1.2627522
Tajikistan,TJK,2017,3.4595,17.721685,725.5938,0.7316546
Tajikistan,TJK,2018,3.4044,14.717655,711.1809,0.4692391
Tajikistan,TJK,2019,3.6367002,91.93437,675.0792,0.67754674
Tajikistan,TJK,2020,3.5256002,96.74648,646.98016,0.00564456
Tajikistan,TJK,2021,3.8851004,90.36516,602.1225,0.64988035
Tajikistan,TJK,2022,3.926,93.34883,740.8154,1.3674346
Tajikistan,TJK,2023,3.7328002,92.93818,593.4691,1.2687106
Tanzania,TZA,1961,0.80570006,0.52365386,1621.7448,22.16265
Tanzania,TZA,1962,0.8313,0.47128713,1302.4976,21.646112
Tanzania,TZA,1963,0.95860004,0.5081967,1368.0289,21.505163
Tanzania,TZA,1964,0.8044001,0.65,1187.9163,21.659773
Tanzania,TZA,1965,0.80140007,1.1666666,1213.232,21.647856
Tanzania,TZA,1966,0.7602,1.4666667,1050.4431,22.241247
Tanzania,TZA,1967,0.70250005,1.45,1213.7697,22.012896
Tanzania,TZA,1968,0.5811,1.5,1339.7585,21.558031
Tanzania,TZA,1969,0.63850003,1.8333334,985.04364,22.362658
Tanzania,TZA,1970,0.5738,2.142857,1265.6194,21.96284
Tanzania,TZA,1971,0.7081,2.4857142,1245.4196,21.619543
Tanzania,TZA,1972,0.66800004,2.2897143,1572.6393,21.689186
Tanzania,TZA,1973,0.90300006,2.8481429,1204.5089,22.185366
Tanzania,TZA,1974,0.76460004,4.449143,1166.8431,21.885925
Tanzania,TZA,1975,1.0522,4.2385716,1159.8934,22.016336
Tanzania,TZA,1976,1.0076001,4.3887143,1163.2244,22.176283
Tanzania,TZA,1977,1.0059,4.2494287,1426.8468,22.203733
Tanzania,TZA,1978,0.99960005,3.6625,1390.3268,21.99167
Tanzania,TZA,1979,1.1663,3.75,1356.5721,21.96521
Tanzania,TZA,1980,1.0202,4.4375,1154.3004,22.211014
Tanzania,TZA,1981,1.0031,3.6375,1138.0708,22.234404
Tanzania,TZA,1982,1.4295001,3.651125,1325.9762,22.231024
Tanzania,TZA,1983,1.3009001,2.862625,1129.234,22.659708
Tanzania,TZA,1984,1.2707,4.5375,1241.6517,21.900854
Tanzania,TZA,1985,1.3668001,4.6,1207.1581,21.869347
Tanzania,TZA,1986,1.1266,4.7198887,1398.2306,21.973457
Tanzania,TZA,1987,1.2743001,5.3156667,1135.9913,22.636953
Tanzania,TZA,1988,1.2201,4.576778,1080.8032,22.705824
Tanzania,TZA,1989,1.4892,4.922222,1338.9642,21.932846
Tanzania,TZA,1990,1.5065001,5.2,1106.5195,22.339113
Tanzania,TZA,1991,1.2341,5.5180497,1177.6104,22.434656
Tanzania,TZA,1992,1.0876,5.4457955,1019.08344,22.350351
Tanzania,TZA,1993,1.2274001,4.078652,881.1156,22.649178
Tanzania,TZA,1994,1.1517,4.033708,1148.2378,22.616808
Tanzania,TZA,1995,1.7028002,3.0337079,994.5527,22.64916
Tanzania,TZA,1996,1.5881001,3.4682221,963.4121,22.428743
Tanzania,TZA,1997,1.1012,4.4881005,1247.2662,22.682177
Tanzania,TZA,1998,1.1988001,3.5365043,1086.5443,22.755304
Tanzania,TZA,1999,1.7664001,2.4114943,919.50586,22.415377
Tanzania,TZA,2000,1.4407,2.6051164,961.9557,22.553375
Tanzania,TZA,2001,2.0435002,0.923095,974.43634,22.349684
Tanzania,TZA,2002,1.8995001,3.6997674,1158.1124,22.421484
Tanzania,TZA,2003,0.8581,4.4555035,764.70465,22.974503
Tanzania,TZA,2004,1.3706,5.5234084,1031.0251,22.679268
Tanzania,TZA,2005,1.1016,5.781732,760.40735,23.234648
Tanzania,TZA,2006,1.3267,5.127359,1185.5702,22.789116
Tanzania,TZA,2007,1.4273001,4.7097063,952.1447,22.841003
Tanzania,TZA,2008,1.3339001,4.6766205,998.54865,22.531633
Tanzania,TZA,2009,1.1104001,7.519966,945.36414,23.029142
Tanzania,TZA,2010,1.6479001,8.72011,963.6621,23.112658
Tanzania,TZA,2011,1.3904,8.918777,1150.2402,22.825441
Tanzania,TZA,2012,1.3148001,8.688855,1012.1253,22.908264
Tanzania,TZA,2013,1.4180001,12.380014,1042.3839,22.978289
Tanzania,TZA,2014,1.6691,9.68278,1070.7456,22.951447
Tanzania,TZA,2015,1.6172,9.555397,1068.2365,23.215834
Tanzania,TZA,2016,1.7111001,13.3178625,988.2203,23.208357
Tanzania,TZA,2017,1.692,12.626348,1048.9807,23.346666
Tanzania,TZA,2018,1.9385,16.26643,1169.2874,22.823633
Tanzania,TZA,2019,1.8835001,8.980189,1228.0894,23.304552
Tanzania,TZA,2020,1.8695,16.927753,1320.3545,22.933607
Tanzania,TZA,2021,1.7824001,9.925792,902.37964,22.982803
Tanzania,TZA,2022,1.8154001,20.314312,998.9456,22.918344
Tanzania,TZA,2023,1.9611001,20.705944,1125.5432,23.339266
Thailand,THA,1961,1.6755,1.7199038,1650.8859,25.49232
Thailand,THA,1962,1.7372,2.0550942,1634.6222,25.254702
Thailand,THA,1963,1.8918002,3.1241667,1671.9788,25.258842
Thailand,THA,1964,1.8301,2.8026364,1686.0042,25.38082
Thailand,THA,1965,1.7863002,3.014375,1781.9851,25.484667
Thailand,THA,1966,1.8428001,5.872807,1785.5773,25.405977
Thailand,THA,1967,1.7758001,8.668017,1438.6268,25.291649
Thailand,THA,1968,1.8219001,8.415255,1383.569,25.663559
Thailand,THA,1969,1.9052,8.758333,1560.0704,25.88413
Thailand,THA,1970,2.0758002,6.588943,1641.917,25.724562
Thailand,THA,1971,1.9932001,10.308021,1596.7882,25.002577
Thailand,THA,1972,1.7814001,12.159696,1800.9438,25.677073
Thailand,THA,1973,1.9578001,10.789281,1688.7927,25.788277
Thailand,THA,1974,1.8788002,13.7569065,1788.0145,25.285883
Thailand,THA,1975,1.8894001,12.090537,1923.4352,25.388353
Thailand,THA,1976,1.8995001,15.635716,1834.2238,25.267088
Thailand,THA,1977,1.5920001,17.251,1485.1339,25.714323
Thailand,THA,1978,1.9687,17.873106,1842.2145,25.897728
Thailand,THA,1979,1.8379002,17.742262,1551.2604,26.210642
Thailand,THA,1980,1.9111,16.659946,1735.4636,26.214212
Thailand,THA,1981,1.9834001,18.580124,1676.2552,25.784279
Thailand,THA,1982,1.9189001,18.704576,1607.8159,25.758299
Thailand,THA,1983,2.0505002,27.797375,1575.5125,26.103416
Thailand,THA,1984,2.1026,25.61347,1578.9829,25.708656
Thailand,THA,1985,2.1254,25.354603,1638.4633,25.791191
Thailand,THA,1986,2.089,31.555305,1676.2936,25.750616
Thailand,THA,1987,2.0063002,35.131065,1583.7747,26.268232
Thailand,THA,1988,2.2035,43.46531,1734.4076,26.093325
Thailand,THA,1989,2.1431003,46.574314,1546.294,26.006912
Thailand,THA,1990,2.0092,59.665657,1567.8008,26.264597
Thailand,THA,1991,2.265,54.945744,1597.0621,26.32128
Thailand,THA,1992,2.2679,64.84511,1503.5433,25.953886
Thailand,THA,1993,2.2591002,85.16242,1441.0209,25.904737
Thailand,THA,1994,2.3602002,79.63462,1806.878,26.102661
Thailand,THA,1995,2.4420002,88.33529,1767.7208,26.164347
Thailand,THA,1996,2.5177,88.23456,1815.7355,25.83519
Thailand,THA,1997,2.4608002,85.03187,1492.8912,26.325018
Thailand,THA,1998,2.5376003,93.069534,1425.8633,27.056849
Thailand,THA,1999,2.5082002,100.07538,1931.7089,25.804327
Thailand,THA,2000,2.6809,88.31038,1927.4664,25.91263
Thailand,THA,2001,2.8835,94.94148,1713.444,26.262016
Thailand,THA,2002,2.9733002,100.00085,1749.2472,26.45929
Thailand,THA,2003,2.9999,126.54422,1490.1593,26.337072
Thailand,THA,2004,2.9762,111.829666,1398.3904,26.269754
Thailand,THA,2005,3.0187001,96.212204,1609.8585,26.600456
Thailand,THA,2006,3.0118003,99.8178,1694.79,26.4615
Thailand,THA,2007,3.0326002,116.771805,1755.4893,26.360765
Thailand,THA,2008,3.0788002,110.61453,1785.1581,25.871773
Thailand,THA,2009,3.0579,109.01373,1628.5931,26.244375
Thailand,THA,2010,2.9968002,139.43669,1662.5452,26.927366
Thailand,THA,2011,3.1825001,143.79826,1931.9321,25.740562
Thailand,THA,2012,3.2800002,145.71158,1625.0583,26.647558
Thailand,THA,2013,3.2549,161.54619,1679.5256,26.361986
Thailand,THA,2014,3.1460001,156.82524,1487.9946,26.404749
Thailand,THA,2015,3.0146003,135.2521,1481.462,26.8049
Thailand,THA,2016,2.9836001,146.9412,1593.6884,26.949865
Thailand,THA,2017,3.1285002,166.98831,1892.4819,26.50078
Thailand,THA,2018,3.1708002,138.49611,1746.633,26.450533
Thailand,THA,2019,3.0922,113.527214,1425.1019,27.099648
Thailand,THA,2020,2.9949,136.49036,1499.4706,27.00493
Thailand,THA,2021,3.0397,147.62119,1728.956,26.46467
Thailand,THA,2022,3.0872002,227.52759,1849.6667,26.370087
Thailand,THA,2023,3.0876002,287.3324,1520.2158,27.040863
Togo,TGO,1966,0.46770003,0.027777778,1250.2631,26.255281
Togo,TGO,1967,0.46320003,0.055555556,1512.6134,25.600466
Togo,TGO,1968,0.57170004,0.11111111,1750.686,25.784193
Togo,TGO,1969,0.72670007,0.1411111,1417.739,26.125628
Togo,TGO,1970,0.81250006,0.24222222,1392.9294,26.299782
Togo,TGO,1971,0.90270007,0.275,1562.0906,25.86537
Togo,TGO,1972,0.9743,0.31055555,1439.0173,26.221247
Togo,TGO,1973,0.859,0.35666665,1335.2648,26.64225
Togo,TGO,1974,0.9196,1.19,1289.8107,25.849585
Togo,TGO,1975,0.97050005,1.2727778,1307.5621,25.68808
Togo,TGO,1976,0.8309001,1.5761111,1461.5833,25.567785
Togo,TGO,1977,0.84400004,0.5083333,1104.7123,26.364868
Togo,TGO,1978,0.75720006,0.94789475,1430.2032,26.05346
Togo,TGO,1979,0.8226,1.5610256,1437.3788,26.269163
Togo,TGO,1980,0.63570005,1.3605129,1574.1373,26.599937
Togo,TGO,1981,0.72800004,1.1353846,1362.1171,26.642042
Togo,TGO,1982,0.8686,1.4297436,1456.0997,26.33666
Togo,TGO,1983,0.74850005,1.5697436,1118.378,26.889536
Togo,TGO,1984,0.8924001,3.45,1465.8721,26.58032
Togo,TGO,1985,0.84040004,4.9,1496.1412,26.459177
Togo,TGO,1986,0.7879001,5.55,1421.3695,26.414131
Togo,TGO,1987,0.7213,5.3851485,1393.2501,27.257141
Togo,TGO,1988,0.8438,5.9419513,1586.6266,26.782663
Togo,TGO,1989,0.9179001,6.097561,1472.7426,26.466124
Togo,TGO,1990,0.7468,5.5555553,1318.9021,26.74002
Togo,TGO,1991,0.7627,5.6191387,1556.5476,26.3692
Togo,TGO,1992,0.8633,5.7962084,1371.5068,26.286348
Togo,TGO,1993,0.8776,4.6314554,1488.0547,26.56688
Togo,TGO,1994,0.7217001,5.1925583,1495.5461,26.525236
Togo,TGO,1995,0.8493,7.572811,1497.9531,26.672928
Togo,TGO,1996,0.81140006,8.042009,1297.459,26.646616
Togo,TGO,1997,0.9811,7.6063347,1346.1979,26.727453
Togo,TGO,1998,0.83540004,7.7130046,1252.9781,27.247047
Togo,TGO,1999,1.0608001,7.5111113,1604.1031,26.406883
Togo,TGO,2000,1.0583001,8.739207,1241.8389,26.707624
Togo,TGO,2001,1.1503001,8.384279,1047.0342,26.810099
Togo,TGO,2002,1.1311,5.755844,1377.4534,26.711348
Togo,TGO,2003,1.1547,7.858369,1286.6399,26.822603
Togo,TGO,2004,1.0948001,3.671064,1209.1125,26.699005
Togo,TGO,2005,1.1326001,0.2886076,1140.362,26.918013
Togo,TGO,2006,1.1307,0.013807531,1255.505,26.958359
Togo,TGO,2007,1.1216,0.0,1261.4121,26.906244
Togo,TGO,2008,1.1444001,0.00041152263,1171.9185,26.858076
Togo,TGO,2009,1.2429001,2.9089797,1215.5675,27.133379
Togo,TGO,2010,1.1874001,9.837805,1318.841,27.439562
Togo,TGO,2011,1.2263001,10.204065,1169.959,27.138342
Togo,TGO,2012,1.1124,5.023019,1386.021,26.853477
Togo,TGO,2013,1.0126001,11.724906,1180.5267,27.022537
Togo,TGO,2014,1.1531,1.8460377,1371.5361,27.039597
Togo,TGO,2015,1.2362,3.3267925,1186.2993,27.191727
Togo,TGO,2016,1.1308001,13.678113,1449.2557,27.481955
Togo,TGO,2017,1.1372,5.7792454,1274.2312,27.413986
Togo,TGO,2018,1.1452,15.356981,1431.1433,27.16068
Togo,TGO,2019,1.143,2.6762264,1460.9044,27.5202
Togo,TGO,2020,1.1503001,2.6762264,1132.6833,27.425827
Togo,TGO,2021,1.1495,2.0649056,1074.5521,27.747223
Togo,TGO,2022,1.1678001,13.296604,1210.7814,27.01654
Togo,TGO,2023,1.1965001,17.36151,1353.1339,27.540451
Trinidad and Tobago,TTO,1961,2.3521001,92.63158,1597.0398,25.51151
Trinidad and Tobago,TTO,1962,2.3814,95.61404,1579.4292,25.586493
Trinidad and Tobago,TTO,1963,2.411,104.38596,1501.053,25.688772
Trinidad and Tobago,TTO,1964,2.4395,105.26316,1619.0402,25.530693
Trinidad and Tobago,TTO,1965,2.4111001,158.2807,1271.8285,25.467941
Trinidad and Tobago,TTO,1966,2.4242,142.9649,1363.0276,25.805166
Trinidad and Tobago,TTO,1967,2.6427002,118.807014,1208.4935,25.572012
Trinidad and Tobago,TTO,1968,2.6592002,139.26315,1337.4126,25.586187
Trinidad and Tobago,TTO,1969,2.7074,143.85965,1311.3915,26.162766
Trinidad and Tobago,TTO,1970,2.9016001,154.38597,1313.98,25.826103
Trinidad and Tobago,TTO,1971,3.0224001,154.1,1198.3419,25.445684
Trinidad and Tobago,TTO,1972,3.0021002,174.41667,1472.0354,25.582083
Trinidad and Tobago,TTO,1973,2.9810002,148.05797,1610.4026,25.670294
Trinidad and Tobago,TTO,1974,2.96,125.62857,1263.3059,25.306276
Trinidad and Tobago,TTO,1975,2.6863003,107.87692,1487.8788,25.271276
Trinidad and Tobago,TTO,1976,2.9579,114.33846,1216.5654,25.294266
Trinidad and Tobago,TTO,1977,2.9487002,93.8,1281.3627,25.695969
Trinidad and Tobago,TTO,1978,2.9862,130.18462,1410.2764,25.715096
Trinidad and Tobago,TTO,1979,3.2596002,119.58462,1498.9305,25.798407
Trinidad and Tobago,TTO,1980,3.2016003,132.93333,1365.3375,25.761728
Trinidad and Tobago,TTO,1981,3.0386002,126.71154,1660.5085,25.910364
Trinidad and Tobago,TTO,1982,3.0739,102.22222,1532.5223,25.537766
Trinidad and Tobago,TTO,1983,3.0757,205.26315,1493.4058,25.805315
Trinidad and Tobago,TTO,1984,2.4701002,160.52632,1431.7266,25.224611
Trinidad and Tobago,TTO,1985,2.3585,202.71428,1440.2931,25.317772
Trinidad and Tobago,TTO,1986,2.4086003,145.71428,1321.8413,25.38106
Trinidad and Tobago,TTO,1987,2.5624,194.22858,1147.3135,26.187841
Trinidad and Tobago,TTO,1988,2.7218,59.5,1438.4902,25.879425
Trinidad and Tobago,TTO,1989,2.5655,91.666664,1182.9377,25.594908
Trinidad and Tobago,TTO,1990,3.3261003,197.22223,1225.633,25.908113
Trinidad and Tobago,TTO,1991,3.0944002,202.5,1251.4993,25.689262
Trinidad and Tobago,TTO,1992,3.5946002,240.0,1150.6628,25.727137
Trinidad and Tobago,TTO,1993,3.2622,135.0,1136.0824,25.943039
Trinidad and Tobago,TTO,1994,3.5821002,135.0,1187.1195,25.725256
Trinidad and Tobago,TTO,1995,3.604,175.0,1196.7213,26.128721
Trinidad and Tobago,TTO,1996,3.4244,260.75,1387.9183,25.91572
Trinidad and Tobago,TTO,1997,2.4680002,302.85715,1240.0991,25.91735
Trinidad and Tobago,TTO,1998,2.4632,194.28572,1652.1298,26.423964
Trinidad and Tobago,TTO,1999,1.7124001,174.28572,1582.3632,25.950922
Trinidad and Tobago,TTO,2000,2.2773001,262.97144,1567.9913,25.731833
Trinidad and Tobago,TTO,2001,1.4494001,58.0,1466.379,25.936495
Trinidad and Tobago,TTO,2002,1.6693001,146.66667,1480.4312,26.035917
Trinidad and Tobago,TTO,2003,1.5327001,146.66667,1391.1849,26.210045
Trinidad and Tobago,TTO,2004,0.9556,246.15384,1687.5604,26.189146
Trinidad and Tobago,TTO,2005,1.041,240.0,1791.9021,26.566717
Trinidad and Tobago,TTO,2006,0.82670003,236.0,1364.9957,26.282774
Trinidad and Tobago,TTO,2007,1.1059,236.0,1647.0168,26.223642
Trinidad and Tobago,TTO,2008,1.2269001,204.0,1512.0856,26.119986
Trinidad and Tobago,TTO,2009,1.1398001,224.0,1350.5623,26.337236
Trinidad and Tobago,TTO,2010,1.1398001,228.0,1722.6917,26.851255
Trinidad and Tobago,TTO,2011,1.1404,232.0,1914.6437,26.392149
Trinidad and Tobago,TTO,2012,0.8768,276.0,1712.6675,26.293455
Trinidad and Tobago,TTO,2013,1.1404,308.0,1422.1978,26.388601
Trinidad and Tobago,TTO,2014,0.8771,360.0,1274.2937,26.267883
Trinidad and Tobago,TTO,2015,0.5721,356.0,1077.6454,26.42045
Trinidad and Tobago,TTO,2016,0.8769001,364.0,1282.4072,26.653885
Trinidad and Tobago,TTO,2017,1.1408001,136.68,1667.1943,26.371872
Trinidad and Tobago,TTO,2018,1.0856,114.2,1478.9905,26.076956
Trinidad and Tobago,TTO,2019,0.97880006,154.68,1237.7815,26.44484
Trinidad and Tobago,TTO,2020,0.8924001,130.28,1266.5363,26.49414
Trinidad and Tobago,TTO,2021,0.93500006,127.8,1652.8832,26.17009
Trinidad and Tobago,TTO,2022,0.97510004,176.16,1867.6539,26.083616
Trinidad and Tobago,TTO,2023,0.97650003,155.36,1405.3751,26.695353
Tunisia,TUN,1961,0.49920005,4.935484,135.61656,18.88363
Tunisia,TUN,1962,0.72950006,6.8570967,186.96037,18.48979
Tunisia,TUN,1963,0.7496,6.5583873,234.61978,18.599623
Tunisia,TUN,1964,0.6416,6.3213835,229.9747,18.60398
Tunisia,TUN,1965,0.73880005,6.8757863,190.50357,18.605806
Tunisia,TUN,1966,0.69310004,7.6484275,190.65428,19.053568
Tunisia,TUN,1967,0.61880004,7.2279873,167.96739,18.7962
Tunisia,TUN,1968,0.7011,9.049057,188.14546,19.092207
Tunisia,TUN,1969,0.6626,12.101381,372.32574,18.666857
Tunisia,TUN,1970,0.5535,10.679611,156.95882,18.96257
Tunisia,TUN,1971,0.7139,11.71875,260.75827,18.465681
Tunisia,TUN,1972,0.90540004,11.145511,325.6334,18.385586
Tunisia,TUN,1973,0.82530004,11.999696,334.61743,18.775034
Tunisia,TUN,1974,0.81380004,15.048802,219.05673,18.453535
Tunisia,TUN,1975,0.93160003,15.359824,247.26753,18.650763
Tunisia,TUN,1976,0.734,15.603448,375.9355,18.03113
Tunisia,TUN,1977,0.71270007,12.418486,171.28658,19.564522
Tunisia,TUN,1978,0.6675,16.173454,194.33199,18.724775
Tunisia,TUN,1979,0.597,17.615973,264.262,18.952019
Tunisia,TUN,1980,0.91550004,19.492323,240.82979,18.488861
Tunisia,TUN,1981,0.9717001,26.463722,143.44849,19.360813
Tunisia,TUN,1982,1.0861,25.68386,270.6686,19.602037
Tunisia,TUN,1983,0.58290005,25.063694,151.28033,19.389288
Tunisia,TUN,1984,0.71690005,28.237179,239.39722,18.874166
Tunisia,TUN,1985,1.0848001,31.400652,168.69246,19.627314
Tunisia,TUN,1986,0.75850004,34.752476,230.98376,19.408506
Tunisia,TUN,1987,1.1549001,35.10067,172.29233,19.931288
Tunisia,TUN,1988,0.93570006,34.502724,171.4094,20.066666
Tunisia,TUN,1989,0.64280003,35.63574,147.2711,19.860636
Tunisia,TUN,1990,1.1446,28.841526,304.21375,19.960003
Tunisia,TUN,1991,1.5463002,34.00963,204.15697,18.847929
Tunisia,TUN,1992,1.5168002,36.122078,257.7232,19.020247
Tunisia,TUN,1993,1.2103001,31.9384,150.34128,19.616762
Tunisia,TUN,1994,0.8939001,31.448763,158.19867,20.394266
Tunisia,TUN,1995,1.1098001,27.093596,227.92873,19.77239
Tunisia,TUN,1996,1.4471,34.094902,223.64844,19.636957
Tunisia,TUN,1997,1.0612,33.926186,232.92126,20.152647
Tunisia,TUN,1998,1.296,39.546024,183.20906,19.886889
Tunisia,TUN,1999,1.2290001,38.569954,212.94415,20.873438
Tunisia,TUN,2000,0.98450005,38.861732,136.68703,20.265398
Tunisia,TUN,2001,1.7153001,36.049026,129.33994,20.850437
Tunisia,TUN,2002,1.2337,36.809814,174.37334,20.458363
Tunisia,TUN,2003,1.5155001,39.605736,324.3228,20.531609
Tunisia,TUN,2004,1.3096,42.67288,236.96817,20.127607
Tunisia,TUN,2005,1.4428002,45.457874,217.91554,20.008783
Tunisia,TUN,2006,1.2561,44.914948,222.17409,20.410341
Tunisia,TUN,2007,1.6225001,46.139774,240.68027,20.359983
Tunisia,TUN,2008,1.4673002,40.84656,167.06602,20.42343
Tunisia,TUN,2009,1.8776001,48.393055,279.74612,20.194136
Tunisia,TUN,2010,1.6941,47.43181,187.92896,20.778818
Tunisia,TUN,2011,1.7108002,48.397324,239.40298,20.021805
Tunisia,TUN,2012,1.6743001,49.508427,204.869,20.704334
Tunisia,TUN,2013,1.1362,40.4136,179.73128,20.462103
Tunisia,TUN,2014,1.8058001,45.749615,198.37068,20.941269
Tunisia,TUN,2015,1.1027,53.11284,185.47826,20.32103
Tunisia,TUN,2016,1.5412,61.98315,187.93544,20.98845
Tunisia,TUN,2017,1.304,48.755226,201.1229,20.127512
Tunisia,TUN,2018,1.2234001,57.246265,207.67822,20.573944
Tunisia,TUN,2019,1.9468001,55.939056,230.12854,20.404167
Tunisia,TUN,2020,1.3244001,35.79416,187.78864,20.859577
Tunisia,TUN,2021,1.4515,68.518,129.66103,21.388517
Tunisia,TUN,2022,1.6401,61.042984,114.97179,21.433489
Tunisia,TUN,2023,1.3005,49.896866,175.12274,21.182985
Turkey,TUR,1961,0.9894001,3.249685,602.7092,10.39259
Turkey,TUR,1962,1.136,3.204747,616.1313,11.723189
Turkey,TUR,1963,1.3434001,4.567357,884.5835,11.327165
Turkey,TUR,1964,1.1179001,4.044199,652.91486,10.378928
Turkey,TUR,1965,1.1386,6.2515836,820.7126,10.696346
Turkey,TUR,1966,1.2727,7.9260416,755.96,12.565896
Turkey,TUR,1967,1.3034,11.700579,805.5366,10.006976
Turkey,TUR,1968,1.2157,15.774904,910.15735,11.024053
Turkey,TUR,1969,1.2917,17.675201,851.87726,11.124547
Turkey,TUR,1970,1.215,17.373856,700.2854,11.660243
Turkey,TUR,1971,1.5735,19.799423,845.22656,10.956902
Turkey,TUR,1972,1.4351001,24.76831,841.6088,10.121726
Turkey,TUR,1973,1.2381,28.28955,631.91797,10.543824
Turkey,TUR,1974,1.2942001,20.776321,676.9869,10.638965
Turkey,TUR,1975,1.6324002,35.778465,718.13104,10.573371
Turkey,TUR,1976,1.8055,47.421486,797.5973,9.997443
Turkey,TUR,1977,1.7917,50.23038,634.18756,10.824314
Turkey,TUR,1978,1.8246001,61.654697,731.0029,11.048499
Turkey,TUR,1979,1.8801,50.395493,778.43005,11.43822
Turkey,TUR,1980,1.8551,57.426758,749.563,10.738182
Turkey,TUR,1981,1.8717,50.893536,830.9538,11.343608
Turkey,TUR,1982,1.9787,60.323196,645.06274,10.037835
Turkey,TUR,1983,1.8384001,70.20826,762.8634,10.182893
Turkey,TUR,1984,1.9711001,62.890865,627.76654,10.705619
Turkey,TUR,1985,1.9310001,58.015858,695.62146,10.67194
Turkey,TUR,1986,2.1355002,61.8576,702.3156,11.105277
Turkey,TUR,1987,2.1374,71.21663,820.27026,10.506043
Turkey,TUR,1988,2.2502,65.11773,847.41156,10.542356
Turkey,TUR,1989,1.7421,72.27387,589.42554,11.063165
Turkey,TUR,1990,2.2142,76.58214,586.3854,10.88227
Turkey,TUR,1991,2.2405002,71.79376,744.00696,10.689938
Turkey,TUR,1992,2.1244,78.63066,676.1298,9.255946
Turkey,TUR,1993,2.2559,90.15154,664.3053,10.250289
Turkey,TUR,1994,1.9223001,61.01344,703.9315,11.717132
Turkey,TUR,1995,2.0573,68.97006,728.0312,10.946761
Turkey,TUR,1996,2.1123002,73.39887,774.96747,11.38178
Turkey,TUR,1997,2.1513002,75.14096,735.7622,10.3685665
Turkey,TUR,1998,2.3875,89.23033,724.3411,11.947151
Turkey,TUR,1999,2.0998,90.33943,634.65295,12.159394
Turkey,TUR,2000,2.3706002,87.66943,640.1008,11.156175
Turkey,TUR,2001,2.1783001,70.19184,722.8123,12.418049
Turkey,TUR,2002,2.242,72.79595,673.33435,11.302043
Turkey,TUR,2003,2.3086002,84.29467,708.00146,11.2846
Turkey,TUR,2004,2.4779,85.62754,659.38055,11.232323
Turkey,TUR,2005,2.6345,86.75934,720.54376,11.410769
Turkey,TUR,2006,2.6619,91.83734,682.1828,11.478962
Turkey,TUR,2007,2.4102,90.34046,644.43176,11.724922
Turkey,TUR,2008,2.6013002,71.97249,541.0944,11.617947
Turkey,TUR,2009,2.8078003,104.566154,823.38275,11.677329
Turkey,TUR,2010,2.7256002,98.375656,758.93677,13.32867
Turkey,TUR,2011,2.97,89.94114,717.69086,10.735898
Turkey,TUR,2012,2.9584,100.346405,781.95844,11.749644
Turkey,TUR,2013,3.2569,112.381355,602.89655,11.700259
Turkey,TUR,2014,2.8321002,105.33079,705.43024,12.608546
Turkey,TUR,2015,3.3078003,106.67002,748.21814,12.057125
Turkey,TUR,2016,3.1054,137.73329,730.3318,12.240869
Turkey,TUR,2017,3.2574,132.22987,644.06573,11.961178
Turkey,TUR,2018,3.1639001,109.72763,791.2256,13.326473
Turkey,TUR,2019,3.2008002,125.96609,717.6978,12.602868
Turkey,TUR,2020,3.3415,149.64204,611.0704,12.7920265
Turkey,TUR,2021,2.9185002,129.52798,651.0258,12.618084
Turkey,TUR,2022,3.4647002,114.46535,630.8248,12.206764
Turkey,TUR,2023,3.6591003,139.55748,796.86804,12.877037
Turkmenistan,TKM,1992,2.2106001,158.04214,210.41309,15.307636
Turkmenistan,TKM,1993,2.3336003,136.88292,206.9042,15.034801
Turkmenistan,TKM,1994,2.6107001,101.58764,191.69168,15.820065
Turkmenistan,TKM,1995,1.7007,101.38948,146.21701,16.80604
Turkmenistan,TKM,1996,0.82420003,104.90312,155.406,15.598899
Turkmenistan,TKM,1997,1.1864,125.77616,189.78183,16.662283
Turkmenistan,TKM,1998,2.1486,51.46279,214.4624,16.541563
Turkmenistan,TKM,1999,2.2707,59.28323,179.4784,16.811377
Turkmenistan,TKM,2000,2.1224,62.87656,122.61827,16.852018
Turkmenistan,TKM,2001,2.319,70.00174,133.78215,16.990326
Turkmenistan,TKM,2002,2.9211001,67.20738,211.53021,16.738096
Turkmenistan,TKM,2003,2.7695,69.77117,228.35522,16.054586
Turkmenistan,TKM,2004,2.9316003,79.56279,199.28236,17.141182
Turkmenistan,TKM,2005,2.9267,95.47626,171.83994,17.104692
Turkmenistan,TKM,2006,3.2884002,127.37853,151.94182,17.103449
Turkmenistan,TKM,2007,1.3000001,145.35216,168.84483,16.803715
Turkmenistan,TKM,2008,1.1,145.44173,98.03457,16.393312
Turkmenistan,TKM,2009,1.6,151.34245,209.714,16.881578
Turkmenistan,TKM,2010,1.7,153.17934,150.3878,17.476255
Turkmenistan,TKM,2011,1.366,155.01466,170.86847,16.273344
Turkmenistan,TKM,2012,1.5249001,155.5135,159.40437,16.469698
Turkmenistan,TKM,2013,1.6420001,206.71863,148.96722,17.387575
Turkmenistan,TKM,2014,1.7223002,242.78859,128.47523,16.186575
Turkmenistan,TKM,2015,1.8852,300.50504,190.5045,17.057981
Turkmenistan,TKM,2016,1.8802,239.5546,191.12263,17.353836
Turkmenistan,TKM,2017,1.8438002,228.12335,154.30513,16.901697
Turkmenistan,TKM,2018,1.4968001,274.26697,147.11493,17.183968
Turkmenistan,TKM,2019,2.2141001,260.23447,236.74197,17.403673
Turkmenistan,TKM,2020,2.1914,332.0756,171.81612,16.462751
Turkmenistan,TKM,2021,2.1252,270.9332,94.53924,17.750761
Turkmenistan,TKM,2022,1.8525001,343.24207,134.76982,17.670725
Turkmenistan,TKM,2023,1.7810001,347.3097,101.29477,18.408377
Uganda,UGA,1961,0.90230006,0.82539684,2359.4019,21.952082
Uganda,UGA,1962,0.90370005,0.84375,2288.4807,21.257538
Uganda,UGA,1963,0.92660004,0.9788926,2287.3274,21.382494
Uganda,UGA,1964,0.88440007,0.9511229,1977.6165,21.656858
Uganda,UGA,1965,0.91050005,1.1581742,1796.8024,22.068483
Uganda,UGA,1966,0.9089001,1.3961865,1880.7897,22.143435
Uganda,UGA,1967,0.9131,1.0010605,2141.5593,21.804794
Uganda,UGA,1968,1.0745001,1.2502645,2030.071,21.771997
Uganda,UGA,1969,1.1855,1.2089947,1654.5565,22.31079
Uganda,UGA,1970,1.3626001,1.8518518,1912.9812,22.002153
Uganda,UGA,1971,1.0879,2.131579,1995.315,21.735327
Uganda,UGA,1972,1.2276,1.9989611,2201.34,21.933502
Uganda,UGA,1973,1.1735001,1.8428205,1788.5214,22.42833
Uganda,UGA,1974,1.0798001,0.9113924,1868.1794,21.979391
Uganda,UGA,1975,1.3508002,0.41962734,2129.6582,21.904879
Uganda,UGA,1976,1.2172,0.40667975,1991.6615,21.98522
Uganda,UGA,1977,1.2054001,0.27342778,1964.7164,22.162489
Uganda,UGA,1978,1.2101,0.073529415,1982.1456,22.173256
Uganda,UGA,1980,1.491,0.19607843,1608.38,22.70162
Uganda,UGA,1981,1.5617,0.14563107,1848.9087,22.556244
Uganda,UGA,1984,1.0419,0.104166664,1628.0463,22.410513
Uganda,UGA,1985,1.4695001,0.040816326,1933.4963,22.112816
Uganda,UGA,1986,1.1813002,0.0776,1960.8383,22.288872
Uganda,UGA,1987,1.4275,0.235,1791.5406,23.024073
Uganda,UGA,1988,1.4383001,0.0262,1853.3851,22.630686
Uganda,UGA,1989,1.5158001,0.071,1732.1787,22.441957
Uganda,UGA,1990,1.4976001,0.0384,1782.5404,22.621698
Uganda,UGA,1991,1.4341,0.23904383,1925.8499,22.539984
Uganda,UGA,1992,1.5301001,0.15873016,1634.6935,22.71489
Uganda,UGA,1993,1.5410001,0.43650794,1512.1062,22.925003
Uganda,UGA,1994,1.4950001,0.37549406,1838.8558,22.766602
Uganda,UGA,1995,1.5712,0.256917,1665.4031,23.032057
Uganda,UGA,1996,1.2049,0.11857708,1680.2169,22.699638
Uganda,UGA,1997,1.2181001,0.11857708,1732.2477,23.12796
Uganda,UGA,1998,1.5264001,0.69586617,1478.3673,23.293655
Uganda,UGA,1999,1.6339,0.8782353,1560.2783,22.603287
Uganda,UGA,2000,1.5394001,1.2526416,1346.5776,22.873894
Uganda,UGA,2001,1.6411,1.074074,1583.1749,22.60258
Uganda,UGA,2002,1.6388001,1.3326786,1424.124,23.144644
Uganda,UGA,2003,1.6776,1.5950427,1418.6191,23.190443
Uganda,UGA,2004,1.468,1.4719328,1454.4059,23.236948
Uganda,UGA,2005,1.5738001,0.96739495,1429.4138,23.508715
Uganda,UGA,2006,1.5229001,1.2544262,1719.8425,23.01719
Uganda,UGA,2007,1.526,1.19952,1515.8162,22.981451
Uganda,UGA,2008,1.8277,2.9420154,1487.9982,22.846464
Uganda,UGA,2009,2.0386,2.0827272,1421.3715,23.48313
Uganda,UGA,2010,1.9785001,1.7194074,1702.5541,23.173141
Uganda,UGA,2011,2.0569,1.7617518,1709.249,22.955576
Uganda,UGA,2012,2.0291002,2.1252174,1652.5385,23.04952
Uganda,UGA,2013,1.9975001,2.4415941,1544.7548,23.033165
Uganda,UGA,2014,2.0806003,1.82,1474.6823,23.38224
Uganda,UGA,2015,2.0868,1.5869565,1536.5725,23.61676
Uganda,UGA,2016,1.8805001,1.9107246,1233.3881,24.075874
Uganda,UGA,2017,1.7040001,2.062029,1432.4688,23.745352
Uganda,UGA,2018,1.338,3.295797,1566.3783,23.275614
Uganda,UGA,2019,1.4011,3.3663769,1762.2958,23.512293
Uganda,UGA,2020,1.6169001,2.4424639,1825.5701,23.171005
Uganda,UGA,2021,1.9081,2.4424639,1248.4316,23.605215
Uganda,UGA,2022,1.9648001,2.6149275,1340.5607,23.551184
Uganda,UGA,2023,1.9582001,3.3285508,1545.6868,23.969503
Ukraine,UKR,1992,2.8341002,80.690605,651.29846,8.309464
Ukraine,UKR,1993,3.2893002,40.349194,668.10614,7.441095
Ukraine,UKR,1994,2.7246003,34.06326,566.39905,8.813181
Ukraine,UKR,1995,2.5123003,26.737968,727.3153,8.752116
Ukraine,UKR,1996,2.0102,15.818494,674.59534,7.643165
Ukraine,UKR,1997,2.4903002,16.988604,804.8579,7.6687627
Ukraine,UKR,1998,2.1094,15.642766,719.34766,8.569827
Ukraine,UKR,1999,2.0029001,12.764004,659.9708,9.639737
Ukraine,UKR,2000,1.9508002,13.511853,650.9804,9.395185
Ukraine,UKR,2001,2.7295,14.56803,712.5554,8.971596
Ukraine,UKR,2002,2.7522001,15.949391,620.6055,9.436369
Ukraine,UKR,2003,2.2784,15.778356,601.34344,8.198281
Ukraine,UKR,2004,2.8452,16.418016,736.51373,8.872291
Ukraine,UKR,2005,2.6230001,17.192469,663.0593,9.018169
Ukraine,UKR,2006,2.4277,21.553658,631.51965,8.570684
Ukraine,UKR,2007,2.2067,27.638897,588.56604,10.194796
Ukraine,UKR,2008,3.4869,32.786846,658.6897,9.6819935
Ukraine,UKR,2009,3.0038002,27.303406,602.8449,9.594074
Ukraine,UKR,2010,2.7266002,32.658188,698.76044,9.642576
Ukraine,UKR,2011,3.7537,38.872272,516.58954,8.933689
Ukraine,UKR,2012,3.1568003,41.40876,621.1477,9.454516
Ukraine,UKR,2013,4.0308003,45.571896,628.0244,9.774188
Ukraine,UKR,2014,4.4002004,44.908146,574.4011,9.574139
Ukraine,UKR,2015,4.1409,43.173454,558.94745,10.242948
Ukraine,UKR,2016,4.6516004,52.747437,710.1058,9.661405
Ukraine,UKR,2017,4.3146005,61.88265,598.368,9.879081
Ukraine,UKR,2018,4.8503,65.3908,595.6378,9.85419
Ukraine,UKR,2019,4.9783,65.0732,539.61615,10.656096
Ukraine,UKR,2020,4.2956004,75.588844,573.6124,10.760085
Ukraine,UKR,2021,5.4546003,78.487274,717.214,9.192981
Ukraine,UKR,2022,4.6142006,55.63935,659.22546,9.909984
Ukraine,UKR,2023,5.5781,42.52217,701.94385,10.808052
United Arab Emirates,ARE,1977,1.1667,75.0,51.232357,27.271095
United Arab Emirates,ARE,1978,1.4667001,126.166664,31.865864,26.758652
United Arab Emirates,ARE,1979,2.2429,291.66666,47.846573,27.369318
United Arab Emirates,ARE,1980,2.4096003,190.875,20.980955,27.575136
United Arab Emirates,ARE,1981,2.0187001,192.36842,15.142868,27.42866
United Arab Emirates,ARE,1982,2.0,211.61111,123.99787,26.393356
United Arab Emirates,ARE,1983,1.4178001,199.78261,138.67714,26.188517
United Arab Emirates,ARE,1984,1.6134001,113.958336,17.960102,26.980522
United Arab Emirates,ARE,1985,1.3402001,143.34616,13.779388,27.288465
United Arab Emirates,ARE,1986,1.1857,49.655174,34.775627,27.345125
United Arab Emirates,ARE,1987,1.1063001,107.586205,47.898216,27.314705
United Arab Emirates,ARE,1988,0.8083,186.2069,118.651,27.346092
United Arab Emirates,ARE,1989,1.9247,417.93103,99.59232,26.788286
United Arab Emirates,ARE,1990,4.3612003,357.14285,75.31531,27.319122
United Arab Emirates,ARE,1991,3.4941003,499.14285,32.301136,26.73108
United Arab Emirates,ARE,1992,4.3683,586.8421,107.69798,26.217031
United Arab Emirates,ARE,1993,4.1647005,692.5,84.904724,27.131552
United Arab Emirates,ARE,1994,6.4145,700.0,11.519254,27.41842
United Arab Emirates,ARE,1995,6.4740005,744.18604,102.25,27.033615
United Arab Emirates,ARE,1996,6.5021005,700.0,89.43867,27.587385
United Arab Emirates,ARE,1997,15.894001,717.7778,142.72102,27.03678
United Arab Emirates,ARE,1998,17.746302,983.3333,51.485867,28.554535
United Arab Emirates,ARE,1999,17.165802,841.8605,21.851797,28.355543
United Arab Emirates,ARE,2000,17.5047,585.0,10.217541,27.86998
United Arab Emirates,ARE,2001,17.476902,492.95773,9.306003,27.898407
United Arab Emirates,ARE,2002,18.0646,644.8,44.194088,27.963968
United Arab Emirates,ARE,2003,20.927801,755.625,31.051891,28.21856
United Arab Emirates,ARE,2004,20.3736,767.619,29.401754,28.138205
United Arab Emirates,ARE,2005,20.2152,667.05884,33.792496,28.142447
United Arab Emirates,ARE,2006,20.900803,834.3873,64.25575,28.260153
United Arab Emirates,ARE,2007,21.4286,940.58295,21.718645,28.304308
United Arab Emirates,ARE,2008,22.265902,798.64343,31.082253,27.87748
United Arab Emirates,ARE,2009,24.7166,558.497,49.230232,28.303549
United Arab Emirates,ARE,2010,18.069801,617.8656,29.489086,28.926744
United Arab Emirates,ARE,2011,24.064302,654.4346,20.87032,28.426844
United Arab Emirates,ARE,2012,12.112201,645.1213,14.307928,28.61138
United Arab Emirates,ARE,2013,36.7619,579.44,66.71332,27.77678
United Arab Emirates,ARE,2014,14.238401,385.54544,37.509743,28.001793
United Arab Emirates,ARE,2015,35.2913,462.38095,19.515322,28.916876
United Arab Emirates,ARE,2016,33.396503,407.86517,57.67253,28.222513
United Arab Emirates,ARE,2017,30.801802,350.74158,45.940903,28.944605
United Arab Emirates,ARE,2018,20.853302,326.5248,14.765528,28.955528
United Arab Emirates,ARE,2019,23.842302,298.67737,41.652977,28.69501
United Arab Emirates,ARE,2020,18.9827,351.97958,68.558235,28.583403
United Arab Emirates,ARE,2021,19.8092,327.4155,11.121059,29.088667
United Arab Emirates,ARE,2022,20.369802,326.86963,35.262764,28.873396
United Arab Emirates,ARE,2023,20.375902,326.8895,41.791115,28.97364
United Kingdom,GBR,1961,3.1765,195.2892,874.0966,8.947846
United Kingdom,GBR,1962,3.6835003,195.08015,860.97845,7.5156956
United Kingdom,GBR,1963,3.4843001,205.52577,859.13385,7.171768
United Kingdom,GBR,1964,3.7347002,203.15474,813.12103,8.305423
United Kingdom,GBR,1965,3.7501004,211.82722,982.92487,7.7022433
United Kingdom,GBR,1966,3.5447001,227.36209,990.3971,8.132559
United Kingdom,GBR,1967,3.8287,257.96964,1028.5586,8.828174
United Kingdom,GBR,1968,3.4465,246.7088,1013.82654,8.547872
United Kingdom,GBR,1969,3.6708002,226.67877,898.63306,8.470598
United Kingdom,GBR,1970,3.5689,266.6432,1013.8404,8.649644
United Kingdom,GBR,1971,3.9262002,273.26135,899.6,9.078826
United Kingdom,GBR,1972,4.0831003,243.06354,962.6726,8.468408
United Kingdom,GBR,1973,4.0777,264.5371,840.81165,8.717746
United Kingdom,GBR,1974,4.3691,238.2482,1080.5391,8.730682
United Kingdom,GBR,1975,3.8124,264.9585,863.9026,9.046558
United Kingdom,GBR,1976,3.5992,279.80853,886.348,9.054206
United Kingdom,GBR,1977,4.5133,290.27597,1002.97565,8.611785
United Kingdom,GBR,1978,4.5225,298.87543,985.89,8.50841
United Kingdom,GBR,1979,4.4972005,327.2807,1078.2223,7.791887
United Kingdom,GBR,1980,4.9442005,296.90662,1087.3555,8.532035
United Kingdom,GBR,1981,4.9331,333.1403,1085.6637,8.397843
United Kingdom,GBR,1982,5.439,368.14697,1106.2943,9.052726
United Kingdom,GBR,1983,5.3775,379.33035,1012.6398,9.142603
United Kingdom,GBR,1984,6.5909004,374.1693,979.9922,8.987593
United Kingdom,GBR,1985,5.5921,359.94278,1049.9713,8.144584
United Kingdom,GBR,1986,6.0831003,381.8444,1119.2472,7.985724
United Kingdom,GBR,1987,5.5061,358.18314,1011.0468,8.3582
United Kingdom,GBR,1988,5.3994,357.53702,1064.0234,9.074051
United Kingdom,GBR,1989,5.8667006,374.66428,961.2303,9.599486
United Kingdom,GBR,1990,6.1709003,360.72507,1047.456,9.67298
United Kingdom,GBR,1991,6.466,330.59235,912.19226,8.741015
United Kingdom,GBR,1992,6.3269,305.6149,1090.4183,9.000581
United Kingdom,GBR,1993,6.4286003,340.66656,1036.6329,8.653447
United Kingdom,GBR,1994,6.5568,375.4018,1078.0511,9.233439
United Kingdom,GBR,1995,6.8726006,369.10376,921.75146,9.511142
United Kingdom,GBR,1996,7.2999,389.63596,876.0513,8.546051
United Kingdom,GBR,1997,6.6958003,356.46985,952.08606,9.785897
United Kingdom,GBR,1998,6.6614003,332.80026,1170.2332,9.501587
United Kingdom,GBR,1999,7.0433,337.3331,1127.4916,9.690865
United Kingdom,GBR,2000,7.1648,300.20422,1217.7625,9.423863
United Kingdom,GBR,2001,6.2911005,330.9149,979.25684,9.107518
United Kingdom,GBR,2002,7.0769,323.36676,1131.2045,9.734187
United Kingdom,GBR,2003,7.0328,315.95688,846.4629,9.737461
United Kingdom,GBR,2004,7.0318003,305.55078,1078.6025,9.701168
United Kingdom,GBR,2005,7.1965003,291.84848,969.3571,9.65591
United Kingdom,GBR,2006,7.2786,256.48178,1052.4624,9.939496
United Kingdom,GBR,2007,6.6323,254.5604,1076.5902,9.80791
United Kingdom,GBR,2008,7.4202003,256.61948,1161.6356,9.2677
United Kingdom,GBR,2009,7.0296006,212.43181,1078.571,9.387999
United Kingdom,GBR,2010,6.9530005,243.04857,874.48865,8.228692
United Kingdom,GBR,2011,6.9847007,246.9482,1026.4492,9.875453
United Kingdom,GBR,2012,6.2151003,232.93625,1224.9493,8.953001
United Kingdom,GBR,2013,6.6316004,233.02582,976.55945,8.982051
United Kingdom,GBR,2014,7.6965003,247.85434,1176.3936,10.129436
United Kingdom,GBR,2015,7.9809003,252.37065,1136.916,9.443027
United Kingdom,GBR,2016,7.0226007,247.75928,996.04114,9.547414
United Kingdom,GBR,2017,7.2290006,248.5665,1023.77045,9.836843
United Kingdom,GBR,2018,6.7887006,245.61978,972.36957,9.709338
United Kingdom,GBR,2019,7.9460006,245.00467,1144.0614,9.685108
United Kingdom,GBR,2020,6.241,233.16876,1181.3411,9.900754
United Kingdom,GBR,2021,6.9668,241.43881,1062.8793,9.571002
United Kingdom,GBR,2022,7.7201004,193.50749,1031.2336,10.32771
United Kingdom,GBR,2023,7.1379004,191.43929,1178.6658,10.251937
United States,USA,1961,2.5223002,41.334282,832.2127,8.425589
United States,USA,1962,2.6831002,46.725533,737.47656,8.736434
United States,USA,1963,2.8006003,51.06483,715.5749,8.866146
United States,USA,1964,2.6393,55.029476,782.21765,8.35094
United States,USA,1965,3.0408,61.038197,780.4697,8.437188
United States,USA,1966,3.0167,69.24351,699.135,8.329983
United States,USA,1967,3.1612,76.2348,776.80237,8.687114
United States,USA,1968,3.2128003,76.85678,752.8137,8.36966
United States,USA,1969,3.4643002,76.134796,760.15094,8.600343
United States,USA,1970,3.1549,80.63532,763.5173,8.540288
United States,USA,1971,3.7256002,82.87536,764.9137,8.29205
United States,USA,1972,3.9082,85.72314,799.0785,8.239465
United States,USA,1973,3.6832001,91.543846,902.8182,8.809512
United States,USA,1974,2.9975002,88.70378,785.96625,8.73925
United States,USA,1975,3.4613001,95.64874,832.92,8.316025
United States,USA,1976,3.5330002,105.194885,724.3893,8.497608
United States,USA,1977,3.6832001,102.812325,825.2596,9.136262
United States,USA,1978,4.1098,104.88533,819.33777,8.607209
United States,USA,1979,4.4262004,110.17932,858.9985,8.520663
United States,USA,1980,3.7719002,112.83098,812.5183,9.018869
United States,USA,1981,4.2567005,106.99803,842.5526,9.588513
United States,USA,1982,4.3706,93.242905,933.30396,8.404532
United States,USA,1983,3.5359,98.80413,931.55786,8.821347
United States,USA,1984,4.3741,105.16179,864.93896,8.659366
United States,USA,1985,4.7633,98.55976,868.08997,8.478724
United States,USA,1986,4.6989,93.14966,882.60333,9.373372
United States,USA,1987,4.7354,94.80426,836.0444,9.489453
United States,USA,1988,3.7069001,95.628426,764.80133,9.2101965
United States,USA,1989,4.4739003,98.81633,815.8541,8.793193
United States,USA,1990,4.7551003,100.45579,872.50146,9.467429
United States,USA,1991,4.5076003,100.837036,876.9193,9.3998995
United States,USA,1992,5.3578,102.86987,852.38104,8.921977
United States,USA,1993,4.2988,108.924866,908.1066,8.794298
United States,USA,1994,5.5600004,108.1245,843.48615,9.263078
United States,USA,1995,4.6448,108.80798,864.4778,9.285535
United States,USA,1996,5.1753,112.93845,874.5525,8.587979
United States,USA,1997,5.2753,113.83184,842.75116,8.888676
United States,USA,1998,5.6765003,112.339836,886.68536,9.86294
United States,USA,1999,5.7365003,111.76106,764.4831,9.3794775
United States,USA,2000,5.8543,108.683784,770.74084,9.437106
United States,USA,2001,5.8911004,110.09085,771.66174,9.53598
United States,USA,2002,5.5468,111.88176,784.2211,9.616954
United States,USA,2003,6.0237007,124.19373,805.9684,9.5446615
United States,USA,2004,6.8511004,119.23219,858.4184,9.543204
United States,USA,2005,6.4507003,115.91133,792.345,9.853945
United States,USA,2006,6.4004,126.57939,789.2378,9.965974
United States,USA,2007,6.7044,120.37526,750.17535,9.86437
United States,USA,2008,6.5983,99.97286,817.4463,8.99052
United States,USA,2009,7.2262006,118.9569,839.14166,9.107009
United States,USA,2010,6.9781003,124.74207,802.9233,9.511647
United States,USA,2011,6.8035,130.28214,799.35376,9.549898
United States,USA,2012,5.9119,134.98807,725.9574,10.389627
United States,USA,2013,7.3009005,135.67348,811.2086,9.19625
United States,USA,2014,7.6381006,128.08925,796.811,9.448188
United States,USA,2015,7.4301004,129.18433,868.93414,10.340372
United States,USA,2016,8.614201,128.04004,826.104,10.816186
United States,USA,2017,8.281301,127.96724,871.91254,10.459979
United States,USA,2018,8.196,130.33768,923.7871,10.083268
United States,USA,2019,8.005501,130.0855,938.009,9.849836
United States,USA,2020,8.1448,134.60254,813.39215,10.273098
United States,USA,2021,8.2465,130.58636,834.5193,10.219087
United States,USA,2022,8.0658,127.804794,797.21136,9.867122
United States,USA,2023,8.33,127.79695,815.2017,10.353625
Uruguay,URY,1961,0.8597,9.250204,1161.034,17.197458
Uruguay,URY,1962,0.9369001,10.934892,757.342,16.510729
Uruguay,URY,1963,0.7946,13.38751,1554.1118,17.05386
Uruguay,URY,1964,1.0842,17.880316,894.24976,16.213766
Uruguay,URY,1965,0.95140004,15.488978,904.2706,17.241919
Uruguay,URY,1966,0.87250006,21.410435,1130.3663,16.462599
Uruguay,URY,1967,0.75310004,19.639751,1602.4388,17.506426
Uruguay,URY,1968,0.89050007,33.727722,1293.3176,17.230082
Uruguay,URY,1969,1.0388001,30.733812,1028.5302,17.34789
Uruguay,URY,1970,1.1570001,38.40244,1344.6788,17.408339
Uruguay,URY,1971,1.0350001,50.0,1218.4884,16.862646
Uruguay,URY,1972,1.1178001,45.4231,1398.8685,17.307426
Uruguay,URY,1973,1.2652,45.831352,1346.7319,17.049032
Uruguay,URY,1974,1.3852,41.301704,1203.4038,16.930521
Uruguay,URY,1975,1.1578001,29.551123,1085.9701,17.135164
Uruguay,URY,1976,1.2962,47.31458,1216.4678,16.471365
Uruguay,URY,1977,1.0795001,41.46982,1547.4977,17.659239
Uruguay,URY,1978,1.3439001,39.083557,1261.8383,17.11981
Uruguay,URY,1979,1.5092,63.589745,853.5785,17.055964
Uruguay,URY,1980,1.6183001,57.66215,1487.4153,17.716185
Uruguay,URY,1981,1.8041,45.854362,1266.7982,17.418589
Uruguay,URY,1982,2.056,44.160583,1419.3899,17.676783
Uruguay,URY,1983,1.8763001,29.689808,1337.8915,17.011374
Uruguay,URY,1984,1.9552001,39.61136,1540.8926,16.856468
Uruguay,URY,1985,1.8409001,45.537064,1218.9395,17.703773
Uruguay,URY,1986,1.8706001,40.8815,1617.6107,17.77064
Uruguay,URY,1987,2.1001003,46.940357,1238.1246,17.261517
Uruguay,URY,1988,2.539,54.116863,1079.8922,16.602037
Uruguay,URY,1989,2.6337001,56.19968,843.68774,17.88688
Uruguay,URY,1990,2.1823,57.924255,1563.113,17.221817
Uruguay,URY,1991,2.4194,62.857258,1407.8163,17.43426
Uruguay,URY,1992,2.7334,64.088394,1318.7648,16.97072
Uruguay,URY,1993,2.4786003,71.09375,1461.0004,17.084278
Uruguay,URY,1994,2.9694,48.723896,1304.717,17.617487
Uruguay,URY,1995,3.1878002,50.535988,1103.0015,17.089874
Uruguay,URY,1996,3.2901003,116.376045,1116.201,17.270502
Uruguay,URY,1997,3.078,96.92423,1296.966,17.806955
Uruguay,URY,1998,3.4349,96.510765,1688.4634,16.895346
Uruguay,URY,1999,3.8962002,77.50698,1128.3639,17.109684
Uruguay,URY,2000,3.8920002,75.835396,1487.9587,17.256319
Uruguay,URY,2001,3.3386002,84.36166,1536.9734,18.040487
Uruguay,URY,2002,3.4674,61.02679,2002.1923,17.493967
Uruguay,URY,2003,3.5040002,110.6296,1398.5419,17.024479
Uruguay,URY,2004,4.4097004,129.98848,967.8497,17.615595
Uruguay,URY,2005,4.3399,140.55603,1220.1036,17.724874
Uruguay,URY,2006,4.4935,148.69699,1130.6302,17.903763
Uruguay,URY,2007,4.3472004,139.51152,1360.7429,17.152613
Uruguay,URY,2008,4.3246,104.41402,824.0108,17.77463
Uruguay,URY,2009,3.8849,93.92574,1318.6577,17.371796
Uruguay,URY,2010,4.1764,145.78357,1253.9534,17.375416
Uruguay,URY,2011,4.4109,131.58801,1082.6323,17.325857
Uruguay,URY,2012,4.0705004,178.15,1323.8427,18.054081
Uruguay,URY,2013,3.7662,252.24857,1092.3904,17.251896
Uruguay,URY,2014,4.3518,184.4912,1612.6328,17.811281
Uruguay,URY,2015,4.1429,115.74405,1235.0575,17.879152
Uruguay,URY,2016,4.7667003,153.18196,1347.5824,17.249022
Uruguay,URY,2017,5.0566006,157.18393,1368.8916,18.429832
Uruguay,URY,2018,3.9411004,187.25578,1131.0067,17.976957
Uruguay,URY,2019,5.3294,167.01048,1604.014,17.705374
Uruguay,URY,2020,4.9636,193.95277,857.0221,17.60807
Uruguay,URY,2021,5.4968,211.07976,1052.4509,17.672289
Uruguay,URY,2022,5.2983003,177.99942,930.05554,17.201462
Uruguay,URY,2023,4.5936003,174.38261,1170.9935,18.117233
Uzbekistan,UZB,1992,2.0048,298.9942,283.27985,12.43818
Uzbekistan,UZB,1993,1.7853001,276.98502,310.34857,11.559678
Uzbekistan,UZB,1994,1.7205001,189.34647,258.76593,12.317491
Uzbekistan,UZB,1995,2.0525,212.17877,186.80418,13.6494055
Uzbekistan,UZB,1996,2.0091,234.65147,190.84508,12.091495
Uzbekistan,UZB,1997,2.1671002,195.46571,265.79608,13.6409445
Uzbekistan,UZB,1998,2.5878003,184.10005,315.68652,13.009175
Uzbekistan,UZB,1999,2.6308002,172.98505,252.0688,13.70061
Uzbekistan,UZB,2000,2.6843002,163.21428,181.61282,13.64017
Uzbekistan,UZB,2001,3.0429,160.74538,194.06874,13.772805
Uzbekistan,UZB,2002,3.7659001,160.3479,321.27917,13.61499
Uzbekistan,UZB,2003,3.5224001,155.90552,351.4431,12.842316
Uzbekistan,UZB,2004,3.5961003,141.85202,269.70645,14.282464
Uzbekistan,UZB,2005,4.0421004,149.30157,244.05423,13.943154
Uzbekistan,UZB,2006,4.1032004,165.20332,227.34898,13.622772
Uzbekistan,UZB,2007,4.3969,169.05713,225.39517,13.878106
Uzbekistan,UZB,2008,4.2853,175.86942,178.87836,13.19711
Uzbekistan,UZB,2009,4.5531,197.8967,280.72412,13.581111
Uzbekistan,UZB,2010,4.4342003,205.38974,221.02998,14.188333
Uzbekistan,UZB,2011,4.4145,213.02371,219.5722,13.027172
Uzbekistan,UZB,2012,4.5979,211.38617,216.85081,13.141717
Uzbekistan,UZB,2013,4.7464004,232.74919,226.09515,14.369639
Uzbekistan,UZB,2014,4.8066,244.66197,223.76555,12.620373
Uzbekistan,UZB,2015,4.8352003,248.69215,289.29794,14.071297
Uzbekistan,UZB,2016,4.827,253.7343,277.28082,14.533913
Uzbekistan,UZB,2017,4.2982006,254.29515,227.068,13.707873
Uzbekistan,UZB,2018,4.1039,217.95885,212.01614,13.452763
Uzbekistan,UZB,2019,4.5540004,272.4688,257.48096,14.4532585
Uzbekistan,UZB,2020,4.5146003,268.25653,217.19316,13.465741
Uzbekistan,UZB,2021,4.7804003,296.83896,159.20175,14.480733
Uzbekistan,UZB,2022,5.0117006,237.15924,236.70306,14.403243
Uzbekistan,UZB,2023,5.3477006,303.0417,187.66164,15.270204
Vanuatu,VUT,2002,0.52620006,7.4,2509.1296,25.000183
Vanuatu,VUT,2003,0.53180003,6.25,1831.8425,24.833084
Vanuatu,VUT,2004,0.5324001,13.45,1857.8197,24.777306
Vanuatu,VUT,2005,0.531,12.35,1997.7281,24.905807
Vanuatu,VUT,2006,0.5357,10.0,2205.364,24.780952
Vanuatu,VUT,2007,0.55170006,20.2,2460.9,25.299414
Vanuatu,VUT,2008,0.54670006,27.0,2626.0447,25.04435
Vanuatu,VUT,2009,0.5581,57.55,2435.672,24.768438
Vanuatu,VUT,2010,0.5636,70.3,2228.4646,25.31452
Vanuatu,VUT,2011,0.5708,70.25,2900.8457,25.047897
Vanuatu,VUT,2012,0.57140005,75.15,2996.1826,24.88772
Vanuatu,VUT,2013,0.6333,69.25,2622.4062,25.061417
Vanuatu,VUT,2014,0.6158,79.05,2187.1414,24.971565
Vanuatu,VUT,2015,0.60080004,54.95,2152.4473,24.867895
Vanuatu,VUT,2016,0.6018,58.65,1563.7355,25.414368
Vanuatu,VUT,2017,0.6068,43.65,2295.0708,25.205515
Vanuatu,VUT,2018,0.6131,55.7,2430.6978,24.97184
Vanuatu,VUT,2019,0.61980003,52.45,2039.2413,25.035719
Vanuatu,VUT,2020,0.62450004,42.3,2778.1426,25.27198
Vanuatu,VUT,2021,0.6271,53.7,2590.586,25.28673
Vanuatu,VUT,2022,0.6287,77.35,3368.0757,25.696775
Vanuatu,VUT,2023,0.63240004,77.35,2481.7205,25.14074
Venezuela,VEN,1961,1.1156,6.551724,2104.3274,25.04888
Venezuela,VEN,1962,1.164,5.5172415,2229.768,25.00706
Venezuela,VEN,1963,1.1191,8.956252,2123.9463,25.155884
Venezuela,VEN,1964,1.1997,11.35191,2141.147,25.105604
Venezuela,VEN,1965,1.2715001,12.023359,1907.5621,24.945112
Venezuela,VEN,1966,1.3083001,11.631308,2057.5469,25.275126
Venezuela,VEN,1967,1.1804001,14.785421,2028.8323,24.789246
Venezuela,VEN,1968,1.2332,18.305927,2236.108,24.825861
Venezuela,VEN,1969,1.2008001,16.084816,2413.3787,24.956148
Venezuela,VEN,1970,1.3051001,20.290003,2359.1968,24.639574
Venezuela,VEN,1971,1.2348001,22.812054,2031.5405,24.306864
Venezuela,VEN,1972,1.2643001,29.17562,2274.7222,24.591803
Venezuela,VEN,1973,1.3684001,31.413794,2312.1338,24.733818
Venezuela,VEN,1974,1.4516001,44.25499,2182.415,24.348604
Venezuela,VEN,1975,1.6346,48.32611,2350.958,24.433989
Venezuela,VEN,1976,1.5493001,55.28743,2139.0078,24.40714
Venezuela,VEN,1977,1.8926,59.247974,2115.1177,24.963501
Venezuela,VEN,1978,1.8687,66.59898,2359.803,24.967964
Venezuela,VEN,1979,1.9133002,75.3079,2299.449,25.07959
Venezuela,VEN,1980,1.9141,81.54379,2022.8354,25.034203
Venezuela,VEN,1981,1.8854,51.946507,2331.0781,24.926323
Venezuela,VEN,1982,1.9735001,56.49235,2124.8733,24.778969
Venezuela,VEN,1983,1.9364002,56.93727,2043.4902,25.321424
Venezuela,VEN,1984,2.0301,98.818756,2107.3801,24.78817
Venezuela,VEN,1985,2.0291002,139.83545,2134.0122,24.56896
Venezuela,VEN,1986,1.9470001,164.79741,2235.3975,24.68009
Venezuela,VEN,1987,1.9941001,196.22215,2177.2026,25.463282
Venezuela,VEN,1988,2.1237001,215.19696,2298.4338,25.184362
Venezuela,VEN,1989,2.3434,181.11424,2132.369,24.612574
Venezuela,VEN,1990,2.4861002,153.24858,2345.873,24.953619
Venezuela,VEN,1991,2.5587,139.45148,2168.1282,24.913507
Venezuela,VEN,1992,2.5928001,123.79854,2003.8342,24.987604
Venezuela,VEN,1993,2.9396002,108.50327,2237.568,25.0067
Venezuela,VEN,1994,2.9628003,94.870804,2098.449,25.102013
Venezuela,VEN,1995,2.9741004,114.9248,2073.1697,25.292992
Venezuela,VEN,1996,3.0343,117.624374,2228.1367,24.927713
Venezuela,VEN,1997,3.084,112.22522,1863.7715,25.125671
Venezuela,VEN,1998,3.0925002,85.49942,2321.562,25.636793
Venezuela,VEN,1999,3.3221002,79.44466,2362.1226,24.776316
Venezuela,VEN,2000,3.2479,108.67052,2182.7764,24.796112
Venezuela,VEN,2001,3.3086002,115.47344,1980.6296,25.105072
Venezuela,VEN,2002,3.1848001,115.85835,2174.0938,25.286047
Venezuela,VEN,2003,3.2106001,116.73077,2256.4324,25.451157
Venezuela,VEN,2004,3.3858001,120.754715,2348.103,25.373238
Venezuela,VEN,2005,3.3538003,132.20338,2208.4148,25.720182
Venezuela,VEN,2006,3.4157002,115.254234,2277.417,25.557074
Venezuela,VEN,2007,3.5944002,140.58293,2281.6877,25.642775
Venezuela,VEN,2008,3.4284,183.7963,2388.2651,25.357943
Venezuela,VEN,2009,3.1716003,171.71538,1879.0142,25.873201
Venezuela,VEN,2010,3.5760002,181.9,2672.0745,25.967966
Venezuela,VEN,2011,3.4611003,187.08577,2535.9578,25.462538
Venezuela,VEN,2012,3.7602,197.45923,2368.3896,25.488214
Venezuela,VEN,2013,4.0073004,200.02924,2215.1433,25.82715
Venezuela,VEN,2014,4.0407,188.87808,2054.654,25.906286
Venezuela,VEN,2015,3.5057,190.43922,1929.5769,26.274065
Venezuela,VEN,2016,3.4582002,178.11539,2303.1145,26.164762
Venezuela,VEN,2017,3.1227002,150.5,2268.0322,25.551544
Venezuela,VEN,2018,2.8833003,124.84615,2177.679,25.579935
Venezuela,VEN,2019,3.1326003,47.139614,2067.6543,25.807573
Venezuela,VEN,2020,4.0348,53.976154,2008.7999,25.976387
Venezuela,VEN,2021,4.4546003,50.886154,2249.8245,25.2264
Venezuela,VEN,2022,4.2623,50.886154,2262.3047,25.282928
Venezuela,VEN,2023,4.3688,50.886154,1785.3557,26.164383
Vietnam,VNM,1961,1.8564001,16.036036,2006.0459,23.248884
Vietnam,VNM,1962,1.9533001,17.117117,1827.2081,22.906387
Vietnam,VNM,1963,2.0709,18.918919,1923.9431,22.899675
Vietnam,VNM,1964,1.9098002,16.576576,2193.598,23.121172
Vietnam,VNM,1965,1.8984001,14.054054,1912.0581,22.98028
Vietnam,VNM,1966,1.7620001,8.288288,1984.212,23.175348
Vietnam,VNM,1967,1.8786001,20.905924,1692.7776,22.873093
Vietnam,VNM,1968,1.6810001,20.303041,1770.3474,23.219162
Vietnam,VNM,1969,1.7568002,49.206787,1707.6342,23.521608
Vietnam,VNM,1970,2.1037002,55.287567,1982.4747,23.319052
Vietnam,VNM,1971,2.1679,51.101242,2225.1968,22.709269
Vietnam,VNM,1972,2.1439,45.689205,2384.9229,23.302576
Vietnam,VNM,1973,2.1680002,43.732395,2381.9321,23.715342
Vietnam,VNM,1974,2.1146002,49.789474,2077.9902,23.080004
Vietnam,VNM,1975,2.0641003,57.894737,2315.334,23.050764
Vietnam,VNM,1976,2.1679,45.932205,1938.4912,22.852516
Vietnam,VNM,1977,1.8736,70.16722,1815.3829,23.088335
Vietnam,VNM,1978,1.7461001,56.892815,2333.947,23.291246
Vietnam,VNM,1979,2.0026,27.336683,2039.0342,23.573107
Vietnam,VNM,1980,2.0161002,26.123905,2335.8813,23.63355
Vietnam,VNM,1981,2.1279,37.1154,2420.8384,23.563507
Vietnam,VNM,1982,2.4336002,46.714287,2018.4648,23.406662
Vietnam,VNM,1983,2.5394,63.94872,2081.2373,23.374662
Vietnam,VNM,1984,2.6458,64.41581,2018.0068,23.102163
Vietnam,VNM,1985,2.6918,83.54701,2169.0034,23.171198
Vietnam,VNM,1986,2.7151003,94.08438,2206.2961,23.300354
Vietnam,VNM,1987,2.6068,76.29817,1977.9297,24.000372
Vietnam,VNM,1988,2.8498,105.5207,2019.7018,23.528563
Vietnam,VNM,1989,3.0892,104.256485,2054.5745,23.28752
Vietnam,VNM,1990,3.0729,104.94081,2175.9834,23.727346
Vietnam,VNM,1991,3.0064,145.65947,1869.3025,23.81479
Vietnam,VNM,1992,3.2126002,139.1936,1935.1346,23.395014
Vietnam,VNM,1993,3.3616002,136.71138,1951.9218,23.415115
Vietnam,VNM,1994,3.4587002,216.85579,2088.6782,23.670227
Vietnam,VNM,1995,3.5700002,226.48529,2019.3542,23.456003
Vietnam,VNM,1996,3.6663003,267.28485,2263.3706,23.269035
Vietnam,VNM,1997,3.7583003,259.65067,1994.8547,23.699957
Vietnam,VNM,1998,3.8760002,322.21066,1969.777,24.474792
Vietnam,VNM,1999,3.9712002,342.93332,2139.4019,23.545944
Vietnam,VNM,2000,4.1124,365.64517,2090.4995,23.547087
Vietnam,VNM,2001,4.1673,286.73483,1981.909,23.768074
Vietnam,VNM,2002,4.4409003,295.48758,1935.945,24.056368
Vietnam,VNM,2003,4.5067005,332.9292,1831.7561,24.094538
Vietnam,VNM,2004,4.6909003,367.8145,1659.2001,23.656012
Vietnam,VNM,2005,4.7262006,339.6488,1979.6188,23.769905
Vietnam,VNM,2006,4.7498,342.97244,1918.3613,23.983198
Vietnam,VNM,2007,4.8462005,403.51782,2163.56,23.811234
Vietnam,VNM,2008,4.8976,303.4636,2233.2998,23.272886
Vietnam,VNM,2009,5.0803,443.77652,2027.3875,23.911034
Vietnam,VNM,2010,5.1775002,365.2535,2169.1658,24.365013
Vietnam,VNM,2011,5.3812003,353.75668,2080.6099,23.150015
Vietnam,VNM,2012,5.4620004,371.13757,2001.8674,24.048859
Vietnam,VNM,2013,5.4255004,483.85797,2231.4158,23.915956
Vietnam,VNM,2014,5.5778003,436.84857,1928.853,23.993391
Vietnam,VNM,2015,5.6012006,432.27353,1812.2073,24.550758
Vietnam,VNM,2016,5.4410005,424.69748,2053.8416,24.519997
Vietnam,VNM,2017,5.4344,457.98636,2375.5344,24.203035
Vietnam,VNM,2018,5.6854,417.43604,2113.5044,24.241026
Vietnam,VNM,2019,5.7158003,432.69635,1821.761,24.815218
Vietnam,VNM,2020,5.7973,456.87445,2144.9512,24.412867
Vietnam,VNM,2021,5.9471,460.03787,2075.221,24.116922
Vietnam,VNM,2022,5.9039,418.4247,2236.6235,23.97204
Vietnam,VNM,2023,5.9953003,419.94952,1920.7396,24.514395
Yemen,YEM,1966,0.777,0.011450382,130.71884,24.375257
Yemen,YEM,1967,0.79420006,0.015186029,201.29533,23.980673
Yemen,YEM,1968,0.7936,0.026475038,196.018,23.981432
Yemen,YEM,1969,0.81020004,0.40617934,113.65675,24.615295
Yemen,YEM,1970,0.78080004,0.075075075,135.57787,24.413656
Yemen,YEM,1971,0.85370004,0.29850745,160.83066,23.5558
Yemen,YEM,1972,0.7871,0.527881,181.59041,24.18769
Yemen,YEM,1973,0.84370005,0.9,117.09785,24.395975
Yemen,YEM,1974,0.79980004,1.0627307,166.73167,24.003538
Yemen,YEM,1975,0.95100003,4.447542,194.18831,24.141466
Yemen,YEM,1976,0.82320005,2.2391782,146.78622,24.214407
Yemen,YEM,1977,0.8833,2.156273,296.77402,24.251432
Yemen,YEM,1978,0.95650005,8.131868,178.57562,24.5056
Yemen,YEM,1979,0.9973,10.717423,154.11627,24.873388
Yemen,YEM,1980,1.0165,8.286237,118.893936,25.249552
Yemen,YEM,1981,1.0990001,8.760234,160.15668,24.945633
Yemen,YEM,1982,0.9614001,9.046783,189.04704,24.89354
Yemen,YEM,1983,0.5264,11.407895,254.03177,24.534163
Yemen,YEM,1984,0.5331,14.239766,103.18984,24.608015
Yemen,YEM,1985,0.5183,13.629738,167.73941,24.990929
Yemen,YEM,1986,0.804,11.793003,146.32082,24.890799
Yemen,YEM,1987,0.84020007,6.773256,168.35895,25.302336
Yemen,YEM,1988,0.97050005,12.936047,170.38457,25.27797
Yemen,YEM,1989,1.005,12.617561,191.52106,24.790255
Yemen,YEM,1990,0.90770006,14.746552,124.56961,25.73803
Yemen,YEM,1991,0.69970006,12.827225,99.895584,25.48266
Yemen,YEM,1992,1.1103001,10.595065,181.57399,24.830833
Yemen,YEM,1993,1.1093001,6.781751,182.0455,25.15184
Yemen,YEM,1994,1.0916001,7.191149,117.374985,25.404081
Yemen,YEM,1995,1.105,8.022045,173.64548,25.33056
Yemen,YEM,1996,0.9371,4.9180326,206.29599,25.258118
Yemen,YEM,1997,0.89540005,12.009956,182.14647,25.781904
Yemen,YEM,1998,1.0815,11.2551155,180.69603,26.056595
Yemen,YEM,1999,1.1112,9.750484,150.51892,25.718275
Yemen,YEM,2000,1.085,9.836893,147.8537,25.63463
Yemen,YEM,2001,1.0643001,11.1186905,157.74643,25.548988
Yemen,YEM,2002,0.94380003,8.19788,152.03793,25.546928
Yemen,YEM,2003,0.78520006,4.496805,143.07057,25.7191
Yemen,YEM,2004,0.71520007,13.664151,123.107544,25.743109
Yemen,YEM,2005,0.7131,3.808081,150.34608,25.987898
Yemen,YEM,2006,0.93020004,8.423581,135.99542,26.015654
Yemen,YEM,2007,1.0195,21.406593,168.1628,26.029099
Yemen,YEM,2008,0.9391,14.634538,138.09726,25.418322
Yemen,YEM,2009,0.99520004,12.040991,96.4362,26.173605
Yemen,YEM,2010,1.0924001,19.457785,181.25815,26.019495
Yemen,YEM,2011,1.0225,12.403101,118.73014,25.90594
Yemen,YEM,2012,1.0644001,16.023256,94.59859,26.024649
Yemen,YEM,2013,1.0082,30.376352,136.35944,25.795603
Yemen,YEM,2014,0.96270007,22.431519,123.82611,25.94589
Yemen,YEM,2015,0.7842001,1.794128,128.55107,26.089834
Yemen,YEM,2016,0.68700004,18.98248,166.56631,26.079948
Yemen,YEM,2017,0.69900006,12.731729,110.46023,25.988747
Yemen,YEM,2018,0.6828,1.6478149,174.57062,25.719923
Yemen,YEM,2019,0.86490005,11.778929,155.40813,26.2724
Yemen,YEM,2020,1.0646,10.660622,214.48927,25.859894
Yemen,YEM,2021,0.91490006,4.607945,144.84229,25.819654
Yemen,YEM,2022,0.8712,7.490501,118.8342,25.867477
Yemen,YEM,2023,0.818,8.930052,145.8443,26.596375
Zambia,ZMB,1961,0.82220006,4.0015693,1415.8024,20.996374
Zambia,ZMB,1962,0.80140007,3.3346395,1323.3462,21.30969
Zambia,ZMB,1963,0.70690006,3.5520186,1286.4758,21.18614
Zambia,ZMB,1964,0.7889001,4.0561323,1028.8381,21.309553
Zambia,ZMB,1965,0.82350004,4.2242703,919.5716,21.175495
Zambia,ZMB,1966,0.878,4.589917,1024.8846,21.742395
Zambia,ZMB,1967,0.8696,5.5389223,1042.4811,21.318579
Zambia,ZMB,1968,0.78520006,7.060998,1043.4253,21.38588
Zambia,ZMB,1969,0.77400005,6.0018287,1388.5203,21.29297
Zambia,ZMB,1970,0.6244001,13.101339,1070.379,21.527884
Zambia,ZMB,1971,0.87630004,18.42946,1126.2904,21.139158
Zambia,ZMB,1972,1.0071,14.391109,1123.1644,21.226004
Zambia,ZMB,1973,0.83870006,14.92136,997.5348,21.561762
Zambia,ZMB,1974,0.96770006,21.088436,1270.2717,20.697855
Zambia,ZMB,1975,1.3111,18.222221,1024.2698,21.088778
Zambia,ZMB,1976,1.3757,20.151567,1268.2917,20.698315
Zambia,ZMB,1977,1.5047001,23.429365,1228.1874,21.64742
Zambia,ZMB,1978,1.5154,18.589273,1553.4126,21.136305
Zambia,ZMB,1979,1.5291001,25.028187,1190.6381,21.052505
Zambia,ZMB,1980,1.5675001,33.704975,1038.4952,21.415289
Zambia,ZMB,1981,1.9306,35.67839,1050.807,21.35169
Zambia,ZMB,1982,1.5721,34.036007,1132.0369,21.481867
Zambia,ZMB,1983,1.6512,27.4788,1050.3405,22.303091
Zambia,ZMB,1984,1.6461,22.00939,1084.1653,21.629494
Zambia,ZMB,1985,1.8428001,30.685682,1152.5665,21.232866
Zambia,ZMB,1986,1.9306,28.861643,1242.1194,21.095549
Zambia,ZMB,1987,1.6103002,34.988983,941.9295,22.366182
Zambia,ZMB,1988,2.4574,31.248652,1044.4736,21.832716
Zambia,ZMB,1989,1.7173002,27.429955,1225.143,21.467993
Zambia,ZMB,1990,1.3519001,20.581114,1001.3423,21.94052
Zambia,ZMB,1991,1.6406001,22.682758,1057.1166,21.653421
Zambia,ZMB,1992,0.7631,30.406622,878.5167,22.24829
Zambia,ZMB,1993,2.3029,30.719425,1184.7867,21.702543
Zambia,ZMB,1994,1.4175,20.701754,949.2399,21.870073
Zambia,ZMB,1995,1.3314,19.338959,898.7988,22.481413
Zambia,ZMB,1996,1.9117,18.073137,1016.2675,22.128122
Zambia,ZMB,1997,1.4134,19.936708,1159.524,21.955072
Zambia,ZMB,1998,1.2112,12.90436,1062.097,22.446966
Zambia,ZMB,1999,1.3236,11.959212,1015.7202,21.705368
Zambia,ZMB,2000,1.6823001,11.037623,1192.4712,21.69634
Zambia,ZMB,2001,1.4037,13.37252,1151.6779,21.734009
Zambia,ZMB,2002,1.6296,26.074749,977.0846,22.070784
Zambia,ZMB,2003,1.7212,26.17293,1029.4921,21.975927
Zambia,ZMB,2004,1.8253001,29.904612,1128.6119,21.643747
Zambia,ZMB,2005,1.9054002,27.983866,852.6856,22.58748
Zambia,ZMB,2006,2.1459,25.677067,1119.0748,21.720915
Zambia,ZMB,2007,2.2586002,32.33435,1169.6581,21.865034
Zambia,ZMB,2008,2.1880002,38.65662,1175.7472,21.602594
Zambia,ZMB,2009,2.0722,25.777746,1149.3655,21.626154
Zambia,ZMB,2010,2.5409,29.173529,1201.8278,22.092993
Zambia,ZMB,2011,2.7451003,46.14722,1122.5251,21.740631
Zambia,ZMB,2012,2.7088,37.626053,1128.859,21.921982
Zambia,ZMB,2013,2.5961003,48.97216,1091.9188,22.217981
Zambia,ZMB,2014,2.7749,51.83081,1065.2769,22.279848
Zambia,ZMB,2015,3.0264,57.421623,1029.0343,22.367113
Zambia,ZMB,2016,2.4322,65.71487,1107.4246,22.505014
Zambia,ZMB,2017,2.4899,72.05316,1261.714,21.990675
Zambia,ZMB,2018,2.1681,52.51342,1120.212,22.302765
Zambia,ZMB,2019,2.4004,67.57552,1009.2533,22.6176
Zambia,ZMB,2020,2.4816003,79.76421,1274.906,22.167938
Zambia,ZMB,2021,2.525,63.904472,1050.0148,22.126816
Zambia,ZMB,2022,2.4574,64.56237,1299.1578,21.918219
Zambia,ZMB,2023,2.3438,77.27105,1118.8341,22.731789
Zimbabwe,ZWE,1961,0.9197,42.22881,660.16364,21.144215
Zimbabwe,ZWE,1962,0.90590006,38.432087,932.73883,20.806932
Zimbabwe,ZWE,1963,0.82250005,44.45724,701.5687,20.454077
Zimbabwe,ZWE,1964,0.8205,61.876003,583.5567,20.751434
Zimbabwe,ZWE,1965,0.9308,64.73027,296.4225,20.668823
Zimbabwe,ZWE,1966,0.93780005,66.047615,686.8101,21.051632
Zimbabwe,ZWE,1967,1.2945001,69.82631,578.1645,20.708328
Zimbabwe,ZWE,1968,1.0202,67.76318,617.1841,20.909187
Zimbabwe,ZWE,1969,1.1453001,71.71446,915.3825,20.686941
Zimbabwe,ZWE,1970,0.9423,77.22064,498.88342,21.515793
Zimbabwe,ZWE,1971,1.3919001,91.421074,606.3529,21.021265
Zimbabwe,ZWE,1972,1.6370001,81.912224,706.83344,20.544903
Zimbabwe,ZWE,1973,0.9613,94.71704,709.0222,20.93968
Zimbabwe,ZWE,1974,1.4855001,90.398766,877.77496,19.851414
Zimbabwe,ZWE,1975,1.3602,83.38154,728.0538,20.200632
Zimbabwe,ZWE,1976,1.3941001,67.36942,800.54224,20.035559
Zimbabwe,ZWE,1977,1.4759,50.672123,956.1305,20.777277
Zimbabwe,ZWE,1978,1.3789,58.787083,1014.8608,20.240927
Zimbabwe,ZWE,1979,1.1442,57.25269,601.4243,20.592182
Zimbabwe,ZWE,1980,1.1848001,85.082,691.0557,20.734875
Zimbabwe,ZWE,1981,1.7479001,80.223816,859.41473,20.124418
Zimbabwe,ZWE,1982,1.1386,68.62054,533.15796,21.199444
Zimbabwe,ZWE,1983,0.633,63.772934,562.4314,22.089136
Zimbabwe,ZWE,1984,0.7896,53.59368,683.14264,21.232626
Zimbabwe,ZWE,1985,1.8670001,67.09325,825.49915,20.697525
Zimbabwe,ZWE,1986,1.6926,58.441555,774.7165,20.73465
Zimbabwe,ZWE,1987,0.85300004,54.777702,517.02216,22.078142
Zimbabwe,ZWE,1988,1.5899001,60.225716,745.28345,21.061857
Zimbabwe,ZWE,1989,1.508,53.9822,747.3398,21.13209
Zimbabwe,ZWE,1990,1.6240001,55.945404,645.4315,21.51203
Zimbabwe,ZWE,1991,1.3360001,53.793324,600.0088,21.43233
Zimbabwe,ZWE,1992,0.41210002,40.570103,529.44794,22.42407
Zimbabwe,ZWE,1993,1.5020001,54.98438,742.42773,21.483828
Zimbabwe,ZWE,1994,1.1345,53.918846,514.75635,21.25778
Zimbabwe,ZWE,1995,0.5482,46.14264,547.15497,22.061523
Zimbabwe,ZWE,1996,1.2587,50.54844,880.6885,21.01401
Zimbabwe,ZWE,1997,1.0542,53.740414,873.7045,20.976858
Zimbabwe,ZWE,1998,1.0166,54.070705,782.93616,21.654
Zimbabwe,ZWE,1999,1.069,53.55255,767.0834,20.958076
Zimbabwe,ZWE,2000,1.1595,44.6631,1069.7959,20.625963
Zimbabwe,ZWE,2001,1.1939001,42.27778,916.66693,21.118555
Zimbabwe,ZWE,2002,0.5391,35.70137,425.4422,21.728739
Zimbabwe,ZWE,2003,0.7953,40.008766,736.0059,21.543236
Zimbabwe,ZWE,2004,1.2059001,22.72421,798.76654,21.17048
Zimbabwe,ZWE,2005,0.6538,21.799488,593.3408,22.26074
Zimbabwe,ZWE,2006,0.93420005,32.356342,762.1772,21.294834
Zimbabwe,ZWE,2007,0.80670005,27.03525,869.6269,21.379065
Zimbabwe,ZWE,2008,0.3097,21.994118,737.5731,21.263685
Zimbabwe,ZWE,2009,0.45240003,28.77805,721.93396,21.02505
Zimbabwe,ZWE,2010,0.73340005,34.083,800.95514,21.806528
Zimbabwe,ZWE,2011,0.5874001,26.548334,708.9546,21.487856
Zimbabwe,ZWE,2012,0.69570005,18.008411,604.3239,21.789328
Zimbabwe,ZWE,2013,0.6685,25.304653,791.48505,21.59046
Zimbabwe,ZWE,2014,0.83140004,25.471788,883.9076,21.45415
Zimbabwe,ZWE,2015,0.5575,19.433355,542.05695,22.182604
Zimbabwe,ZWE,2016,0.43510002,32.239952,713.60077,22.346556
Zimbabwe,ZWE,2017,1.2033001,36.25067,975.70154,21.228876
Zimbabwe,ZWE,2018,1.2542,32.907753,692.6995,21.909628
Zimbabwe,ZWE,2019,0.7496,32.932423,608.3118,22.434418
Zimbabwe,ZWE,2020,1.1505,20.196915,814.14435,21.785585
Zimbabwe,ZWE,2021,1.5459001,36.86892,788.9817,21.573133
Zimbabwe,ZWE,2022,0.83080006,30.780697,774.3542,21.591951
Zimbabwe,ZWE,2023,1.0698001,26.213263,776.8504,22.349144
